,date,0,1,2,3,4,5,6,7,8,9,10,11,12,13,14,15,16,17,18,19,20,21,22,23,24,25,26,27,28,29,30,31,32,33,34,35,36,37,38,39,40,41
0,2013-01-01,,,,,,,,,,,,,,,,,,,,,,,,,,,,,,,,,,,,,,,,,,
1,2013-01-08,,,,,,,,,,,,,,,,,,,,,,,,,,,,,,,,,,,,,,,,,,
2,2013-01-15,,,,,,,,,,,,,,,,,,,,,,,,,,,,,,,,,,,,,,,,,,
3,2013-01-22,,,,,,,,,,,,,,,,,,,,,,,,,,,,,,,,,,,,,,,,,,
4,2013-01-29,,,,,,,,,,,,,,,,,,,,,,,,,,,,,,,,,,,,,,,,,,
5,2013-02-05,,,,,,,,,,,,,,,,,,,,,,,,,,,,,,,,,,,,,,,,,,
6,2013-02-12,,,,,,,,,,,,,,,,,,,,,,,,,,,,,,,,,,,,,,,,,,
7,2013-02-19,,,,,,,,,,,,,,,,,,,,,,,,,,,,,,,,,,,,,,,,,,
8,2013-02-26,,,,,,,,,,,,,,,,,,,,,,,,,,,,,,,,,,,,,,,,,,
9,2013-03-05,,,,,,,,,,,,,,,,,,,,,,,,,,,,,,,,,,,,,,,,,,
10,2013-03-12,,,,,,,,,,,,,,,,,,,,,,,,,,,,,,,,,,,,,,,,,,
11,2013-03-19,,,,,,,,,,,,,,,,,,,,,,,,,,,,,,,,,,,,,,,,,,
12,2013-03-26,0.14905055,0.10648976,0.08279095,0.034977607,0.088903174,0.21987686,,0.2992144,0.13751656,0.09171139,0.054262526,0.09940583,,,0.2368298,0.14263806,0.08103918,0.08378662,0.10129423,0.37874308,,0.23304304,0.14477913,0.13105366,0.11062174,0.10533515,0.18069434,,0.42972535,0.10984758,0.0950629,0.1792119,0.10843454,0.12243311,0.45712635,0.39820194,0.37617484,0.31873617,0.20468408,0.14474976,0.29683495,0.18090522
13,2013-04-02,,,,,,,,,,,,,,,,,,,,,,,,,,,,,,,,,,,,,,,,,,
14,2013-04-09,,,,,,,,,,,,,,,,,,,,,,,,,,,,,,,,,,,,,,,,,,
15,2013-04-16,0.06398576,0.06371559,0.06513416,0.06786533,0.065275475,0.064591795,,0.06273669,0.06368346,0.06553736,0.06743393,0.063464254,,,0.06307639,0.064970195,0.0651458,0.06423708,0.062496062,,,0.062488362,0.06462698,0.06308445,0.06396956,0.064289056,0.063207045,,,0.06306396,0.06448818,0.06510896,0.063995406,0.061801963,,,,0.064042464,0.062662624,0.061373495,0.06020344,0.059101947
16,2013-04-23,,,,,,,,,,,,,,,,,,,,,,,,,,,,,,,,,,,,,,,,,,
17,2013-04-30,,,,,,,,,,,,,,,,,,,,,,,,,,,,,,,,,,,,,,,,,,
18,2013-05-07,,,,,,,,,,,,,,,,,,,,,,,,,,,,,,,,,,,,,,,,,,
19,2013-05-14,,,,,,,,,,,,,,,,,,,,,,,,,,,,,,,,,,,,,,,,,,
20,2013-05-21,,,,,,,0.87637675,,,,,,0.8864216,0.8792877,,,,,,,0.87902373,,,,,,,0.8591869,,,,,,,,,,,,,,
21,2013-05-28,,,,,,,,,,,,,,,,,,,,,,,,,,,,,,,,,,,,,,,,,,
22,2013-06-04,,,,,,,,,,,,,,,,,,,,,,,,,,,,,,,,,,,,,,,,,,
23,2013-06-11,,,,,,,,,,,,,,,,,,,,,,,,,,,,,,,,,,,,,,,,,,
24,2013-06-18,0.89892066,0.9010432,0.9023981,0.90202594,0.9015655,0.90521896,0.9038842,0.8787972,0.86459047,0.86907285,0.90095794,0.9126035,0.91149795,0.9035834,0.82358706,0.8290736,0.8411654,0.8916417,0.90699714,0.9119675,0.9039757,0.80167025,0.8237851,0.83128065,0.84937704,0.86991006,0.8892426,0.88604754,0.7981476,0.81916237,0.8225978,0.817521,0.8200707,0.83377975,0.8266692,0.80912685,0.803585,0.82232326,0.82768565,0.817503,0.8156168,0.7892647
25,2013-06-25,0.89892066,0.9010432,0.9023981,0.90202594,0.9015655,0.90521896,0.9038842,0.8787972,0.86459047,0.86907285,0.90095794,0.9126035,0.91149795,0.9035834,0.82358706,0.8290736,0.8411654,0.8916417,0.90699714,0.9119675,0.9039757,0.80167025,0.8237851,0.83128065,0.84937704,0.86991006,0.8892426,0.88604754,0.7981476,0.81916237,0.8225978,0.817521,0.8200707,0.83377975,0.8266692,0.80912685,0.803585,0.82232326,0.82768565,0.817503,0.8156168,0.7892647
26,2013-07-02,,,,,,,,,,,,,,,,,,,,,,,,,,,,,,,,,,,,,,,,,,
27,2013-07-09,0.8772057,0.8835206,0.8716165,0.8700673,0.86656326,0.8739188,0.86876076,0.8647099,0.8494087,0.84354365,0.86967397,0.8791874,0.883899,0.8743664,0.81792414,0.8232318,0.83299285,0.8680609,0.88497096,0.88703895,0.8826282,0.8023813,0.8241838,0.82429856,0.8361443,0.8550212,0.87302756,0.8692557,0.80476093,0.8171743,0.8273191,0.8169995,0.8188588,0.8320409,0.8225216,0.8127064,0.8134014,0.8201717,0.8278408,0.8226682,0.8141683,0.8017484
28,2013-07-16,,,,,,,,,,,,,,,,,,,,,,,,,,,,,,,,,,,,,,,,,,
29,2013-07-23,0.8762693,0.8791051,0.8770105,0.8798043,0.8826363,0.88684356,0.8798352,0.84867746,0.83110106,0.83669156,0.87632334,0.89530355,0.8905887,0.8787159,0.803035,0.8057229,0.8160996,0.8682222,0.88797164,0.8916458,0.88425463,0.7876138,0.8015768,0.80982935,0.8252371,0.845635,0.86512184,0.86124843,0.79329985,0.8017719,0.80781484,0.7995977,0.80322933,0.8085112,0.8016444,0.8038728,0.7813362,0.79784983,0.802834,0.79532504,0.7953519,0.76844317
30,2013-07-30,,,,,,,,,,,,,,,,,,,,,,,,,,,,,,,,,,,,,,,,,,
31,2013-08-06,0.88399386,0.8822987,0.87863344,0.88655174,0.890682,0.8952173,0.8816227,0.85008365,0.8358895,0.84175426,0.87612295,0.8963722,0.8940744,0.8876534,0.802198,0.79812866,0.8191489,0.87288386,0.89110035,0.8907603,0.8857121,0.77215016,0.79630125,0.8063318,0.8216742,0.8371045,0.86239946,0.86494946,0.77903444,0.7893082,0.80344385,0.8006763,0.8012649,0.8156065,0.7966679,0.7924588,0.77659154,0.7859511,0.8012997,0.7971921,0.78776556,0.77261555
32,2013-08-13,,,,,,,,,,,,,,,,,,,,,,,,,,,,,,,,,,,,,,,,,,
33,2013-08-20,,,,,,,,,,,,,,,,,,,,,,,,,,,,,,,,,,,,,,,,,,
34,2013-08-27,0.8521192,,,0.8573169,0.86571586,0.86205065,0.86020213,0.83300704,0.8308889,0.84448004,,0.8799251,0.8744177,0.84907997,0.79714483,0.80787534,0.82024336,,0.88196653,0.87899613,0.8596569,0.79022914,0.7931796,0.8143753,0.8257901,0.8399286,0.8612504,0.84929544,0.79367715,0.7816406,0.80197406,0.79466546,0.8123262,0.8147509,0.80283356,0.8124559,0.79646784,0.8001927,0.81274205,0.8125394,0.80346304,0.79353267
35,2013-09-03,,,,,,,,,,,,,,,,,,,,,,,,,,,,,,,,,,,,,,,,,,
36,2013-09-10,,,,,,,,,,,,,,,,,,,,,,,,,,,,,,,,,,,,,,,,,,
37,2013-09-17,,,,,,,,,,,,,,,,,,,,,,,,,,,,,,,,,,,,,,,,,,
38,2013-09-24,,,,,,,,,,,,,,,,,,,,,,,,,,,,,,,,,,,,,,,,,,
39,2013-10-01,,,,,,,,,,,,,,,,,,,,,,,,,,,,,,,,,,,,,,,,,,
40,2013-10-08,0.037402034,0.037717625,0.035120685,0.036762558,0.038897574,0.0384543,0.03408463,0.0349074,0.03479351,0.032319482,,0.036450073,0.034820516,0.034509268,0.03370629,0.03064212,0.03073277,0.032381255,0.032227468,0.033355746,0.032912564,0.026168866,0.027717488,0.024458822,0.026147522,0.027519474,0.03059455,0.03107589,0.019665398,0.025658876,0.024825793,0.02597707,0.02190985,0.024516365,0.02647905,0.016463785,0.02103939,0.022304416,0.020394715,0.01762788,0.017978199,0.01787341
41,2013-10-15,0.037402034,0.037717625,0.035120685,0.036762558,0.038897574,0.0384543,0.03408463,0.0349074,0.03479351,0.032319482,0.031677794,0.036450073,0.034820516,0.034509268,0.03370629,0.03064212,0.03073277,0.032381255,0.032227468,0.033355746,0.032912564,0.026168866,0.027717488,0.024458822,0.026147522,0.027519474,0.03059455,0.03107589,0.019665398,0.025658876,0.024825793,0.02597707,0.02190985,0.024516365,0.02647905,0.016463785,0.02103939,0.022304416,0.020394715,0.01762788,0.017978199,0.01787341
42,2013-10-22,,,,,,,,,,,,,,,,,,,,,,,,,,,,,,,,,,,,,,,,,,
43,2013-10-29,,,,,,0.27633247,0.22967874,,,,,,0.3549416,0.2725591,,,,,,,0.34491256,,,,,0.33676422,0.31859294,0.28686675,,,,,0.2905501,0.257235,0.2502694,0.33667102,,,,0.31292966,0.26247308,0.2661265
44,2013-11-05,,,,,,,,,,,,,,,,,,,,,,,,,,,,,,,,,,,,,,,,,,
45,2013-11-12,,,,,,,,,,,,,,,,,,,,,,,,,,,,,,,,,,,,,,,,,,
46,2013-11-19,,,,,,,,,,,,,,,,,,,,,,,,,,,,,,,,,,,,,,,,,,
47,2013-11-26,,,,,,,,,,,,,,,,,,,,,,,,,,,,,,,,,,,,,,,,,,
48,2013-12-03,,,,,,,,,,,,,,,,,,,,,,,,,,,,,,,,,,,,,,,,,,
49,2013-12-10,,,,,,,,,,,,,,,,,,,,,,,,,,,,,,,,,,,,,,,,,,
50,2013-12-17,,,,,,,,,,,,,,,,,,,,,,,,,,,,,,,,,,,,,,,,,,
51,2013-12-24,,,,,,,,,,,,,,,,,,,,,,,,,,,,,,,,,,,,,,,,,,
52,2013-12-31,,,,,,,,,0.0007033018,0.0013692802,,,,,,,0.0022229403,,,,,,,,,,,,,,,,,,,,,,,,,
53,2014-01-07,,,,,,,,,,,,,,,,,,,,,,,,,,,,,,,,,,,,,,,,,,
54,2014-01-14,0.22974196,0.22430374,0.21271141,0.19524816,0.18748121,0.17257953,0.15769543,0.2285883,0.21110117,0.18934295,0.19012098,0.1838145,0.16753253,0.14634992,0.22237964,0.20681441,0.18408397,0.17442922,0.1844702,0.1606211,0.13759679,0.2109332,0.19241646,0.1822031,0.16852023,0.18330945,0.15524769,0.13784947,0.18547443,0.18139993,0.18324718,0.17661706,0.169716,0.15061916,0.14409931,0.17907666,0.18010679,0.17919101,0.17181863,0.16431983,0.15301841,0.15274912
55,2014-01-21,,,,,,,,,,,,,,,,,,,,,,,,,,,,,,,,,,,,,,,,,,
56,2014-01-28,0.29770106,0.2649621,0.16139811,0.12518218,0.12639435,0.11877611,0.11347233,0.14933501,0.13154745,0.09122847,0.078380644,0.075568445,0.08031262,0.09412184,0.072290346,0.06940618,0.059047963,0.054397203,0.052949145,0.04951022,0.048638593,0.0489511,0.044099666,0.040919464,0.04463577,0.040548056,0.033409692,0.03519168,0.044341978,0.038897015,0.032281723,0.034783803,0.030457713,0.02734552,0.02338423,0.03863804,0.03271486,0.026918927,0.026201326,0.024203865,0.021409066,0.016572528
57,2014-02-04,0.29770106,0.2649621,0.16139811,0.12518218,0.12639435,0.11877611,0.11347233,0.14933501,0.13154745,0.09122847,0.078380644,0.075568445,0.08031262,0.09412184,0.072290346,0.06940618,0.059047963,0.054397203,0.052949145,0.04951022,0.048638593,0.0489511,0.044099666,0.040919464,0.04463577,0.040548056,0.033409692,0.03519168,0.044341978,0.038897015,0.032281723,0.034783803,0.030457713,0.02734552,0.02338423,0.03863804,0.03271486,0.026918927,0.026201326,0.024203865,0.021409066,0.016572528
58,2014-02-11,,,,,,,,,,,,,,,,,,,,,,,,,,,,,,,,,,,,,,,,,,
59,2014-02-18,,,,,,,,,,,,,,,,,,,,,,,,,,,,,,,,,,,,,,,,,,
60,2014-02-25,,,,,,,,,,,,,,,,,,,,,,,,,,,,,,,,,,,,,,,,,,
61,2014-03-04,,,,,,,,,,,,,,,,,,,,,,,,,,,,,,,,,,,,,,,,,,
62,2014-03-11,,,,,,,,,,,,,,,,,,,,,,,,,,,,,,,,,,,,,,,,,,
63,2014-03-18,,,,,,,,,,,,,,,,,,,,,,,,,,,,,,,,,,,,,,,,,,
64,2014-03-25,,,,,,,,,,,,,,,,,,,,,,,,,,,,,,,,,,,,,,,,,,
65,2014-04-01,,,,,,,,,,,,,,,,,,,,,,,,,,,,,,,,,,,,,,,,,,
66,2014-04-08,0.03339762,0.02957515,0.023357276,0.020364894,0.016957767,0.020845167,0.027360834,0.026703315,0.031448312,0.024675881,0.019152716,0.017684327,0.017484924,0.020450411,0.00802143,0.026259724,0.020929828,0.017555894,0.015901916,0.012710978,0.01681467,0.0010655746,0.016656358,0.011084062,0.011506523,0.014432997,0.0064070043,0.008909419,,0.0011793018,0.0034947104,0.012676009,0.010936163,0.0037658918,0.0011134678,,,,0.0072627813,0.013725877,,
67,2014-04-15,,,,,,,,,,,,,,,,,,,,,,,,,,,,,,,,,,,,,,,,,,
68,2014-04-22,,,0.48137814,0.43692473,0.3931956,0.39053255,,,,,0.50932556,0.43889725,0.4314313,,,,,,0.4120837,0.3600479,0.45300823,,0.49034715,,0.47514537,0.3987243,0.38262823,0.44333687,,,,,0.40804896,0.4463658,0.44685996,,,0.4784261,,0.46763968,,
69,2014-04-29,,,,,,,,,,,,,,,,,,,,,,,,,,,,,,,,,,,,,,,,,,
70,2014-05-06,,,,,,,,,,,,,,,0.6475898,,,,,,,,,,,,,,,,,,,,,,,,,,,
71,2014-05-13,,,,,,,,,,,,,,,,,,,,,,,,,,,,,,,,,,,,,,,,,,
72,2014-05-20,0.39839485,0.3980719,0.45612884,0.42212597,0.2976093,0.24745509,0.22457644,0.40035772,0.327712,0.36786252,0.39730987,0.2811942,0.22806294,0.21818544,0.35663727,0.26322925,0.2660608,0.26782778,0.25496212,0.19223142,0.15478714,0.33988765,0.262747,0.23831174,0.25506932,0.21534996,0.1944115,0.15390472,0.32365978,0.32908526,0.24968031,0.18370482,0.15662377,0.13911061,0.117289424,0.2592893,0.24145699,0.19157885,0.13902721,0.11236151,0.09242029,
73,2014-05-27,0.39839485,0.3980719,0.45612884,0.42212597,0.2976093,0.24745509,0.22457644,0.40035772,0.327712,0.36786252,0.39730987,0.2811942,0.22806294,0.21818544,0.35663727,0.26322925,0.2660608,0.26782778,0.25496212,0.19223142,0.15478714,0.33988765,0.262747,0.23831174,0.25506932,0.21534996,0.1944115,0.15390472,0.32365978,0.32908526,0.24968031,0.18370482,0.15662377,0.13911061,0.117289424,0.2592893,0.24145699,0.19157885,0.13902721,0.11236151,,
74,2014-06-03,,,,,,,,,,,,,,,,,,,,,,,,,,,,,,,,,,,,,,,,,,
75,2014-06-10,,,,,,,,,,,,,,,,,,,,,,,,,,,,,,,,,,,,,,,,,,
76,2014-06-17,,,,,,,,,,,,,,,,,,,,,,,,,,,,,,,,,,,,,,,,,,
77,2014-06-24,,,,,,,,,,,,,,,,,,,,,,,,,,,,,,,,,,,,,,,,,,
78,2014-07-01,,,,,,,,,,,,,,,,,,,,,,,,,,,,,,,,,,,,,,,,,,
79,2014-07-08,,,,,,,,,,,,,,,,,,,,,,,,,,,,,,,,,,,,,,,,,,
80,2014-07-15,,,,,,,,,,,,,,,,,,,,,,,,,,,,,,,,,,,,,,,,,,
81,2014-07-22,,,,,,,,,,,,,,,,,,,,,,,,,,,,,,,,,,,,,,,,,,
82,2014-07-29,,,,,,,,,,,,,,,,,,,,,,,,,,,,,,,,,,,0.19466476,,,,,,,
83,2014-08-05,,,,,,,,,,,,,,,,,,,,,,,,,,,,,,,,,,,,,,,,,,
84,2014-08-12,,,,,,,,,,,,,,,,,,,,,,,,,,,,,,,,,,,,,,,,,,
85,2014-08-19,,,,,,,,,,,,,,,,,,,,,,,,,,,,,,,,,,,,,,,,,,
86,2014-08-26,0.6673011,0.7279875,0.6630002,0.66377157,0.6503767,0.5345366,0.5556877,0.45631108,0.5271718,0.4743692,0.41961125,0.45923296,0.40082884,0.37158188,0.42371622,0.47353086,0.37871498,0.35843128,0.33350432,0.2877052,0.27916327,0.47306484,0.5128737,0.3584291,0.35731912,0.37273228,0.3131993,0.3056115,0.45167884,0.47943836,0.44241133,0.42869434,0.3963944,0.3662811,0.37113598,0.43078333,0.5297281,0.5561511,0.50665814,0.47738445,0.4723508,0.46574712
87,2014-09-02,,,,,,,,,,,,,,,,,,,,,,,,,,,,,,,,,,,,,,,,,,
88,2014-09-09,,0.8670472,,0.86839354,0.86861485,,0.8625751,,,,,,,,,,,,,,,,,,,,,,,,,,,,,,,0.82068473,,0.83113676,0.8235193,
89,2014-09-16,0.86687577,0.8670472,0.8687359,0.86839354,0.86861485,,0.8625751,,,,,,,,,0.83732617,,,,,,0.82354534,0.84235626,,,,,,0.8230522,,,,0.83674264,,0.81878036,,0.8215822,0.82068473,,0.83113676,0.8235193,0.81937206
90,2014-09-23,,,,,,,,,,,,,,,,,,,,,,,,,,,,,,,,,,,,,,,,,,
91,2014-09-30,,,,,,,,,,,,,,,,,,,,,,,,,,,,,,,,,,,,,,,,,,
92,2014-10-07,,,,,,,,,,,,,,,,,,,,,,,,,,,,,,,,,,,,,,,,,,
93,2014-10-14,0.40735078,0.41786885,0.43399292,0.47085863,0.46194446,0.44829556,0.5411568,0.4176151,0.42010304,0.43008417,0.4786182,0.5074221,0.488189,0.5726743,0.43096316,0.42107663,0.45608056,0.5056881,0.55721605,0.53823876,0.5819623,0.48043743,0.4559531,0.45993432,0.48470408,0.5490333,0.54757684,0.5459839,0.50968486,0.4621555,0.44380823,0.4258349,0.53323853,0.48954892,0.4633958,0.46054724,0.43481067,0.3926215,0.39615145,0.50040424,0.5044961,0.46157902
94,2014-10-21,,,,,,,,,,,,,,,,,,,,,,,,,,,,,,,,,,,,,,,,,,
95,2014-10-28,,,,,,,,,,,,,,,,,,,,,,,,,,,,,,,,,,,,,,,,,,
96,2014-11-04,,,,,,,,,,,,,,,,,,,,,,,,,,,,,,,,,,,,,,,,,,
97,2014-11-11,,,,,,,,,,,,,,,,,,,,,,,,,,,,,,,,,,,,,,,,,,
98,2014-11-18,,,,,,,,,,,,,,,,,,,,,,,,,,,,,,,,,,,,,,,,,,
99,2014-11-25,,,,,,,,,,,,,,,,,,,,,,,,,,,,,,,,,,,,,,,,,,
100,2014-12-02,,,,,,,,,,,,,,,,,,,,,,,,,,,,,,,,,,,,,,,,,,
101,2014-12-09,,,,,,,,,,,,,,,,,,,,,,,,,,,,,,,,,,,,,,,,,,
102,2014-12-16,,,,,,0.062314816,,,,,,,,,,,,,,,0.08189321,0.3366155,0.21510002,,,,0.09524733,0.117496714,0.22274494,0.20212479,,,,,0.09821069,,0.1350633,0.12323301,,,,0.10097186
103,2014-12-23,,,,,,,,,,,,,,,,,,,,,,,,,,,,,,,,,,,,,,,,,,
104,2014-12-30,,,,,,,,,,,,,,,,,,,,,,,,,,,,,,,,,,,,,,,,,,
105,2015-01-06,,,,,,,,,,,,,,,,,,,,,,,,,,,,,,,,,,,,,,,,,,
106,2015-01-13,,,,,,,,,,,,,,,,,,,,,,,,,,,,,,,,,,,,,,,,,,
107,2015-01-20,,,,,,,,,,,,,,,,,,,,,,,,,,,,,,,,,,,,,,,,,,
108,2015-01-27,,,,,,,,,,,,,,,,,,,,,,,,,,,,,,,,,,,,,,,,,,
109,2015-02-03,,,,,,,,,,,,,,,,,,,,,,,,,,,,,,,,,,,,,,,,,,
110,2015-02-10,,,,,,,,,,,,,,,,,,,,,,,,,,,,,,,,,,,,,,,,,,
111,2015-02-17,,,,,,,,,,,,,,,,,,,,,,,,,,,,,,,,,,,,,,,,,,
112,2015-02-24,,,,,,,,,,,,,,,,,,,,,,,,,,,,,,,,,,,,,,,,,,
113,2015-03-03,,,,,,,,,,,,,,,,,,,,,,,,,,,,,,,,,,,,,,,,,,
114,2015-03-10,0.14984478,0.16179663,0.15563887,0.1409831,0.14213434,0.13707076,0.1332613,0.14253172,0.15012725,0.13900888,0.1286958,0.13241856,0.12759984,0.12576972,0.13796724,0.14470531,0.1380387,0.13094531,0.12886576,0.12763636,0.12081356,0.14353155,0.14209582,0.14156921,0.13211517,0.13058902,0.1299008,0.12309937,0.14523914,0.14390065,0.14253841,0.13405907,0.1352474,0.1365905,0.13416427,0.15011108,0.14811039,0.13883358,0.13574387,0.14173235,0.14687715,0.14959504
115,2015-03-17,,,,,,,,,,,,,,,,,,,,,,,,,,,,,,,,,,,,,,,,,,
116,2015-03-24,,,,,,,,,,,,,,,,,,,,,,,,,,,,,,,,,,,,,,,,,,
117,2015-03-31,,,,,,,,,,,,,,,,,,,,,,,,,,,,,,,,,,,,,,,,,,
118,2015-04-07,,,,,,,,,,,,,,,,,,,,,,,,,,,,,,,,,,,,,,,,,,
119,2015-04-14,,,,,,,,,,,,,,,,,,,,,,,,,,,,,,,,,,,,,,,,,,
120,2015-04-21,,,,,,,,,,,,,,,,,,,,,,,,,,,,,,,,,,,,,,,,,,
121,2015-04-28,,,,,,,,,,,,,,,,,,,,,,,,,,,,,,,,,,,,,,,,,,
122,2015-05-05,,,,,,,,,,,,,,,,,,,,,,,,,,,,,,,,,,,,,,,,,,
123,2015-05-12,0.40943402,0.40994617,0.41467008,0.42979684,0.44078705,0.45230237,0.45460057,0.4133193,0.41400737,0.4219985,0.439297,0.4534782,0.46322027,0.46200916,0.42034057,0.4221803,0.43228504,0.44687214,0.46116394,0.4650087,0.46036357,0.4296217,0.4301764,0.43282476,0.4419523,0.4516491,0.4603488,0.45790288,0.43243387,0.43404782,0.43460622,0.43473995,0.4409516,0.44761196,0.44916365,0.43581292,0.4377192,0.4397688,0.43332618,0.43597588,0.4396005,0.43839526
124,2015-05-19,,,,,,,,,,,,,,,,,,,,,,,,,,,,,,,,,,,,,,,,,,
125,2015-05-26,,,,,,,,,,,,,,,,,,,,,,,,,,,,,,,,,,,,,,,,,,
126,2015-06-02,,,,,,,,,,,,,,,,,,,,,,,,,,,,,,,,,,,,,,,,,,
127,2015-06-09,,,,,,,,,,,,,,,,,,,,,,,,,,,,,,,,,,,,,,,,,,
128,2015-06-16,,,,,,,,,,,,,,,,,,,,,,,,,,,,,,,,,,,,,,,,,,
129,2015-06-23,,,,,,,,,,,,,,,,,,,,,,,,,,,,,,,,,,,,,,,,,,
130,2015-06-30,0.89819795,0.8942735,0.89598215,0.9017893,0.9009312,0.90654826,0.9037633,0.8665186,0.86074364,0.8668659,0.8961219,0.908729,0.91004133,0.90259314,0.8260694,0.8281598,0.84735423,0.89210266,0.9038735,0.9048088,0.9020561,0.8078674,0.8317769,0.82810354,0.84735614,0.86114347,0.8854987,0.88,0.81231415,0.825083,0.8345296,0.83375895,0.82986945,0.83389205,0.82298964,0.81875205,0.80932,0.8215931,0.83195454,0.826205,0.8165029,0.8046994
131,2015-07-07,,,,,,,,,,,,,,,,,,,,,,,,,,,,,,,,,,,,,,,,,,
132,2015-07-14,0.8816034,0.8760337,0.88127583,0.8842262,0.88446605,0.88874894,0.881779,0.8565764,0.8465761,0.8428181,0.880645,0.89329165,0.8895641,0.8796555,0.8128763,0.8122116,0.82563335,0.87236345,0.88821787,0.8884694,0.88204706,0.80146956,0.8171176,0.82122487,0.8273315,0.8533467,0.871357,0.86299914,0.8095002,0.816764,0.8241709,0.82081735,0.81756264,0.8200047,0.80996996,0.8112073,0.79450274,0.81210667,0.8145265,0.8134235,0.8048247,0.7892042
133,2015-07-21,,,,,,,,,,,,,,,,,,,,,,,,,,,,,,,,,,,,,,,,,,
134,2015-07-28,,,,,,,,,,,,,,,,,,,,,,,,,,,,,,,,,,,,,,,,,,
135,2015-08-04,,,,,,,,,,,,,,,,,,,,,,,,,,,,,,,,,,,,,,,,,,
136,2015-08-11,0.890373,0.8883657,0.88720715,0.89050007,0.89828634,0.9031341,0.8994396,0.8620341,0.8527022,0.8647897,0.88836676,0.9008592,0.9041888,0.89984035,0.8216772,0.82538694,0.8406939,0.8896251,0.8985468,0.8995037,0.8893943,0.8031843,0.8214232,0.82644826,0.849717,0.8533448,0.8741335,0.8769145,0.80392087,0.8114658,0.8191552,0.8206472,0.8262269,0.83135265,0.8264056,0.80767965,0.7969038,0.8112972,0.8213107,0.82012993,0.8102513,0.7957371
137,2015-08-18,0.890373,0.8883657,0.88720715,0.89050007,0.89828634,0.9031341,0.8994396,0.8620341,0.8527022,0.8647897,0.88836676,0.9008592,0.9041888,0.89984035,0.8216772,0.82538694,0.8406939,0.8896251,0.8985468,0.8995037,0.8893943,0.8031843,0.8214232,0.82644826,0.849717,0.8533448,0.8741335,0.8769145,0.80392087,0.8114658,0.8191552,0.8206472,0.8262269,0.83135265,0.8264056,0.80767965,0.7969038,0.8112972,0.8213107,0.82012993,0.8102513,0.7957371
138,2015-08-25,,,,,,,,,,,,,,,,,,,,,,,,,,,,,,,,,,,,,,,,,,
139,2015-09-01,0.81661004,0.82296455,0.8181262,0.8156495,0.8185966,0.8203606,0.80758816,0.7995694,0.7948033,0.7939631,0.8103184,0.81752354,0.81589586,0.80159676,0.7537313,0.7657809,0.771713,0.8114051,0.8229695,0.8234843,0.8113968,0.7350978,0.7540285,0.76369405,0.79040587,0.8044586,0.81617457,0.81076807,0.7353354,0.7406492,0.7582609,0.77293086,0.79531187,0.7909279,0.78283596,0.7442317,0.730997,0.7552904,0.7788672,0.7986378,0.7816982,0.76483256
140,2015-09-08,,,,,,,,,,,,,,,,,,,,,,,,,,,,,,,,,,,,,,,,,,
141,2015-09-15,0.85585105,0.8518241,0.8560255,0.85742193,0.8639744,0.8657015,0.85593015,0.8403776,0.8288821,0.8237025,0.8496493,0.8670732,0.8687455,0.8535487,0.80830467,0.8089407,0.81501454,0.84429425,0.8561108,0.86101377,0.852911,0.7909106,0.80645967,0.8118928,0.817864,0.8360477,0.84631574,0.83845425,0.7883182,0.79658943,0.8065741,0.8099355,0.80344075,0.80612874,0.79696774,0.79214984,0.7852718,0.79213816,0.8008318,0.8035357,0.8005098,0.7919141
142,2015-09-22,,,,,,,,,,,,,,,,,,,,,,,,,,,,,,,,,,,,,,,,,,
143,2015-09-29,,,,,,,,,,,,,,,,,,,,,,,,,,,,,,,,,,,,,,,,,,
144,2015-10-06,,,,,,,,,,,,,,,,,,,,,,,,,,,,,,,,,,,,,,,,,,
145,2015-10-13,,,,,,,,,,,,,,,,,,,,,,,,,,,,,,,,,,,,,,,,,,
146,2015-10-20,0.6296071,0.63633925,0.65567875,0.6651647,0.6769614,0.66957855,0.6088604,0.635558,0.6348957,0.6333069,0.64627445,0.65945756,0.6471587,0.6063612,0.61252546,0.6258951,0.63018954,0.65527296,0.6517563,0.6530746,0.6521913,0.6067503,0.62803966,0.62994593,0.6459447,0.63776165,0.6777593,0.67734617,0.62229115,0.6349973,0.63820565,0.6459946,0.64235663,0.65850604,0.6601526,0.6421482,0.6367617,0.6343452,0.6378457,0.64850736,0.656849,0.6600388
147,2015-10-27,,,,,,,,,,,,,,,,,,,,,,,,,,,,,,,,,,,,,,,,,,
148,2015-11-03,0.7444907,0.7271889,0.7218618,0.74077034,0.75830024,0.7243994,0.7108028,0.76957333,0.78211844,0.7439635,0.7198241,0.7151381,0.7149749,0.71046066,0.8201054,0.83269167,0.7942006,0.7543047,0.7423805,0.7585279,0.7514838,0.81231207,0.81965786,0.8153601,0.7911805,0.77659905,0.7731887,0.7764216,0.7937144,0.79789394,0.7888908,0.79607487,0.79624885,0.79189384,0.7612996,0.7871629,0.7789495,0.75443894,0.71709925,0.8169468,0.8067565,0.8077044
149,2015-11-10,,,,,,,,,,,,,,,,,,,,,,,,,,,,,,,,,,,,,,,,,,
150,2015-11-17,0.80828923,0.8352433,0.8057762,0.7747506,,,,0.77180505,0.8051081,0.77184147,0.71581393,,,,0.85564774,0.87676907,0.8460349,0.7446907,,,,0.8492288,0.8613357,0.8646926,0.83334017,0.79974616,0.6866947,0.5910495,0.83843446,0.8313445,0.8304659,0.8129874,0.7875497,0.59868985,0.5442619,0.82865983,0.84687203,0.83037525,0.813632,0.71010077,0.5881838,0.5533406
151,2015-11-24,,,,,,,,,,,,,,,,,,,,,,,,,,,,,,,,,,,,,,,,,,
152,2015-12-01,0.6140614,0.6109705,0.59058934,0.58745867,0.62424195,0.70149755,0.8104866,0.7564677,0.83949643,0.756855,0.6403093,0.68487424,0.83754766,0.87458414,0.86990714,0.9011185,0.8704792,0.70022494,0.6547306,0.77398264,0.78288853,0.88019145,0.89347094,0.86279184,0.78579074,0.7337287,0.73106194,0.7067011,0.86456716,0.8541593,0.84137136,0.84960014,0.8413711,0.83644545,0.83499163,0.845226,0.8477018,0.8128442,0.79645115,0.88203067,0.8857237,0.88125616
153,2015-12-08,0.6140614,0.6109705,0.59058934,0.58745867,0.62424195,0.70149755,0.8104866,0.7564677,0.83949643,0.756855,0.6403093,0.68487424,0.83754766,0.87458414,0.86990714,0.9011185,0.8704792,0.70022494,0.6547306,0.77398264,0.78288853,0.88019145,0.89347094,0.86279184,0.78579074,0.7337287,0.73106194,0.7067011,0.86456716,0.8541593,0.84137136,0.84960014,0.8413711,0.83644545,0.83499163,0.845226,0.8477018,0.8128442,0.79645115,0.88203067,0.8857237,0.88125616
154,2015-12-15,,,,,,,,,,,,,,,,,,,,,,,,,,,,,,,,,,,,,,,,,,
155,2015-12-22,0.54030704,0.53808665,0.54291534,0.54729694,0.5306439,0.5633099,0.6019326,0.741854,0.7455914,0.73839283,0.58481014,0.5827844,0.6482737,0.621076,0.85172576,0.8569942,0.81862634,0.662543,0.59186476,0.58169705,0.5757879,0.8312846,0.85619026,0.83929974,0.7900835,0.7172322,0.638537,0.60882276,0.80586886,0.8244852,0.81665474,0.850539,0.8164036,0.7646452,0.7441801,0.7856615,0.8008019,0.77750105,0.7860794,0.8215378,0.8237745,0.8201337
156,2015-12-29,,,,,,,,,,,,,,,,,,,,,,,,,,,,,,,,,,,,,,,,,,
157,2016-01-05,,,,,,,,,,,,,,,,,,,,,,,,,,,,,,,,,,,,,,,,,,
158,2016-01-12,,,,,,,,,,,,,,,,,,,,,,,,,,,,,,,,,,,,,,,,,,
159,2016-01-19,,,,,,,,,,,,,,,,,,,,,,,,,,,,,,,,,,,,,,,,,,
160,2016-01-26,,,,,,,,,,,,,,,,,,,,,,,,,,,,,,,,,,,,,,,,,,
161,2016-02-02,,,,,,,,,,,,,,,,,,,,,,,,,,,,,,,,,,,,,,,,,,
162,2016-02-09,0.02483792,0.037175316,0.03341797,0.02839451,0.018472714,0.014398002,0.012108644,0.035660453,0.04982349,0.04328406,0.03160119,0.026751986,0.015813924,0.003810545,0.050082546,0.060811907,0.039607618,0.013017111,0.0031053512,0.009756888,0.0023041926,0.05258562,0.03613894,0.030758115,0.016823076,0.008700426,0.013217095,0.011726562,0.04114063,0.03458304,0.037546754,0.026729565,0.01724116,0.018964663,0.019709712,0.036823846,0.036339458,0.034330077,0.036125258,0.030542914,0.02389101,0.024109423
163,2016-02-16,,,,,,,,,,,,,,,,,,,,,,,,,,,,,,,,,,,,,,,,,,
164,2016-02-23,0.004032206,0.005580274,0.0067823473,0.009034516,0.012510299,0.01405618,0.013136244,0.0046982286,,0.0069977497,0.008223124,0.01064684,0.010777403,0.009555197,,,,0.008250598,0.008829774,0.01025179,0.008595601,,,,0.008751718,0.008194971,0.0073901024,0.0074642734,,,,0.00835758,0.0068036565,0.0070743496,0.0071569304,0.003748387,,0.0067575467,0.0053001186,0.0053210272,0.006520599,0.0055847308
165,2016-03-01,,,,,,,,,,,,,,,,,,,,,,,,,,,,,,,,,,,,,,,,,,
166,2016-03-08,,,,,,,,,,,,,,,,,,,,,,,,,,,,,,,,,,,,,,,,,,
167,2016-03-15,,,,,,,,,,,,,,,,,,,,,,,,,,,,,,,,,,,,,,,,,,
168,2016-03-22,0.48692113,0.4937428,0.4744501,0.45412803,0.45302707,0.49343163,0.51083595,0.52110654,0.5701593,0.52584785,0.4649705,0.46052986,0.48404384,0.48671958,0.5647835,0.587744,0.54797834,0.44654155,0.44977203,0.4703792,0.47414613,0.5457945,0.5571308,0.53672534,0.48287427,0.46927595,0.4722507,0.48061582,0.5235957,0.51974213,0.5170242,0.51028055,0.48629734,0.4845106,0.4823358,0.5180012,0.5231242,0.5052249,0.49588597,0.48128167,0.4625328,0.48993188
169,2016-03-29,0.48692113,0.4937428,0.4744501,0.45412803,0.45302707,0.49343163,0.51083595,0.52110654,0.5701593,0.52584785,0.4649705,0.46052986,0.48404384,0.48671958,0.5647835,0.587744,0.54797834,0.44654155,0.44977203,0.4703792,0.47414613,0.5457945,0.5571308,0.53672534,0.48287427,0.46927595,0.4722507,0.48061582,0.5235957,0.51974213,0.5170242,0.51028055,0.48629734,0.4845106,0.4823358,0.5180012,0.5231242,0.5052249,0.49588597,0.48128167,0.4625328,0.48993188
170,2016-04-05,,,,,,,,,,,,,,,,,,,,,,,,,,,,,,,,,,,,,,,,,,
171,2016-04-12,0.50111693,0.52949506,0.52165365,0.5182618,0.51864725,0.5330669,0.5223496,0.47939122,0.5461172,0.53346324,0.5343503,0.56118786,0.56653357,0.53107,0.50872463,0.5683555,0.55806774,0.5209197,0.54767644,0.54813194,0.5260452,0.51793194,0.5526863,0.5726318,0.50950736,0.48050588,0.48611668,0.5092181,0.47171003,0.49452597,0.536219,0.51630086,0.46234387,0.46931005,0.48778972,0.4809591,0.5040935,0.52145135,0.50681674,0.45143515,0.46824053,0.4749144
172,2016-04-19,,,,,,,,,,,,,,,,,,,,,,,,,,,,,,,,,,,,,,,,,,
173,2016-04-26,0.7886106,0.79121274,0.7887114,0.7921164,0.79063624,0.77845204,0.78090835,0.72180176,0.71547407,0.7325824,0.76423097,0.78447634,0.7829949,0.7820804,0.65871954,0.65890974,0.67974377,0.6788061,0.72995496,0.783886,0.7848297,0.6349778,0.64099723,0.6375997,0.635497,0.7035887,0.77757543,0.7823218,0.6399697,0.6427127,0.6314524,0.6495931,0.7053098,0.7640078,0.743811,0.64184517,0.63853526,0.6313486,0.6459348,0.6949234,0.76134956,0.7212541
174,2016-05-03,,,,,,,,,,,,,,,,,,,,,,,,,,,,,,,,,,,,,,,,,,
175,2016-05-10,0.89523244,0.8932038,0.89557064,0.8955667,0.8942697,0.8873126,0.8858411,0.87257296,0.86773604,0.87238073,0.88057584,0.8937683,0.88830096,0.8875089,0.83020705,0.8333374,0.84670526,0.734526,0.8283989,0.8874349,0.8923004,0.8128279,0.8308302,0.8266873,0.7729769,0.80011296,0.879523,0.8836381,0.8067557,0.8215152,0.82969445,0.8266151,0.8283918,0.8412948,0.836542,0.8063993,0.8089647,0.8189445,0.82534516,0.8244187,0.81634533,0.80787116
176,2016-05-17,,,,,,,,,,,,,,,,,,,,,,,,,,,,,,,,,,,,,,,,,,
177,2016-05-24,,,,,,,,,,,,,,,,,,,,,,,,,,,,,,,,,,,,,,,,,,
178,2016-05-31,0.5368579,0.7946349,0.80635554,0.81951326,0.839312,0.7829738,0.7214384,0.6377473,0.91911906,0.752688,0.7069859,0.75483763,0.7654823,0.7645491,0.72439474,0.69712913,0.6624174,0.67248863,0.7735129,0.87001777,0.8135008,0.55461514,0.59003097,0.55843973,0.6108392,0.67013127,0.76706153,0.6940392,0.4108042,0.4780137,0.49160963,0.5827375,0.55368197,0.6680927,0.6376242,0.44318986,0.50301456,0.5373728,0.5821335,0.57010156,0.559444,0.5564276
179,2016-06-07,,,,,,,,,,,,,,,,,,,,,,,,,,,,,,,,,,,,,,,,,,
180,2016-06-14,0.73456067,0.7508742,0.7798057,0.7568958,0.73228395,0.72612774,0.75391763,0.74781996,0.7485107,0.75713885,0.75650984,0.7711098,0.7767639,0.7849722,0.65765995,0.6606955,0.6700561,0.65683466,0.71871954,0.78090477,0.7723891,0.60615546,0.6104323,0.6195492,0.6427249,0.68897796,0.7731268,0.7407325,0.5764771,0.58369946,0.5908263,0.62486243,0.6748785,0.7378908,0.6935961,0.57845396,0.58149886,0.58520055,0.60886943,0.63782203,0.66852695,0.64330506
181,2016-06-21,,,,,,,,,,,,,,,,,,,,,,,,,,,,,,,,,,,,,,,,,,
182,2016-06-28,0.890387,0.8880018,0.88922155,0.89410776,0.8964981,0.89214045,0.88489634,0.85767764,0.852439,0.8617377,0.87420183,0.8925552,0.89004177,0.8849971,0.8246691,0.82563055,0.83601665,0.72833693,0.8274718,0.88904595,0.88625336,0.8099256,0.8215061,0.8180554,0.77057856,0.80416876,0.8739962,0.8782481,0.81622833,0.8183255,0.8253992,0.8227623,0.82231015,0.8333229,0.8281038,0.81852585,0.8098496,0.81782085,0.82520014,0.817721,0.80914474,0.79749435
183,2016-07-05,,,,,,,,,,,,,,,,,,,,,,,,,,,,,,,,,,,,,,,,,,
184,2016-07-12,0.8969338,0.8957028,0.8991723,0.9045494,0.90713674,0.90316594,0.8992306,0.8625806,0.85860234,0.86427754,0.8791913,0.9019522,0.902343,0.8980004,0.8204572,0.8251023,0.83891094,0.7390789,0.8391956,0.89627993,0.90131545,0.8076601,0.824815,0.82372135,0.77548116,0.8023428,0.88473064,0.8831779,0.81599486,0.82194054,0.8318481,0.83069813,0.82683647,0.8334134,0.8272171,0.8206799,0.811853,0.82323605,0.83284277,0.82416636,0.81469613,0.80150336
185,2016-07-19,0.8969338,0.8957028,0.8991723,0.9045494,0.90713674,0.90316594,0.8992306,0.8625806,0.85860234,0.86427754,0.8791913,0.9019522,0.902343,0.8980004,0.8204572,0.8251023,0.83891094,0.7390789,0.8391956,0.89627993,0.90131545,0.8076601,0.824815,0.82372135,0.77548116,0.8023428,0.88473064,0.8831779,0.81599486,0.82194054,0.8318481,0.83069813,0.82683647,0.8334134,0.8272171,0.8206799,0.811853,0.82323605,0.83284277,0.82416636,0.81469613,0.80150336
186,2016-07-26,,,,,,,,,,,,,,,,,,,,,,,,,,,,,,,,,,,,,,,,,,
187,2016-08-02,,,,,,,0.9047753,0.8704248,0.85615927,0.86657566,0.8770741,0.9021514,0.9067136,0.90548,0.8287671,0.83447015,0.83643234,0.7851561,0.8558761,0.90262735,0.90567744,0.818024,0.82814384,0.8161281,0.7634739,0.8005223,0.8826721,0.8829008,0.8179928,0.8234214,0.82849336,0.8278445,0.8264651,0.833481,0.8326003,0.8171585,0.8088497,0.82413363,0.8315331,0.8248868,0.8200829,0.8003161
188,2016-08-09,,,,,,,,,,,,,,,,,,,,,,,,,,,,,,,,,,,,,,,,,,
189,2016-08-16,,,,0.3323375,,0.36739022,0.5429523,,,0.35038558,0.46131897,0.45457745,0.5669189,0.7140608,,0.33450443,0.45388597,0.3830698,0.5824829,0.73473364,0.7439698,0.53152126,0.59768814,0.65750456,0.511571,0.66334224,0.7654995,0.7627175,0.80146974,0.7659408,0.7980373,0.79286015,0.78253347,0.787085,0.79731137,0.8369395,0.8122897,0.78196853,0.80546314,0.7861468,0.735275,0.7648536
190,2016-08-23,,,,,,,,,,,,,,,,,,,,,,,,,,,,,,,,,,,,,,,,,,
191,2016-08-30,,,,,,,0.63614494,,,,,,0.66128176,0.6171604,,,,,0.6313005,0.6270539,0.61828345,,,,,0.6195527,0.5917797,0.5818678,,,0.6791098,0.61774725,0.5920908,0.56017923,0.55412865,,0.7613266,0.63003784,0.54103804,0.5509223,0.54010653,0.53393203
192,2016-09-06,,,,,,,,,,,,,,,,,,,,,,,,,,,,,,,,,,,,,,,,,,
193,2016-09-13,,,,,,,,,,,,,,,,,,,,,,,,,,,,,,,,,,,,,,,,,,
194,2016-09-20,,,,,,,,,,,,,,,,,,,,,,,,,,,,,,,,,,,,,,,,,,
195,2016-09-27,,,,,,,,,,,,,,,,,,,,,,,,,,,,,,,,,,,,,,,,,,
196,2016-10-04,,,,,,,,,,,,,,,,,,,,,,,,,,,,,,,,,,,,,,,,,,
197,2016-10-11,,,,,,,,,,,,,,,,,,,,,,,,,,,,,,,,,,,,,,,,,,
198,2016-10-18,,,,,,,,,,,,,,,,,,,,,,,,,,,,,,,,,,,,,,,,,,0.4491526
199,2016-10-25,,,,,,,,,,,,,,,,,,,,,,,,,,,,,,,,,,,,,,,,,,
200,2016-11-01,,,,,,,,,,,,,,,,,,,,,,,,,,,,,,,,,,,,,,,,,,
201,2016-11-08,,,,,,,,,,,,,,,,,,,,,,,,,,,,,,,,,,,,,,,,,,
202,2016-11-15,,,,,,,,,,,,,,,,,,,,,,,,,,,,,,,,,,,,,,,,,,
203,2016-11-22,0.39594102,0.37706,0.38271064,0.3877224,0.3874683,0.38072327,0.36969146,0.4305608,0.41750845,0.40730295,0.3954345,0.3917138,0.38988698,0.3641247,0.48640683,0.4812145,0.45489627,0.4229541,0.4118633,0.3942781,0.36153936,0.5142674,0.5228038,0.51182485,0.47304586,0.45989627,0.42883703,0.39885524,0.51834774,0.52261233,0.52261096,0.49778765,0.49847937,0.47112703,0.43939933,0.5088656,0.5047003,0.5058926,0.507547,0.5184289,0.5075183,0.48142073
204,2016-11-29,,,,,,,,,,,,,,,,,,,,,,,,,,,,,,,,,,,,,,,,,,
205,2016-12-06,,,,,,,,,,,,,,,,,,,,,,,,,,,,,,,,,,,,,,,,,,
206,2016-12-13,,,,,,,,,,,,,,,,,,,,,,,,,,,,,,,,,,,,,,,,,,
207,2016-12-20,,,,,,,,,,,,,,,,,,,,,0.53736556,,,,,,,0.595127,,,,,,,,,,,,,,
208,2016-12-27,,,,,,,,,,,,,,,,,,,,,,,,,,,,,,,,,,,,,,,,,,
209,2017-01-03,,,,,,,,,,,,,,,,,,,,,,,,,,,,,,,,,,,,,,,,,,
210,2017-01-10,,,,,,,,,,,,,,,,,,,,,,,,,,,,,,,,,,,,,,,,,,
211,2017-01-17,,,,,,,,,,,,,,,,,,,,,,,,,,,,,,,,,,,,,,,,,,
212,2017-01-24,0.32003886,0.24131924,0.27161154,0.28224567,0.24384537,0.26350087,0.27250966,0.5709617,0.4625908,0.45381615,0.25543565,0.26572922,0.3110236,0.31756288,,,,0.26463297,0.25344244,0.42426813,,,,,0.48809487,0.39685208,,,,,,,,,,,,,,,,
213,2017-01-31,,,,,,,,,,,,,,,,,,,,,,,,,,,,,,,,,,,,,,,,,,
214,2017-02-07,,,,,1.7719429e-05,0.005391162,0.009767059,,,,,0.0014837035,0.005739239,0.006832839,,,,0.0022745635,0.004314144,0.0077096433,0.01093935,,,,,,,,,,,,,,,,,,,,,
215,2017-02-14,,,,,,,,,,,,,,,,,,,,,,,,,,,,,,,,,,,,,,,,,,
216,2017-02-21,0.23535423,0.23114356,0.24767764,0.27135718,0.2592632,0.23424038,0.22345848,0.2615433,0.26030555,0.26153898,0.2557352,0.24212724,0.23929588,0.21702278,0.3004368,0.2841,0.28605795,0.25893956,0.25949356,0.25271064,0.23610102,0.34209532,0.33434218,0.33929482,0.30374458,0.28862447,0.26216242,0.24374962,0.35608965,0.37359542,0.37774402,0.37399578,0.36353338,0.31822506,0.27420425,0.35977775,0.39366332,0.38837624,0.39125755,0.4120776,0.35458547,0.33064586
217,2017-02-28,0.23535423,0.23114356,0.24767764,0.27135718,0.2592632,0.23424038,0.22345848,0.2615433,0.26030555,0.26153898,0.2557352,0.24212724,0.23929588,0.21702278,0.3004368,0.2841,0.28605795,0.25893956,0.25949356,0.25271064,0.23610102,0.34209532,0.33434218,0.33929482,0.30374458,0.28862447,0.26216242,0.24374962,0.35608965,0.37359542,0.37774402,0.37399578,0.36353338,0.31822506,0.27420425,0.35977775,0.39366332,0.38837624,0.39125755,0.4120776,0.35458547,0.33064586
218,2017-03-07,,,,,,,,,,,,,,,,,,,,,,,,,,,,,,,,,,,,,,,,,,
219,2017-03-14,0.5279585,0.50346094,0.5281045,0.5102738,0.5329519,0.574746,0.54390377,0.6538582,0.6724779,0.6171645,0.49637693,0.5198064,0.56168556,0.5234808,0.7436941,,0.6906076,0.5024607,0.52354175,0.55146796,0.5484184,0.72392946,0.73261684,0.7350876,0.670445,0.63372517,0.590102,0.5939008,0.7113687,0.70155054,0.6998803,0.6968857,0.70497954,0.6878889,0.6776052,0.69901127,0.6919475,0.6653299,0.6446666,0.72212124,0.72413146,0.7207154
220,2017-03-21,,,,,,,,,,,,,,,,,,,,,,,,,,,,,,,,,,,,,,,,,,
221,2017-03-28,0.42423537,0.41756365,0.42151403,0.429054,0.43594357,0.4488733,0.45137423,0.42857593,0.42717108,0.43201104,0.40386766,0.43524715,0.4416929,0.42581257,0.44181204,0.4520548,0.43648785,0.39410454,0.4182757,0.42535853,0.4196767,0.43647295,0.44162285,0.44008172,0.429074,0.4198527,0.42128333,0.42441303,0.42595315,0.42650914,0.43269596,0.43838167,0.43822262,0.43749005,0.43940085,0.4270629,0.42609802,0.42036337,0.41819933,0.44216445,0.44428125,0.4495739
222,2017-04-04,,,,,,,,,,,,,,,,,,,,,,,,,,,,,,,,,,,,,,,,,,
223,2017-04-11,,,,,0.82024616,0.8313413,0.8269529,0.84381807,0.8418739,0.8272608,0.7586975,0.8049412,0.8435222,,0.8172346,0.8296439,0.8055971,0.68409616,,,0.8500714,0.8075469,0.82382905,0.81944674,0.7580137,0.79531944,0.84144455,0.84629977,0.79999655,0.8063005,0.8140336,0.8189657,0.8046051,0.79697967,0.8029348,0.8052756,0.8105125,0.8259083,0.8288247,0.82076114,0.7977053,0.7844179
224,2017-04-18,,,,,,,,,,,,,,,,,,,,,,,,,,,,,,,,,,,,,,,,,,
225,2017-04-25,,,,,,,,,,,,,,,,,,,,,,,,,,,,,,,,,,,,,,,,,,
226,2017-05-02,0.8880825,0.8921878,0.89223784,0.87949413,0.8917938,0.8953575,0.89651203,0.8685742,0.8575683,0.86223537,0.77906936,0.8794957,0.8954997,0.893635,0.8236303,0.8342485,0.7965761,0.7272022,0.8409884,0.893932,0.8908114,0.7926521,0.8171821,0.8183903,0.788369,0.82681423,0.8752084,0.8756806,0.78605634,0.79846394,0.81167436,0.8095272,0.82332796,0.83377254,0.8257759,0.78150666,0.7865839,0.80140096,0.81166965,0.80644643,0.8018688,0.78518385
227,2017-05-09,,,,,,,,,,,,,,,,,,,,,,,,,,,,,,,,,,,,,,,,,,
228,2017-05-16,0.71686196,0.63931495,0.60163623,0.60685855,0.6024112,0.58143145,0.54588574,0.61199284,0.5667443,0.56805646,0.54282993,0.542246,0.5232322,0.51140106,0.55932826,0.5330801,0.5453762,0.53051144,0.5494394,0.5516708,0.5314765,0.52912104,0.5265702,0.53052086,0.5463111,0.5739954,0.6166587,0.56239945,0.5250741,0.52644306,0.52809775,0.57333225,0.66574067,0.6643136,0.5837161,0.5252158,0.5188561,0.5322644,0.5836117,0.63823676,0.67518014,0.55671716
229,2017-05-23,,,,,,,,,,,,,,,,,,,,,,,,,,,,,,,,,,,,,,,,,,
230,2017-05-30,0.74757093,0.69974416,0.67482173,0.6661867,0.8236954,0.81226534,0.7828262,0.64593065,0.61543614,0.63480204,0.66650695,0.78492486,0.8437728,0.77395296,0.558778,0.5113521,0.5566214,0.61414486,0.67891073,0.7588108,0.7359596,0.57698476,0.50529313,0.52690506,0.63125765,0.7776358,0.8632376,0.7474686,0.6600191,0.50861996,0.5205869,0.6752669,0.8638637,0.91853076,0.8336025,0.5957984,0.4776064,0.5530216,0.70113814,0.84615386,0.89891857,0.84979534
231,2017-06-06,,,,,,,,,,,,,,,,,,,,,,,,,,,,,,,,,,,,,,,,,,
232,2017-06-13,0.8953183,0.8929677,0.8956098,0.8921221,0.8915502,0.9032603,0.8940461,0.8581224,0.8551629,0.8163589,0.7976576,0.857954,0.9017298,0.8956461,0.80374366,0.8069689,0.78900605,0.76215833,0.84805053,0.9006984,0.899529,0.7884495,0.8032526,0.8007977,0.77334005,0.82885915,0.8797938,0.87668014,0.8030409,0.8038834,0.81610197,0.80931365,0.8110465,0.8236077,0.81177956,0.8097638,0.7961709,0.8043674,0.8082733,0.7994603,0.79055905,0.7791754
233,2017-06-20,0.8953183,0.8929677,0.8956098,0.8921221,0.8915502,0.9032603,0.8940461,0.8581224,0.8551629,0.8163589,0.7976576,0.857954,0.9017298,0.8956461,0.80374366,0.8069689,0.78900605,0.76215833,0.84805053,0.9006984,0.899529,0.7884495,0.8032526,0.8007977,0.77334005,0.82885915,0.8797938,0.87668014,0.8030409,0.8038834,0.81610197,0.80931365,0.8110465,0.8236077,0.81177956,0.8097638,0.7961709,0.8043674,0.8082733,0.7994603,0.79055905,0.7791754
234,2017-06-27,,,,,,,,,,,,,,,,,,,,,,,,,,,,,,,,,,,,,,,,,,
235,2017-07-04,0.9031049,0.9051959,0.9046171,0.88855237,0.9069778,0.90935844,0.9073451,0.87125254,0.8572715,0.85513234,0.7641095,0.8929151,0.9059025,0.9071407,0.8162483,0.82425654,0.81004417,0.7307962,0.8693252,0.9048308,0.90681994,0.7963926,0.8116914,0.8126329,0.7960767,0.83080244,0.8854475,0.8844983,0.80296594,0.8110499,0.8189411,0.8155602,0.8244353,0.82980806,0.8256585,0.8116474,0.7967598,0.82409513,0.8207586,0.81358045,0.80929226,0.78268594
236,2017-07-11,,,,,,,,,,,,,,,,,,,,,,,,,,,,,,,,,,,,,,,,,,
237,2017-07-18,1.0,1.0,0.97184926,0.9241803,0.90993017,0.88932145,0.85373896,1.0,1.0,1.0,0.8978849,0.9247763,0.89798623,0.8489975,1.0,1.0,,0.90084076,0.9558005,0.953486,0.9206406,,1.0,1.0,,1.0,1.0,0.9915485,0.9042385,,1.0,1.0,1.0,1.0,1.0,0.8997566,1.0,1.0,1.0,1.0,1.0,1.0
238,2017-07-25,,,,,,,,,,,,,,,,,,,,,,,,,,,,,,,,,,,,,,,,,,
239,2017-08-01,0.86277294,0.86449283,0.86314905,0.8515133,0.86686236,0.8674184,0.85737735,0.82914877,0.82455647,0.80485576,0.7445958,0.84522486,0.86104196,0.8608835,0.78074026,0.7879948,0.77169096,0.7283872,0.8277195,0.8674042,0.86855996,0.76726377,0.78316593,0.78519,0.77062756,0.80770355,0.8527405,0.8516418,0.7798591,0.78681475,0.80384684,0.81256676,0.8130484,0.81038576,0.80690837,0.79649067,0.78609616,0.8005083,0.8006652,0.79719263,0.790744,0.7749934
240,2017-08-08,,,,,,,,,,,,,,,,,,,,,,,,,,,,,,,,,,,,,,,,,,
241,2017-08-15,,,,,,,,,,,,,,,,,,,,,,,,,,,,,,,,,,,,,,,,,,
242,2017-08-22,,,,,,,,,,,,,,,0.7964194,0.8024313,0.7743265,0.734971,,,,0.77860993,0.793116,0.79428107,0.7742713,0.81312454,,,0.7884072,0.78888345,0.8059479,0.8130027,0.8136216,0.8178505,0.8119215,0.79914236,0.79043067,0.7962195,0.8004214,0.8004575,0.7921831,0.780966
243,2017-08-29,,,,,,,,,,,,,,,,,,,,,,,,,,,,,,,,,,,,,,,,,,
244,2017-09-05,,,,0.28162867,0.2852064,0.26734194,0.3195713,0.21455076,,0.27860376,0.3313724,0.30013368,0.25999162,0.32048395,0.2533323,0.27732372,0.35596514,0.4021937,0.3273345,0.2564215,0.28657418,0.3047127,0.3931825,0.44733706,0.41921452,0.31586248,0.28999606,0.3465006,0.36478212,0.36537233,0.44987977,0.46855924,0.40979305,0.48189548,0.49650028,0.58688647,0.4934144,0.4972473,0.536957,0.564604,0.6150344,0.5014477
245,2017-09-12,,,,,,,,,,,,,,,,,,,,,,,,,,,,,,,,,,,,,,,,,,
246,2017-09-19,0.33367687,0.32827276,0.3354597,0.35217866,0.37347034,0.3685275,0.3555511,0.3273469,0.3185979,0.32570794,0.3395113,0.3577473,0.366818,0.35387823,0.3287075,0.32287067,0.31457174,0.32264632,0.34266946,0.35793188,0.35521394,0.31822255,0.31445202,0.3077139,0.31374854,0.3239704,0.34134802,0.34507138,0.324455,0.3169766,0.30772957,0.30572775,0.31010532,0.31738934,0.32067397,0.3282827,0.31824312,0.31141168,0.30640036,0.30014285,0.3021472,0.30551928
247,2017-09-26,,,,,,,,,,,,,,,,,,,,,,,,,,,,,,,,,,,,,,,,,,
248,2017-10-03,,,,,,,,,,,,,,,,,,,,,,,,,,,,,,,,,,,,,,,,,,
249,2017-10-10,,,,,,,,,,,,,,,,,,,,,,,,,,,,,,,,,,,,,,,,,,
250,2017-10-17,,,,,,,,,,,,,,,,,,,,,,,,,,,,,,,,,,,,,,,,,,
251,2017-10-24,,,,,,,,,,,,,,,,,,,,,,,,,,,,,,,,,,,,,,,,,,
252,2017-10-31,,,,,,,,,,,,,,,,,,,,,,,,,,,,,,,,,,,,,,,,,,
253,2017-11-07,0.6454176,0.6370553,0.629861,0.6199388,0.63770604,0.598938,0.5693464,0.65921843,0.64591336,0.6627065,0.6390291,0.63226914,0.58694816,0.591656,0.7362299,0.74343807,0.7054355,0.65061134,0.63418084,0.6139121,0.63250494,0.7304203,0.74871117,0.74176383,0.71008956,0.68746275,0.7024399,0.6791396,0.7303084,0.7218122,0.72498095,0.7254138,0.7205518,0.7067032,0.704,0.7474546,0.7420807,0.712154,0.69720864,0.73228645,0.7449309,0.73677033
254,2017-11-14,,,,,,,,,,,,,,,,,,,,,,,,,,,,,,,,,,,,,,,,,,
255,2017-11-21,0.5525203,0.5414409,0.54501426,0.5534396,0.55618966,0.5508285,0.5111736,0.6755636,0.71511436,0.6860414,0.5763089,0.5376502,0.57789373,0.55866605,0.82352245,0.83692837,0.7940197,0.6294979,0.58432096,0.60195524,0.5884461,0.80574435,0.82264155,0.8223264,0.7819427,0.6951976,0.62390685,0.5882195,0.81514317,0.80389017,0.80107105,0.7944844,0.7805147,0.7382839,0.7334846,0.802261,0.79535544,0.77896994,0.74646914,0.79761153,0.79965734,0.78368586
256,2017-11-28,,,,,,,,,,,,,,,,,,,,,,,,,,,,,,,,,,,,,,,,,,
257,2017-12-05,,,,,,,,,,,,,,,,,,,,,,,,,,,,,,,,,,,,,,,,,,
258,2017-12-12,0.62161607,0.5959436,,0.6219899,0.61236256,0.65762186,0.631826,0.725172,0.7267561,0.74083006,0.6195953,0.57894737,0.6518825,0.6031439,0.8690673,0.8296438,0.7715049,0.6728927,0.5782077,0.57735926,0.59681624,,0.80654997,0.82345146,0.7304157,0.62475276,0.60307705,0.6228421,,,,0.7992629,0.7318216,0.7091347,0.66299546,,,0.81002885,0.6951623,0.72708577,0.773713,0.747975
259,2017-12-19,,,,,,,,,,,,,,,,,,,,,,,,,,,,,,,,,,,,,,,,,,
260,2017-12-26,,,,,,,,,,,,,,,,,,,,,,,,,,,,,,,,,,,,,,,,,,
261,2018-01-02,,,,,,,,,,,,,,,,,,,,,,,,,,,,,,,,,,,,,,,,,,
262,2018-01-09,,,,,,,,,,,,,,,,,,,,,,,,,,,,,,,,,,,,,,,,,,
263,2018-01-16,,,,,,,,,,,,,,,,,,,,,,,,,,,,,,,,,,,,,,,,,,
264,2018-01-23,,,,,,,,,,,,,,,,,,,,,,,,,,,,,,,,,,,,,,,,,,
265,2018-01-30,,,,,,,,,,,,,,,,,,,,,,,,,,,,,,,,,,,,,,,,,,
266,2018-02-06,,,,,,,,,,,,,,,,,,,,,,,,,,,,,,,,,,,,,,,,,,
267,2018-02-13,0.470878,0.44740456,,,,0.47802243,0.43971658,0.54652697,0.5501061,,0.44979957,0.45914733,0.45783606,0.4251692,,,,0.4843559,0.45478037,0.46723577,0.47271508,,,,,0.5318586,0.5034118,0.5105942,,,,,,,,,,,,,,
268,2018-02-20,,,,,,,,,,,,,,,,,,,,,,,,,,,,,,,,,,,,,,,,,,
269,2018-02-27,,,,,,,,,,,,,,,,,,,,,,,,,,,,,,,,,,,,,,,,,,
270,2018-03-06,,,,,,,,,,,,,,,,,,,,,,,,,,,,,,,,,,,,,,,,,,
271,2018-03-13,0.007737828,0.0081848,0.008460886,0.007889755,0.0074501075,0.0055693523,0.0036401292,0.008579835,0.006734292,0.0074212365,0.007623867,0.0073569687,0.0078059514,0.006295975,0.011029939,0.0059682163,0.0048242314,0.0011598347,0.003382706,0.004958337,0.0041364413,0.007683649,0.0060341256,0.002100436,,0.0021259899,0.0039122566,0.005153621,0.005839618,0.005176494,0.0015223,0.0030693528,0.0044926186,0.006102516,0.00646111,0.0034469382,0.0051824064,0.004360019,0.0075485297,0.006916169,0.0092895795,0.010498588
272,2018-03-20,,,,,,,,,,,,,,,,,,,,,,,,,,,,,,,,,,,,,,,,,,
273,2018-03-27,,,,,,,,,,,,,,,,,,,,,,,,,,,,,,,,,,,,,,,,,,
274,2018-04-03,0.025249518,0.02686749,0.0273727,0.027630698,0.03221184,0.034026973,0.03652879,0.02371954,0.02491426,0.027347626,0.02644267,0.028928712,0.031015111,0.032891486,0.021905135,0.022700554,0.02495752,0.025190573,0.026717724,0.02835196,0.029000347,0.0228318,0.021412287,0.023300394,0.026178166,0.025314195,0.026882706,0.0273711,0.020528385,0.020779693,0.022905115,0.023664534,0.023267504,0.024608888,0.02560206,0.016348973,0.019855827,0.021403113,0.02174396,0.021631079,0.021196693,0.022360628
275,2018-04-10,,,,,,,,,,,,,,,,,,,,,,,,,,,,,,,,,,,,,,,,,,
276,2018-04-17,,,,,,,,,,,,,,,,,,,,,,,,,,,,,,,,,,,,,,,,,,
277,2018-04-24,,,,,,,,,,,,,,,,,,,,,,,,,,,,,,,,,,,,,,,,,,
278,2018-05-01,,,,,,,,,,,,,,,,,,,,,,,,,,,,,,,,,,,,,,,,,,
279,2018-05-08,,,,,,,,,,,,,,,,,,,,,,,,,,,,,,,,,,,,,,,,,,
280,2018-05-15,0.26117128,0.288005,0.2765291,0.20430543,0.15942729,0.21826026,0.2886157,0.2039584,0.23368162,0.17573865,0.15546744,0.15942721,0.2157238,0.29584658,0.15442657,0.1806517,0.1653211,0.16231033,0.19073924,0.23951887,0.30647933,0.13576634,0.14941967,0.15499477,0.15880361,0.20853534,0.2786452,0.33966804,0.14539512,0.14249523,0.15289946,0.16335025,0.23253869,0.32168669,0.34381792,0.15249516,0.14564143,0.17069928,0.18327488,0.24476011,0.3560767,0.4253319
281,2018-05-22,0.26117128,0.288005,0.2765291,0.20430543,0.15942729,0.21826026,0.2886157,0.2039584,0.23368162,0.17573865,0.15546744,0.15942721,0.2157238,0.29584658,0.15442657,0.1806517,0.1653211,0.16231033,0.19073924,0.23951887,0.30647933,0.13576634,0.14941967,0.15499477,0.15880361,0.20853534,0.2786452,0.33966804,0.14539512,0.14249523,0.15289946,0.16335025,0.23253869,0.32168669,0.34381792,0.15249516,0.14564143,0.17069928,0.18327488,0.24476011,0.3560767,0.4253319
282,2018-05-29,,,,,,,,,,,,,,,,,,,,,,,,,,,,,,,,,,,,,,,,,,
283,2018-06-05,,,,,,,0.30818224,,,,,0.15028626,0.18298964,0.41333738,0.20942341,0.1795856,0.17257789,0.19519351,0.20312893,0.1888337,0.23508221,0.30277482,0.23347446,0.18695542,0.15076137,,,,0.26012692,0.25804868,0.17165788,,,,,0.17422386,0.23496301,0.20711596,0.13523002,0.1433935,,
284,2018-06-12,,,,,,,,,,,,,,,,,,,,,,,,,,,,,,,,,,,,,,,,,,
285,2018-06-19,,,,,,,,,,,,,,,,,,,,,,,,,,,,,,,,,,,,,,,,,0.7899387,0.770162
286,2018-06-26,,,,,,,,,,,,,,,,,,,,,,,,,,,,,,,,,,,,,,,,,,
287,2018-07-03,0.8764265,0.876914,0.87582386,0.8724324,0.86415875,0.8620269,0.8559206,0.83951664,0.8259065,0.82562315,0.8048748,0.7344771,0.83586895,0.8638847,0.7801031,0.78948295,0.7885276,0.779456,0.77669317,0.8506623,0.8778931,0.7729407,0.7897564,0.79950815,0.80312073,0.81540984,0.84955525,0.85835993,0.8078868,0.8104918,0.81638974,0.8087474,0.80846405,0.8061525,0.79473484,0.8137028,0.8046942,0.82070154,0.8170705,0.79135936,0.78366905,0.7551094
288,2018-07-10,,,,,,,,,,,,,,,,,,,,,,,,,,,,,,,,,,,,,,,,,,
289,2018-07-17,,,,,,,,,,,,,,,,,,,,,,,,,,,,,,,,,,,,,,,,,,
290,2018-07-24,0.8700767,0.86723495,0.86189497,0.8630934,0.84539676,0.84933776,0.83258116,0.8277017,0.8187352,0.8000928,0.78068644,0.7755775,0.83063644,0.85165495,0.77209824,0.77271247,0.77521133,0.78138185,0.7524993,0.84631944,0.87154514,0.76120025,0.77725565,0.7769215,0.7947142,0.80051184,0.8578196,0.8526912,0.7817154,0.7901883,0.8081577,0.814392,0.804139,0.80882215,0.80369353,0.79395247,0.78875595,0.8043894,0.8117651,0.79290223,0.7805129,0.7708673
291,2018-07-31,,,,,,,,,,,,,,,,,,,,,,,,,,,,,,,,,,,,,,,,,,
292,2018-08-07,0.805403,0.80802894,0.8068384,0.8069277,0.7988098,0.788887,0.7727234,0.761023,0.7599349,0.7562436,0.746673,0.7305602,0.76454943,0.77904695,0.7192922,0.7232923,0.73537564,0.73118126,0.713291,0.7846199,0.8003086,0.72547716,0.74020624,0.74051505,0.74386734,0.7617189,0.795872,0.7929354,0.74789745,0.7657582,0.7684313,0.76965326,0.7636723,0.7654748,0.7665576,0.7589108,0.7621003,0.7721507,0.76745933,0.747209,0.74336505,0.7327638
293,2018-08-14,,,,,,,,,,,,,,,,,,,,,,,,,,,,,,,,,,,,,,,,,,
294,2018-08-21,,,,,,,,,,,,,,,,,,,,,,,,,,,,,,,,,,,,,,,,,,
295,2018-08-28,,,,,,,,,,,,,,,,,,,,,,,,,,,,,,,,,,,,,,,,,,
296,2018-09-04,0.84747887,0.84962195,0.8470089,0.8508011,0.84427464,0.83467126,0.81727207,0.8144145,0.8033807,0.7989593,0.7943066,0.7816159,0.81713736,0.8253298,0.778908,0.7837729,0.78355974,0.7761272,0.7609958,0.8326701,0.84878355,0.7792517,0.7886832,0.79029775,0.7931441,0.8029421,0.8364419,0.83326894,0.8067087,0.809928,0.81155825,0.8134377,0.8049462,0.7940139,0.7910712,0.8123373,0.8030643,0.8104992,0.80638826,0.79007673,0.7831149,0.7649226
297,2018-09-11,0.84747887,0.84962195,0.8470089,0.8508011,0.84427464,0.83467126,0.81727207,0.8144145,0.8033807,0.7989593,0.7943066,0.7816159,0.81713736,0.8253298,0.778908,0.7837729,0.78355974,0.7761272,0.7609958,0.8326701,0.84878355,0.7792517,0.7886832,0.79029775,0.7931441,0.8029421,0.8364419,0.83326894,0.8067087,0.809928,0.81155825,0.8134377,0.8049462,0.7940139,0.7910712,0.8123373,0.8030643,0.8104992,0.80638826,0.79007673,0.7831149,0.7649226
298,2018-09-18,,,,,,,,,,,,,,,,,,,,,,,,,,,,,,,,,,,,,,,,,,
299,2018-09-25,0.8796324,0.8817124,0.880366,0.8819071,0.8743242,0.8664471,0.8477736,0.85810786,0.8505451,0.8372865,0.82343686,0.8402345,0.86475706,0.8723184,0.81968415,0.8215039,0.8211726,0.81946933,0.83089507,0.87678033,0.88770807,0.8051337,0.81823874,0.81916887,0.83261454,0.8262655,0.87281084,0.8665226,0.8212209,0.82031316,0.83206886,0.83659834,0.8285115,0.82987034,0.8294502,0.8249367,0.8185959,0.82634395,0.82568216,0.8217047,0.8119698,0.80337954
300,2018-10-02,,,,,,,,,,,,,,,,,,,,,,,,,,,,,,,,,,,,,,,,,,
301,2018-10-09,0.8663781,,0.8600332,0.84979707,0.8317054,0.81991947,0.8050304,0.84554386,0.8599003,0.82250684,0.80164564,0.78019893,0.80244344,0.8151006,0.8383421,0.8558343,0.82246476,0.8037902,0.7795857,0.82667094,0.85661864,,0.8444452,0.8385673,0.82743925,0.8120625,0.85491556,0.8613121,0.8407581,0.8419397,0.8475812,0.84918946,0.8422815,0.84593517,0.8312496,0.84886205,0.84239835,0.8381597,0.83251005,0.8340937,0.8286443,0.8183356
302,2018-10-16,,,,,,,,,,,,,,,,,,,,,,,,,,,,,,,,,,,,,,,,,,
303,2018-10-23,0.41905323,0.41258663,0.42621088,0.4259642,0.42462173,0.40997723,0.39675084,0.42374042,0.43779746,0.43680567,0.4109139,0.4066244,0.40678236,0.39363065,0.4105036,0.44311854,0.43547857,0.39502537,0.3907596,0.38864237,0.3784861,0.3914126,0.40431646,0.4233898,0.3981257,0.38871935,0.39187068,0.38999215,0.39176896,0.39022595,0.39898932,0.39193034,0.39177206,0.4067155,0.4093507,0.3863191,0.39314556,0.39785054,0.38489026,0.3977053,0.43376288,0.4393439
304,2018-10-30,,,,,,,,,,,,,,,,,,,,,,,,,,,,,,,,,,,,,,,,,,
305,2018-11-06,,,,,,,,,,,,,,,,,,,,,,,,,,,,,,,,,,,,,,,,,,
306,2018-11-13,0.4212519,0.4222137,0.4310542,0.45006943,0.48966506,0.4821098,0.44754565,0.3964637,0.40869683,0.40622875,0.44213217,0.49460754,0.47118878,0.44852522,0.34344116,0.3535698,0.42241874,0.45644534,0.4656246,0.4552875,0.4646136,0.32173824,0.3248146,0.5124359,0.45136595,0.4144404,0.42593724,0.48325667,0.36307338,0.34791055,0.4407969,0.5523429,0.4392206,0.4257992,0.47184172,0.39525944,0.37840822,0.41850513,0.58852977,0.5548464,0.48455212,0.43578735
307,2018-11-20,,,,,,,,,,,,,,,,,,,,,,,,,,,,,,,,,,,,,,,,,,
308,2018-11-27,0.31743002,0.32502913,0.32769448,0.32690373,0.31596875,0.32737955,0.3507728,0.29503325,0.29785505,0.30075702,0.29789308,0.28725696,0.31463522,0.35630962,0.32752186,0.32903236,0.32983574,0.31434938,0.3146149,0.3519338,0.39082414,0.3543005,0.36707905,0.37135637,0.36003438,0.3725953,0.39637572,0.4168604,0.42930272,0.44495222,0.44136947,0.42749786,0.43155864,0.42330882,0.42791435,0.44597703,0.45491192,0.44785073,0.44592485,0.44855845,0.43210188,0.43173945
309,2018-12-04,,,,,,,,,,,,,,,,,,,,,,,,,,,,,,,,,,,,,,,,,,
310,2018-12-11,,,,,,,,,,,,,,,,,,,,,,,,,,,,,,,,,,,,,,,,,,
311,2018-12-18,,,,,,,,,,,,,,,,,,,,,,,,,,,,,,,,,,,,,,,,,,
312,2018-12-25,,,,,,,,,,,,,,,,,,,,,,,,,,,,,,,,,,,,,,,,,,
313,2019-01-01,,,,,,,,,,,,,,,,,,,,,,,,,,,,,,,,,,,,,,,,,,
314,2019-01-08,,,,,,,,,,,,,,,,,,,,,,,,,,,,,,,,,,,,,,,,,,
315,2019-01-15,,,,,,,,,,,,,,,,,,,,,,,,,,,,,,,,,,,,,,,,,,
316,2019-01-22,,,,,,,,,,,,,,,,,,,,,,,,,,,,,,,,,,,,,,,,,,
317,2019-01-29,,,,,,,,,,,,,,,,,,,,,,,,,,,,,,,,,,,,,,,,,,
318,2019-02-05,,,,,,,,,,,,,,,,,,,,,,,,,,,,,,,,,,,,,,,,,,
319,2019-02-12,0.53237534,0.51007855,,0.49473745,,0.561094,0.5548652,,,,0.50333136,0.52169776,0.5672198,0.51031256,,,,,0.5406509,0.5519517,0.5590835,,,,,,,,,,,,,,,,,,,,,
320,2019-02-19,,,,,,,,,,,,,,,,,,,,,,,,,,,,,,,,,,,,,,,,,,
321,2019-02-26,,,,,,,,,,,,,,,,,,,,,,,,,,,,,,,,,,,,,,,,,,
322,2019-03-05,0.45427257,0.44977912,0.44482523,0.4373483,0.46301815,0.49157447,0.46858224,0.5245602,0.5381914,0.5247893,0.44468236,0.43903083,0.46240112,0.4557739,0.60256773,0.6067988,0.56849295,0.4782916,0.44391224,0.4512892,0.4794581,0.603035,0.608016,0.59733176,0.56092745,0.5306402,0.48820636,0.50383055,0.6076099,0.5973302,0.59467334,0.59779847,0.58721906,0.55852723,0.558313,0.61826456,0.6137099,0.5820184,0.56704193,0.59168917,0.6033694,0.59276783
323,2019-03-12,,,,,,,,,,,,,,,,,,,,,,,,,,,,,,,,,,,,,,,,,,
324,2019-03-19,,,,,,,,,,,,0.4632852,,,,,,,,,,,,,,,,,,,,,,,,,,,,,,
325,2019-03-26,,,,,,,,,,,,,,,,,,,,,,,,,,,,,,,,,,,,,,,,,,
326,2019-04-02,0.21534626,0.2080323,0.18467905,0.17471337,0.16765024,0.15665773,0.13850349,0.23505828,0.23404068,0.1943884,0.17844446,0.17344397,0.15998848,0.14074263,0.25601754,0.22464666,0.2008909,0.19353478,0.18832089,0.15354206,0.1371543,0.28649637,0.22672687,0.21078628,0.20040847,0.1838362,0.15548879,0.13867362,0.30586728,0.23209347,0.21584722,0.20752193,0.18216395,0.16329028,0.1460227,0.3210312,0.2523254,0.22716926,0.21908566,0.17299762,0.14690393,0.14848559
327,2019-04-09,,,,,,,,,,,,,,,,,,,,,,,,,,,,,,,,,,,,,,,,,,
328,2019-04-16,0.001519881,0.002144733,0.0023135995,0.0035509542,0.0043706535,0.003262691,0.0023274268,0.002888137,0.003025525,0.0022058678,0.0027051168,0.0030614226,0.0030821632,0.0026483745,0.0021501218,0.0028722542,0.0030065598,0.002537992,0.0023558703,0.0025527515,0.0021245985,,,0.005015686,0.0047764434,0.0033694643,0.0015258044,0.0016808256,,0.0033319877,0.004724087,0.005040851,0.0045099496,0.0036418566,0.0025954777,,0.002448536,0.0030503506,0.0033597266,0.0035318495,0.0041736052,0.0033235443
329,2019-04-23,0.001519881,0.002144733,0.0023135995,0.0035509542,0.0043706535,0.003262691,0.0023274268,0.002888137,0.003025525,0.0022058678,0.0027051168,0.0030614226,0.0030821632,0.0026483745,0.0021501218,0.0028722542,0.0030065598,0.002537992,0.0023558703,0.0025527515,0.0021245985,0.0020843197,0.0046789665,0.005015686,0.0047764434,0.0033694643,0.0015258044,0.0016808256,0.002669973,0.0033319877,0.004724087,0.005040851,0.0045099496,0.0036418566,0.0025954777,0.0038806745,0.002448536,0.0030503506,0.0033597266,0.0035318495,0.0041736052,0.0033235443
330,2019-04-30,,,,,,,,,,,,,,,,,,,,,,,,,,,,,,,,,,,,,,,,,,
331,2019-05-07,,,,,,,,,,,,,,,,,,,,,,,,,,,,,,,,,,,,,,,,,,
332,2019-05-14,,,,,,,,,,,,,,,,,,,,,,,,,,,,,,,,,,,,,,,,,,
333,2019-05-21,,,,,,,,,,,,,,,,,,,,0.5836907,0.5842117,,,,,0.5657822,0.5717004,0.57141995,,,,,0.5575106,0.55669045,0.5558431,,,0.5557185,,0.55570644,0.5543351,0.5511971
334,2019-05-28,,,,,,,,,,,,,,,,,,,,,,,,,,,,,,,,,,,,,,,,,,
335,2019-06-04,0.21317308,0.22281662,0.22766344,0.23112771,0.23419894,0.23373927,0.24243227,0.21079023,0.21552862,0.2229794,0.22739026,0.22655591,0.22376266,0.2332308,0.20550771,0.20816357,0.21951142,0.22834864,0.23834197,0.22432587,0.2239288,0.20483981,0.20862238,0.2186832,0.22647604,0.23539306,0.22948663,0.22297253,0.20501544,0.21182004,0.2190461,0.22505909,0.23232016,0.23164034,0.22485149,0.20601276,0.21139662,0.22337016,0.22897434,0.2321582,0.23139992,0.23294187
336,2019-06-11,,,,,,,,,,,,,,,,,,,,,,,,,,,,,,,,,,,,,,,,,,
337,2019-06-18,,,,,,,,,,,,,,,,,,,,,,,,,,,,,,,,,,,,,,,,,,
338,2019-06-25,,,,,,,,,,,,,,,,,,,,,,,,,,,,,,,,,,,,,,,,,0.80564946,
339,2019-07-02,,,,,,,,,,,,,,,,,,,,,,,,,,,,,,,,,,,,,,,,,,
340,2019-07-09,0.33947507,0.2935697,0.30390975,0.33897445,0.3773817,0.43844813,0.37599847,0.67233974,0.51603,0.5033734,0.69344896,0.8186353,0.7789984,0.7032546,0.6197018,0.57602656,0.6620455,,,,,0.59931225,0.6175407,0.6934576,0.7272268,0.86139977,0.9072106,0.874644,0.665643,0.60951483,0.6020727,0.6919267,0.82854766,0.8233899,0.7549289,0.6400578,0.6501241,0.6387585,0.67975163,0.7687263,0.7567926,0.6937145
341,2019-07-16,,,,,,,,,,,,,,,,,,,,,,,,,,,,,,,,,,,,,,,,,,
342,2019-07-23,,,,,0.40219924,0.44666687,0.46603444,,,,,,0.45437652,0.5252896,,,,0.4170261,0.5362474,0.5698082,0.5718615,,0.3712783,0.39278978,0.478422,0.6306384,0.6108384,0.56130695,,0.41110584,0.4556312,0.46955445,0.5717496,0.6262054,0.5516103,,,0.3481117,0.4275444,0.63043314,0.7020178,0.5617649
343,2019-07-30,,,,,,,,,,,,,,,,,,,,,,,,,,,,,,,,,,,,,,,,,,
344,2019-08-06,0.78753006,0.7880979,0.7884865,0.79644364,0.8020716,0.8012035,0.7910397,0.7483734,0.74357873,0.75150347,0.76312774,0.75062203,0.7844238,0.7943089,0.710934,0.71259755,0.7186979,0.73400986,0.7489964,0.7799249,0.79151106,0.6972474,0.7098762,0.7162433,0.7206325,0.7365264,0.77193475,0.7763015,0.70984674,0.7139079,0.7186813,0.7198901,0.7261259,0.7329271,0.730558,0.7210241,0.7101161,0.7319234,0.7411361,0.720871,0.72375715,0.7048264
345,2019-08-13,0.78753006,0.7880979,0.7884865,0.79644364,0.8020716,0.8012035,0.7910397,0.7483734,0.74357873,0.75150347,0.76312774,0.75062203,0.7844238,0.7943089,0.710934,0.71259755,0.7186979,0.73400986,0.7489964,0.7799249,0.79151106,0.6972474,0.7098762,0.7162433,0.7206325,0.7365264,0.77193475,0.7763015,0.70984674,0.7139079,0.7186813,0.7198901,0.7261259,0.7329271,0.730558,0.7210241,0.7101161,0.7319234,0.7411361,0.720871,0.72375715,0.7048264
346,2019-08-20,,,,,,,,,,,,,,,,,,,,,,,,,,,,,,,,,,,,,,,,,,
347,2019-08-27,0.8538391,0.84717536,0.84109217,0.8418998,0.8378325,0.8429228,0.83081836,0.8300535,0.814958,0.7925268,0.800998,0.8078039,0.83119845,0.8319313,0.80456007,0.7957597,0.7905767,0.796413,0.81032366,0.83486587,0.8491566,0.8095957,0.81551486,0.806015,0.7951264,0.8230343,0.8515936,0.8470781,0.8352576,0.8349341,0.8400797,0.8338855,0.8282246,0.83070433,0.8225382,0.8448065,0.83476955,0.8390447,0.83619606,0.8204264,0.8055663,0.79587
348,2019-09-03,,,,,,,,,,,,,,,,,,,,,,,,,,,,,,,,,,,,,,,,,,
349,2019-09-10,0.87997305,0.8798014,0.87635225,0.8785862,0.88114536,0.8827745,0.87854326,0.8569798,0.8437246,0.8402758,0.8524431,0.8485006,0.8716436,0.8738433,0.82228297,0.8252006,0.81799763,0.8284662,0.84748983,0.87832946,0.880677,0.8160613,0.8256653,0.82368314,0.82677597,0.8451969,0.87157524,0.8711605,0.8312201,0.8324544,0.83764493,0.8323846,0.8375946,0.8369657,0.8338734,0.83337337,0.82459635,0.8438984,0.8454954,0.83012813,0.8216277,0.8048222
350,2019-09-17,,,,,,,,,,,,,,,,,,,,,,,,,,,,,,,,,,,,,,,,,,
351,2019-09-24,0.7799249,0.7621445,0.67634,0.7312492,0.6647247,0.70823675,0.80788213,0.6706062,0.60594124,0.5978973,0.69380635,0.6665386,0.7511003,0.8453216,0.5376771,0.4810647,0.5859083,0.71034014,0.7265451,0.7572667,0.8283446,0.45791516,0.5544968,0.724893,0.7394623,0.7686901,0.8358668,0.80671215,0.6163854,0.7680749,0.8236007,0.81245416,0.80550206,0.8284676,0.79262996,0.8555668,0.8394338,0.82779866,0.8371303,0.8242597,0.80058855,0.7868336
352,2019-10-01,,,,,,,,,,,,,,,,,,,,,,,,,,,,,,,,,,,,,,,,,,
353,2019-10-08,,,,,,,,,,,,,,,,,,,,,,,,,,,,,,,,,,,,,,,,,,
354,2019-10-15,,,,,,,,,,,,,,,,,,,,,,,,,,,,,,,,,,,,,,,,,,
355,2019-10-22,,,,,,,,,,,,,,,,,,,,,,,,,,,,,,,,,,,,,,,,,,
356,2019-10-29,,,,,,,,,,,,,,,,,,,,,,,,,,,,,,,,,,,,,,,,,,
357,2019-11-05,,,,,,,,,,,,,,,,,,,,,,,,,,,,,,,,,,,,,,,,,,
358,2019-11-12,,,,,,,,,,,,,,,,,,,,,,,,,,,,,,,,,,,,,,,,,,
359,2019-11-19,,,,,,,,,,,,,,,,,,,,,,,,,,,,,,,,,,,,,,,,,,
360,2019-11-26,0.42273554,0.37540355,0.3645514,0.31632364,0.31563458,0.28958592,0.27636668,0.36749625,0.29217795,0.3368561,0.35257372,0.3520785,0.3827658,0.38183355,0.31535426,0.25412354,0.3136377,0.32585675,0.3754485,0.472009,0.46571776,0.31183693,0.23915741,0.28492397,0.31450197,0.34057412,0.38727528,0.40657097,0.37869826,0.23268528,0.30530256,0.35183468,0.39776894,0.47129738,0.38745403,0.3301142,0.32236886,,0.4219803,0.3813291,0.46236464,0.33756965
361,2019-12-03,0.42273554,0.37540355,0.3645514,0.31632364,0.31563458,0.28958592,0.27636668,0.36749625,0.29217795,0.3368561,0.35257372,0.3520785,0.3827658,0.38183355,0.31535426,0.25412354,0.3136377,0.32585675,0.3754485,0.472009,0.46571776,0.31183693,0.23915741,0.28492397,0.31450197,0.34057412,0.38727528,0.40657097,0.37869826,0.23268528,0.30530256,0.35183468,0.39776894,0.47129738,0.38745403,0.3301142,0.32236886,,0.4219803,0.3813291,0.46236464,0.33756965
362,2019-12-10,,,,,,,,,,,,,,,,,,,,,,,,,,,,,,,,,,,,,,,,,,
363,2019-12-17,,,,,,,,,,,,,,,,,,,,,,,,,,,,,,,,,,,,,,,,,,
364,2019-12-24,,,,,,,,,,,,,,,,,,,,,,,,,,,,,,,,,,,,,,,,,,
365,2019-12-31,0.030803578,0.053320672,0.049404953,0.02923227,0.016186787,,,0.012875697,0.029747123,0.05003705,0.033617362,,,,0.0120188,0.020360118,0.043409802,0.053430907,,,,,,,,,,,,0.015013523,,,,,0.05408938,0.019862553,0.02355135,,0.022482438,,,0.04918125
366,2020-01-07,,,,,,,,,,,,,,,,,,,,,,,,,,,,,,,,,,,,,,,,,,
367,2020-01-14,0.25011063,0.23970392,0.25560156,0.25344387,0.30276126,0.39127585,0.4063176,0.19274297,0.21757357,0.27377912,0.29067907,0.44523463,0.654867,0.56674165,0.19017175,0.21409205,0.2829406,0.33018592,,,,0.21529631,0.25223634,0.31549674,0.4323512,0.63154846,,,0.20978367,0.26221627,0.30648118,0.3934639,0.51485586,,0.4562066,0.14147066,0.23813918,0.27313706,0.3964959,,,0.5236426
368,2020-01-21,,,,,,,,,,,,,,,,,,,,,,,,,,,,,,,,,,,,,,,,,,
369,2020-01-28,,,,,,,,,,,,,,,,,,,,,,,,,,,,,,,,,,,,,,,,,,
370,2020-02-04,0.5527006,0.6164585,,,0.5828988,,,0.55156004,0.6110017,0.60679466,0.57300025,0.62539387,,,0.676134,0.72737455,0.6531364,0.57790625,0.58133674,0.60230005,0.60404813,,,0.75209373,0.67901766,0.59788597,0.49783418,0.5545184,0.6998382,,0.6827732,0.642173,0.58919543,0.5231682,0.57679594,0.64336735,0.696575,0.63528454,0.5468196,0.4997377,0.49935558,0.5043988
371,2020-02-11,,,,,,,,,,,,,,,,,,,,,,,,,,,,,,,,,,,,,,,,,,
372,2020-02-18,0.55738693,0.5349902,0.5428324,0.5243705,0.52405596,0.5655978,0.56124365,,0.6897106,0.66295046,0.5441991,0.5248418,0.58218277,0.52627534,,,0.7334352,0.596143,0.56607145,0.56809497,0.5884101,,0.7774854,0.7839912,0.7452565,0.7071515,0.6281049,0.6328645,,0.76703346,0.7683968,0.7756318,0.76622576,0.7430927,0.74082774,,,,0.71842843,0.76383525,0.767424,0.7568337
373,2020-02-25,,,,,,,,,,,,,,,,,,,,,,,,,,,,,,,,,,,,,,,,,,
374,2020-03-03,,,,,,,,,,,,,,,,,,,,,,,,,,,,,,,,,,,,,,,,,,
375,2020-03-10,,,,,,,,,,,,,,,,,,,,,,,,,,,,,,,,,,,,,,,,,,
376,2020-03-17,,,,,,,,,,,,,,,,,,,,,,,,,,,,,,,,,,,,,,,,,,
377,2020-03-24,,,,,,,,,,,,,,,,,,,,,,,,,,,,,,,,,,,,,,,,,,
378,2020-03-31,,,,,,,,,,,,,,,,,,,,,,,,,,,,,,,,,,,,,,,,,,
379,2020-04-07,0.58455586,0.5770034,0.5742283,0.56154215,0.5598406,0.6219499,0.6290461,0.6474768,0.66486853,0.6389853,0.54253256,0.5182762,0.5879398,0.60224926,0.7224281,0.7480738,0.6906549,0.57067055,0.5292229,0.56464076,0.6088951,0.70628184,0.73724234,0.7288323,0.686099,0.6371419,0.6119003,0.59917724,0.7217821,0.7410164,0.7271479,0.71871966,0.72028136,0.68046975,0.6641596,0.7304079,0.73387337,0.6855024,0.6775872,0.71287215,0.7183776,0.7039363
380,2020-04-14,,,,,,,,,,,,,,,,,,,,,,,,,,,,,,,,,,,,,,,,,,
381,2020-04-21,0.77626604,0.7760845,0.7895957,0.787108,0.7900604,0.8114787,0.8068439,0.77036905,0.7578788,0.76533175,0.7461644,0.7360367,0.7961397,0.7917435,0.76401395,0.76725703,0.758962,0.7249142,0.7132288,0.79206187,0.7962282,0.7480263,0.76395404,0.76098835,0.7498274,0.7436849,0.7699172,0.77837366,0.7545852,0.75857407,0.7669588,0.76124036,0.75780153,0.76461095,0.7651145,0.7715703,0.75955933,0.7653343,0.7522299,0.7658671,0.76779574,0.75390655
382,2020-04-28,,,,,,,,,,,,,,,,,,,,,,,,,,,,,,,,,,,,,,,,,,
383,2020-05-05,0.88836473,0.88745654,0.88137466,0.88316333,0.88434696,0.8853831,0.8836844,0.85879856,0.8496753,0.8502337,0.8594114,0.84085774,0.8716032,0.88218385,0.81225,0.8168136,0.8212214,0.8485213,0.852636,0.88731396,0.89186376,0.8010705,0.81530625,0.8197542,0.83546877,0.8394774,0.8730136,0.8770393,0.81173617,0.81899834,0.821657,0.81852204,0.824098,0.833701,0.83359504,0.81708044,0.810914,0.82736367,0.82962596,0.81784856,0.81905675,0.79865956
384,2020-05-12,,,,,,,,,,,,,,,,,,,,,,,,,,,,,,,,,,,,,,,,,,
385,2020-05-19,,,,,,,,,,,,,,,,,,,,,,,,,,,,,,,,,,,,,,,,,,
386,2020-05-26,0.86998034,0.88404816,0.74537987,0.73600155,0.85030764,0.65084285,,0.6385006,0.6146719,0.67833155,0.65912116,0.75478506,0.6455907,0.6422858,0.48347163,0.55955493,0.78787404,0.87983084,0.7694804,0.8389112,1.0,0.51676756,,0.6136245,0.82711905,0.66035193,0.7147779,0.8476497,0.59077173,,,0.6277292,0.58057755,0.569613,0.58602524,0.77872574,,0.5331754,0.58497614,0.5385395,0.50894606,0.5154732
387,2020-06-02,,,,,,,,,,,,,,,,,,,,,,,,,,,,,,,,,,,,,,,,,,
388,2020-06-09,0.90840447,0.90699935,0.9068771,0.91294235,0.91217107,0.915502,0.9152035,0.8779284,0.87230206,0.8668474,0.8921195,0.88659006,0.9087208,0.9156665,0.83242166,0.8359259,0.8453234,0.87447107,0.89329606,0.90738446,0.91220266,0.81522924,0.8323908,0.837439,0.8365433,0.8630271,0.89451456,0.89370584,0.82605124,0.8298875,0.83795303,0.83883303,0.8449337,0.8535396,0.84486085,0.8315838,0.82414514,0.8428506,0.8558439,0.8407,0.83069485,0.814787
389,2020-06-16,,,,,,,,,,,,,,,,,,,,,,,,,,,,,,,,,,,,,,,,,,
390,2020-06-23,0.8930667,0.89131254,0.89300454,0.89932,0.9012755,0.90111995,0.89889127,0.8563916,0.85163,0.8568732,0.87243354,0.87071574,0.89527154,0.90006423,0.8204037,0.82298267,0.829399,0.86877495,0.8742623,0.8967955,0.8958016,0.8152499,0.8249577,0.83046037,0.8410166,0.8483815,0.8798085,0.88489556,0.8288027,0.8312134,0.8343379,0.83201206,0.8367924,0.8411831,0.83939594,0.83218294,0.82480675,0.84187335,0.85173965,0.8261902,0.82436806,0.8041405
391,2020-06-30,,,,,,,,,,,,,,,,,,,,,,,,,,,,,,,,,,,,,,,,,,
392,2020-07-07,0.9066888,0.7181609,0.8339691,0.8226019,0.84517604,0.80552375,0.7012804,0.884777,0.80036116,0.7816732,0.8295695,0.70989656,0.52057076,0.59738183,0.8518176,0.7462655,0.7498634,0.8836105,0.59187233,0.44772905,0.5910448,0.8230184,0.7241187,0.88583237,0.90134245,0.51596427,,0.44287577,0.8452884,0.83419913,1.0,0.92382497,0.55004174,0.49837357,0.50931054,0.8661011,0.86743003,1.0,1.0,0.6549084,0.89611113,0.9341872
393,2020-07-14,0.9066888,0.7181609,0.8339691,0.8226019,0.84517604,0.80552375,0.7012804,0.884777,0.80036116,0.7816732,0.8295695,0.70989656,0.52057076,0.59738183,0.8518176,0.7462655,0.7498634,0.8836105,0.59187233,0.44772905,0.5910448,0.8230184,0.7241187,0.88583237,0.90134245,0.51596427,,0.44287577,0.8452884,0.83419913,1.0,0.92382497,0.55004174,0.49837357,0.50931054,0.8661011,0.86743003,1.0,1.0,0.6549084,0.89611113,0.9341872
394,2020-07-21,,,,,,,,,,,,,,,,,,,,,,,,,,,,,,,,,,,,,,,,,,
395,2020-07-28,0.8709158,0.8689676,0.8639873,0.8690765,0.8717844,0.8725294,0.8633904,0.8403718,0.8185222,0.8190991,0.8369347,0.8388133,0.858013,0.8613436,0.7891546,0.7936982,0.7983907,0.839166,0.84615386,0.8690061,0.8702744,0.7791476,0.79796326,0.8055719,0.8284396,0.8260697,0.8591513,0.8592367,0.8020049,0.81465226,0.8249114,0.8265021,0.8209856,0.8263579,0.81694156,0.81369656,0.8115537,0.8272631,0.8392768,0.813465,0.8043293,0.78912574
396,2020-08-04,,,,,,,,,,,,,,,,,,,,,,,,,,,,,,,,,,,,,,,,,,
397,2020-08-11,0.8810443,0.87719786,0.8772628,0.8800415,0.87658834,0.8731229,0.8689813,0.8455201,0.8431005,0.84137505,0.8510502,0.8561511,0.86404216,0.86827797,0.8097819,0.8137887,0.81571907,0.8510087,0.8524283,0.8698022,0.8742119,0.8039567,0.82169193,0.8178051,0.82365614,0.82947606,,,0.8249093,0.82694817,0.8341214,0.8296465,0.8237637,0.8328283,0.82816416,0.82593125,0.81930727,0.8301701,0.8365162,0.8197969,0.80934924,0.7984875
398,2020-08-18,,,,,,,,,,,,,,,,,,,,,,,,,,,,,,,,,,,,,,,,,,
399,2020-08-25,,,,,,,,,,,,,,,,,,,,,,,,,,,,,,,,,,,,,,,,,,
400,2020-09-01,,,,,,,,,,,,,,,,,,,,,,,,,,,,,,,,,,,,,,,,,,
401,2020-09-08,,,,,,,,,,,,,,,,,,,,,,,,,,,,,,,,,,,,,,,,,,
402,2020-09-15,0.8562662,0.8539411,0.8601838,0.86178005,0.8623893,0.8522157,0.83443147,0.8264483,0.82257766,0.82151914,0.8400285,0.8447744,0.842391,0.8338419,0.80705905,0.81037825,0.81707746,0.8375526,0.8299022,0.8456371,0.8496957,0.8097775,0.82572407,0.8182917,0.82518554,0.82201624,0.8522759,0.8545364,0.8394966,0.8438991,0.8477973,0.8377709,0.8260302,0.82776463,0.82170945,0.83677584,0.82960063,0.83626425,0.8398702,0.82187015,0.8103229,0.79812694
403,2020-09-22,,,,,,,,,,,,,,,,,,,,,,,,,,,,,,,,,,,,,,,,,,
404,2020-09-29,,,,,,,,,,,,,,,,,,,,,,,,,,,,,,,,,,,,,,,,,,
405,2020-10-06,,,,,,,,,,,,,,,,,,,,,,,,,,,,,,,,,,,,,,,,,,
406,2020-10-13,0.8621721,0.86584836,0.86381996,0.86994326,0.87238544,0.8597967,0.8566794,0.8438508,0.8542693,0.8416154,0.8509151,0.85520905,,,0.8385924,0.850671,0.8396293,0.84041417,0.8468163,0.8618936,0.8678248,0.8362542,0.8479752,0.8449126,0.84092844,0.85106134,0.8629191,0.86309516,0.843642,0.8522327,0.8520833,0.853012,0.8518587,0.8464253,0.8426877,0.8458226,0.8413347,0.8431779,0.8311704,0.8535031,0.8356569,0.8180726
407,2020-10-20,,,,,,,,,,,,,,,,,,,,,,,,,,,,,,,,,,,,,,,,,,
408,2020-10-27,,,,,,,,,,,,,,,,,,,,,,,,,,,,,,,,,,,,,,,,,,
409,2020-11-03,,,,,,,,,,,,,,,,,,,,,,,,,,,,,,,,,,,,,,,,,,
410,2020-11-10,,,,,,,,,,,,,,,,,,,,,,,,,,,,,,,,,,,,,,,,,,
411,2020-11-17,0.63960767,0.65042263,0.6246988,0.61012745,0.61236066,0.60694474,0.6136681,0.72714394,0.7409181,0.7035507,0.63625956,0.6114836,0.56795883,0.5350048,0.8216352,0.8335656,0.80462223,0.7216727,0.6660156,0.6512738,0.67505443,0.8179891,0.82390577,0.82909626,0.78297734,0.7550269,0.73013973,0.70286953,0.811446,0.8161666,0.818033,0.80592316,0.79261863,0.7814864,0.77279615,0.8161663,0.80509806,0.78441495,0.77019846,0.8195775,0.80694234,0.78924954
412,2020-11-24,,,,,,,,,,,,,,,,,,,,,,,,,,,,,,,,,,,,,,,,,,
413,2020-12-01,0.5661004,0.5281715,0.5818545,0.5728812,0.5696245,0.6466262,0.6454628,0.6987776,0.70943767,0.67516094,0.60103196,0.5852097,0.6212667,0.60959125,0.83721894,0.8379386,0.79558456,0.6690633,0.5739194,0.60251504,0.6203765,0.8364912,0.8426576,0.826949,0.7808792,0.7061767,0.6244936,0.62193334,0.8449943,0.84345996,0.8482183,0.82025105,0.7996873,0.74681073,0.7398483,0.8208584,0.81524175,0.8019296,0.7841351,0.8073138,0.8028852,0.7870432
414,2020-12-08,,,,,,,,,,,,,,,,,,,,,,,,,,,,,,,,,,,,,,,,,,
415,2020-12-15,,,,,0.58974046,0.44019124,0.377319,,,,,0.7392617,0.6956942,0.5160686,1.0,1.0,,,0.73550874,0.7926305,0.7074675,,1.0,1.0,,0.8607032,0.79403996,0.7733497,0.87938225,0.85553014,0.7736869,0.7483019,0.7262717,0.64151525,0.63393193,0.8610456,0.7788766,0.6372126,0.60228366,0.7272287,0.74020565,0.6607349
416,2020-12-22,,,,,,,,,,,,,,,,,,,,,,,,,,,,,,,,,,,,,,,,,,
417,2020-12-29,,,,,,,,,,,,,,,,,,,,,,,,,,,,,,,,,,,,,,,,,,
418,2021-01-05,,,,,,,,,,,,,,,,,,,,,,,,,,,,,,,,,,,,,,,,,,
419,2021-01-12,,,,,,,,,,,,,,,,,,,,,,,,,,,,,,,,,,,,,,,,,,
420,2021-01-19,,,,,,,,,,,,,,,,,,,,,,,,,,,,,,,,,,,,,,,,,,
421,2021-01-26,,,,,,,,,,,,,,,,,,,,,,,,,,,,,,,,,,,,,,,,,,
422,2021-02-02,,,,,,,,,,,,,,,,,,,,,,,,,,,,,,,,,,,,,,,,,,
423,2021-02-09,,,,,,,,,,,,,,,,,,,,,,,,,,,,,,,,,,,,,,,,,,
424,2021-02-16,0.40903497,0.39721996,0.40962058,0.4139339,0.42575255,0.42358738,0.3766405,0.45680955,0.4627927,0.47793815,0.43516883,0.4195815,0.4111319,0.3825072,0.5443253,0.54458886,0.5237771,0.45936728,0.422452,0.40875214,0.41363594,0.5458246,0.5525796,0.54756933,0.503025,0.4794885,0.44338349,0.44915912,0.54598475,0.5369428,0.5366596,0.5412232,0.53712523,0.5093923,0.5089058,0.5549526,0.5566776,0.5361507,0.5204061,0.54647386,0.55953926,0.5525865
425,2021-02-23,0.40903497,0.39721996,0.40962058,0.4139339,0.42575255,0.42358738,0.3766405,0.45680955,0.4627927,0.47793815,0.43516883,0.4195815,0.4111319,0.3825072,0.5443253,0.54458886,0.5237771,0.45936728,0.422452,0.40875214,0.41363594,0.5458246,0.5525796,0.54756933,0.503025,0.4794885,0.44338349,0.44915912,0.54598475,0.5369428,0.5366596,0.5412232,0.53712523,0.5093923,0.5089058,0.5549526,0.5566776,0.5361507,0.5204061,0.54647386,0.55953926,0.5525865
426,2021-03-02,,,,,,,,,,,,,,,,,,,,,,,,,,,,,,,,,,,,,,,,,,
427,2021-03-09,,,,,,,,,,,,,,,,,,,,,,,,,,,,,,,,,,,,,,,,,,
428,2021-03-16,,,,,,,,,,,,,,,,,,,,,,,,,,,,,,,,,,,,,,,,,,
429,2021-03-23,0.062342115,0.076198086,0.078897595,0.06908513,0.06288677,0.06484658,0.05772157,0.06748656,0.07443509,0.07089118,0.06383626,0.04870556,0.047029726,0.047683954,0.07415589,0.082924046,0.07692659,0.07793118,0.058605075,0.06160799,0.056150027,,0.08406925,0.08676006,0.08101401,0.07978436,0.07315478,0.06686267,,0.06695444,0.077886805,0.08905529,0.09846274,0.10509162,0.10019017,,,0.07028938,0.07755237,0.11309008,0.12525022,0.12321744
430,2021-03-30,,,,,,,,,,,,,,,,,,,,,,,,,,,,,,,,,,,,,,,,,,
431,2021-04-06,,,,,,,,,,,,,,,,,,,,,,,,,,,,,,,,,,,,,,,,,,
432,2021-04-13,,,,,,,,,,,,,,,,,,,,,,,,,,,,,,,,,,,,,,,,,,
433,2021-04-20,,,,,,,,,,,,,,,,,,,,,,,,,,,,,,,,,,,,,,,,,,
434,2021-04-27,,,,,,,,,,,,,,,,,,,,,,,,,,,,,,,,,,,,,,,,,,
435,2021-05-04,,,,,,,,,,,,,,,,,,,,,,,,,,,,,,,,,,,,,,,,,,
436,2021-05-11,,,,,,,,,,,,,,,,,,,,,,,,,,,,,,,,,,,,,,,,,,
437,2021-05-18,,,,,,,,,,,,,,,,,,,,,,,,,,,,,,,,,,,,,,,,,,
438,2021-05-25,0.899328,,,0.90975577,0.9132049,0.9141404,0.91216534,0.8689709,0.8598303,0.86253434,,0.9016074,0.9119233,0.9111282,0.8187983,0.8197691,0.83091635,0.87792766,0.89992887,0.9064244,0.9011357,0.80882215,0.81835574,0.82645166,0.8367238,0.859207,0.88201207,0.8779158,0.8163212,0.81880134,0.82578546,0.8216685,0.8316262,0.83901393,0.82985526,0.81898206,0.8080066,0.8296862,0.84250164,0.8158036,0.8119942,0.79202694
439,2021-06-01,,,,,,,,,,,,,,,,,,,,,,,,,,,,,,,,,,,,,,,,,,
440,2021-06-08,0.9037063,0.9012806,0.8981858,0.9108108,0.91761565,0.92062104,0.9179593,0.86278087,0.8517903,0.8607118,0.89758486,0.9044272,0.9141334,0.9159398,0.80814284,0.8123402,0.82192165,0.88013226,0.899222,0.9089053,0.9052545,0.79840994,0.8114648,0.8201256,0.83213156,0.85028386,0.8816731,0.87969065,0.80859786,0.8149285,0.8222797,0.8165538,0.8237901,0.82640344,0.82831913,0.81743145,0.80355537,0.8283003,0.8425129,0.80853665,0.8073747,0.7858732
441,2021-06-15,0.9037063,0.9012806,0.8981858,0.9108108,0.91761565,0.92062104,0.9179593,0.86278087,0.8517903,0.8607118,0.89758486,0.9044272,0.9141334,0.9159398,0.80814284,0.8123402,0.82192165,0.88013226,0.899222,0.9089053,0.9052545,0.79840994,0.8114648,0.8201256,0.83213156,0.85028386,0.8816731,0.87969065,0.80859786,0.8149285,0.8222797,0.8165538,0.8237901,0.82640344,0.82831913,0.81743145,0.80355537,0.8283003,0.8425129,0.80853665,0.8073747,0.7858732
442,2021-06-22,,,,,,,,,,,,,,,,,,,,,,,,,,,,,,,,,,,,,,,,,,
443,2021-06-29,0.8789353,0.8773636,0.87915164,0.8876922,0.8916768,0.89528406,0.8904028,0.84254783,0.82801265,0.8306249,0.8766138,0.8803095,0.8834853,0.88331556,0.78908813,0.79144347,0.7981564,0.8581625,0.87681454,0.883971,0.8806723,0.7804348,0.7881687,0.79469645,0.81881016,0.83518636,0.8623409,0.8572224,0.80397874,0.8056207,0.80280787,0.7962906,0.80473006,0.8122363,0.80659264,0.8046824,0.7853928,0.81337625,0.8232587,0.7856191,0.7955495,0.765278
444,2021-07-06,,,,,,,,,,,,,,,,,,,,,,,,,,,,,,,,,,,,,,,,,,
445,2021-07-13,,,,,,,,,,,,,,,,,,,,,,,,,,,,,,,,,,,,,,,,,,
446,2021-07-20,,,,,,,,,,,,,,,,,,,,,,,,,,,,,,,,,,,,,,,,,,
447,2021-07-27,0.8629388,0.8573771,0.8581424,0.8695189,0.8723759,0.8702199,0.86715317,0.8290273,0.8205752,0.8173197,0.8537715,0.858879,0.8624637,0.8613716,0.77974975,0.78055763,0.7902691,0.8372555,0.85678875,0.8603953,0.8595491,0.770282,0.78328115,0.79434144,0.7992403,0.82220256,0.8444414,0.84219635,0.79835516,0.79401153,0.80472136,0.79884905,0.80453,0.8087262,0.8037039,0.8035522,0.7883511,0.80515987,0.81461596,0.792,0.7868715,0.76858526
448,2021-08-03,,,,,,,,,,,,,,,,,,,,,,,,,,,,,,,,,,,,,,,,,,
449,2021-08-10,,,,,,,,,,,,,,,,,,,,,,,,,,,,,,,,,,,,,,,,,,
450,2021-08-17,0.8610735,0.8390789,0.8010999,0.8294156,0.8676516,0.874265,0.8703931,0.8269485,0.81023467,0.80305797,0.8515795,0.8550152,0.86685395,0.86555463,0.7807402,0.7761714,0.7814146,0.8370545,0.8594716,0.86631,0.8645299,0.76327366,0.7761843,0.7841374,0.80948263,0.8257777,0.8481903,0.83906364,0.78378963,0.78574896,0.80040765,0.8010936,0.80653965,0.8050865,0.79685664,0.79465187,0.78023607,0.8086951,0.8155438,0.78659505,0.78535765,0.7629854
451,2021-08-24,,,,,,,,,,,,,,,,,,,,,,,,,,,,,,,,,,,,,,,,,,
452,2021-08-31,0.8752859,0.8738523,0.87366563,0.88527507,0.88850856,0.8883734,0.88141865,0.8421474,0.83437055,0.82067275,0.86842674,0.8784502,0.8824019,0.88084656,0.7910849,0.79390925,0.7964441,0.85257596,0.87534165,0.87882876,0.87569547,0.78079945,0.79463476,0.7981227,0.8074601,0.83698887,0.8599674,0.85718817,0.8001009,0.80653346,0.8151304,0.81525,0.8112453,0.8158416,0.81458527,0.8148658,0.80024254,0.82076615,0.82633793,0.8024922,0.790556,0.7748962
453,2021-09-07,,,,,,,,,,,,,,,,,,,,,,,,,,,,,,,,,,,,,,,,,,
454,2021-09-14,0.81962335,0.8188241,0.8164621,0.81914794,0.8282274,0.833411,0.8256712,0.7868388,0.7744117,0.7781682,0.79867357,0.79224575,0.79665846,0.7922267,0.749081,0.75221366,0.7450912,0.76022923,0.7550379,0.77629995,0.7805176,0.7440918,0.74963576,0.73894674,0.73098874,0.73915637,0.7619963,0.7628572,0.74367964,0.73239505,0.7432017,0.74015856,0.7255174,0.7205227,0.7223842,0.7469094,0.7246903,0.7541753,0.7664778,0.73983276,0.7244326,0.6970647
455,2021-09-21,,,,,,,,,,,,,,,,,,,,,,,,,,,,,,,,,,,,,,,,,,
456,2021-09-28,0.6277535,0.62926537,0.6303532,0.64072514,0.6497412,0.64535695,0.6270828,0.60603124,0.607116,0.59967434,0.6284707,0.63367426,0.62811124,0.62129325,0.58941776,0.58554804,0.58944714,0.6090004,0.6141315,0.606302,0.6133794,0.58113813,0.58224356,0.5831765,0.5846907,0.5771637,0.5552117,0.5562017,0.58740884,0.58210826,0.5750228,0.5528799,0.54504305,0.5277949,0.51626736,0.59383124,0.5863974,0.56514657,0.5141565,0.52727884,0.53326035,0.50591666
457,2021-10-05,0.6277535,0.62926537,0.6303532,0.64072514,0.6497412,0.64535695,0.6270828,0.60603124,0.607116,0.59967434,0.6284707,0.63367426,0.62811124,0.62129325,0.58941776,0.58554804,0.58944714,0.6090004,0.6141315,0.606302,0.6133794,0.58113813,0.58224356,0.5831765,0.5846907,0.5771637,0.5552117,0.5562017,0.58740884,0.58210826,0.5750228,0.5528799,0.54504305,0.5277949,0.51626736,0.59383124,0.5863974,0.56514657,0.5141565,0.52727884,0.53326035,0.50591666
458,2021-10-12,,,,,,,,,,,,,,,,,,,,,,,,,,,,,,,,,,,,,,,,,,
459,2021-10-19,,,,,,,,,,,,,,,,,,,,,,,,,,,,,,,,,,,,,,,,,,
460,2021-10-26,,,,,,,,,,,,,,,,,,,,,,,,,,,,,,,,,,,,,,,,,,
461,2021-11-02,0.23437417,0.24758455,0.28433415,0.2780549,0.24163418,0.24716541,0.28943098,0.23405032,0.26049185,0.29152304,0.31193104,0.2845454,0.27141637,0.30001634,0.28870848,0.30468094,0.31978935,0.35021114,0.31576702,0.3200977,0.3345646,0.3389709,0.36445522,0.35396236,0.36874345,0.38082352,0.3691723,0.397699,0.36828667,0.38365322,0.39045197,0.42791244,0.4407188,0.3912506,0.42180255,0.36803788,0.3956499,0.42777637,0.4152997,0.4496372,0.45311096,0.48118144
462,2021-11-09,,,,,,,,,,,,,,,,,,,,,,,,,,,,,,,,,,,,,,,,,,
463,2021-11-16,0.017784106,0.0076373387,0.00035784676,0.0010046957,0.0017010606,0.0017825129,0.0040731304,0.019023165,0.014840929,0.0048525734,0.0040607257,0.005441004,0.005409175,0.015149156,0.014557333,0.024142908,0.016509088,0.009656182,0.010197869,0.0060218265,0.021796389,0.008904674,0.0145411035,0.019505173,0.012590638,0.011983677,0.014931511,0.028478501,0.012961126,0.015123371,0.020128688,0.022263141,0.020499134,0.021639448,0.031594083,0.010349001,0.012264005,0.013480723,0.0145896245,0.017962486,0.022953808,0.031241555
464,2021-11-23,,,,,,,,,,,,,,,,,,,,,,,,,,,,,,,,,,,,,,,,,,
465,2021-11-30,,,,,,,,,,,,,,,,,,,,,,,,,,,,,,,,,,,,,,,,,,
466,2021-12-07,,,,,,,,,,,,,,,,,,,,,,,,,,,,,,,,,,,,,,,,,,
467,2021-12-14,0.12518755,0.10353735,0.030885553,0.00015452855,,,0.027701098,0.029190836,0.024966428,0.0109573435,,,0.00072006095,0.03782512,0.024883086,0.023815203,0.017463906,0.014181354,0.012211777,0.025211265,0.063861646,0.035088066,0.03988934,0.03456728,0.03568762,0.062896706,0.08921671,0.14746034,0.10341827,0.117104374,0.14028674,0.17563824,0.27193925,0.26594412,0.2943084,0.25372183,0.15213706,0.28886306,,,,
468,2021-12-21,,,0.0027963521,0.0073847254,0.010332502,0.01085172,0.0113248145,0.0008998399,,,0.0015681168,0.005018878,0.009682901,0.009550393,0.003194484,,,,0.00092852034,0.006600689,0.0085282475,,,,,,0.003612088,0.0076462575,,,,,,,0.0029075553,,,,,,,
469,2021-12-28,,,,,,,,,,,,,,,,,,,,,,,,,,,,,,,,,,,,,,,,,,
470,2022-01-04,,,,,,,,,,,,,,,,,,,,,,,,,,,,,,,,,,,,,,,,,,
471,2022-01-11,0.5188718,0.5202224,0.52565587,0.5548018,0.54953736,0.52740544,0.4718346,0.6973638,0.730075,0.70925343,0.5886415,0.5617166,0.6025343,0.49522164,0.79969734,0.8183951,0.7860463,0.6048439,0.5752631,0.57660747,0.5755528,0.7890174,0.80281913,0.8204435,0.75987345,0.7030432,0.6413037,0.6078378,0.7771181,0.77917725,0.7846788,0.79899263,0.8022393,0.76737255,0.73386836,0.7733852,0.7669487,0.7606375,0.73955613,0.79762167,0.78510475,0.76107585
472,2022-01-18,0.50177824,0.48445353,0.53269,0.5255734,0.5330665,0.5354207,0.4512992,0.6540886,0.68211883,0.7005073,0.57165974,0.5554744,0.56660104,0.52588254,0.7948375,0.80085695,0.7747296,0.65177315,0.5758015,0.57566357,0.5704874,0.7968623,0.7988291,0.78874356,0.7735008,0.72167814,0.64088213,0.61148065,0.8005568,0.7965892,0.78777534,0.7856447,0.79689205,0.7470192,0.7466629,0.7857738,0.7904183,0.7501158,0.73862004,0.77412,0.77377015,0.76956195
473,2022-01-25,0.50177824,0.48445353,0.53269,0.5255734,0.5330665,0.5354207,0.4512992,0.6540886,0.68211883,0.7005073,0.57165974,0.5554744,0.56660104,0.52588254,0.7948375,0.80085695,0.7747296,0.65177315,0.5758015,0.57566357,0.5704874,0.7968623,0.7988291,0.78874356,0.7735008,0.72167814,0.64088213,0.61148065,0.8005568,0.7965892,0.78777534,0.7856447,0.79689205,0.7470192,0.7466629,0.7857738,0.7904183,0.7501158,0.73862004,0.77412,0.77377015,0.76956195
474,2022-02-01,0.55732644,0.5390322,0.5433198,0.53757566,0.5372049,0.5508978,0.5888591,0.7020614,0.71801394,0.6741999,0.5642977,0.5611722,0.6005511,0.5696855,0.8036722,0.807901,0.7523895,0.62569267,0.5698292,0.56096923,0.59088683,0.77978474,0.7835061,0.7896388,0.7538094,0.68849456,0.61476046,0.60193974,0.7804432,0.77129394,0.7675256,0.7641279,0.76246494,0.7349093,0.7158063,0.77583396,0.7594924,0.7444419,0.7135364,0.77210844,0.7575687,0.74546367
475,2022-02-08,0.57487804,0.5212289,0.5491447,0.5292324,0.546794,0.58026373,0.6161202,0.6879129,0.72764975,0.6607748,0.5593006,0.5659179,0.59148145,0.5548886,0.80215603,0.79692346,0.73140115,0.6219897,0.574156,0.5627352,0.5977324,0.7646364,0.76979065,0.7892609,0.7429296,0.71030957,0.6199458,0.61802715,0.7615721,0.75780374,0.7635585,0.7624843,0.76001084,0.71918017,0.7126421,0.7575607,0.7447118,0.72621524,0.7110486,0.7563829,0.7514517,0.73569286
476,2022-02-15,0.5613778,0.53282756,0.54544926,0.52610475,0.5392091,0.58507717,0.5765253,0.6845627,0.69036156,0.6408675,0.5625368,0.5602795,0.6021666,0.5479267,0.78168184,0.78636974,0.73505706,0.61872196,0.61166656,0.5815872,0.5790196,0.7653233,0.77178055,0.77143455,0.73919046,0.7076606,0.61747,0.6036831,0.75561893,0.7523674,0.7557203,0.756414,0.7593695,0.71772826,0.7109006,0.7583743,0.7421931,0.7193719,0.70433986,0.7525626,0.7554311,0.7361934
477,2022-02-22,,,,,,,,,,,,,,,,,,,,,,,,,,,,,,,,,,,,,,,,,,
478,2022-03-01,,,,,,,,,,,,,,,,,,,,,,,,,,,,,,,,,,,,,,,,,,
479,2022-03-08,0.55835104,0.5026816,0.51853263,0.49096388,0.5370044,0.59589946,0.5830483,0.66177547,0.6687425,0.63115126,0.48589805,0.5207906,0.5698622,0.55288905,0.76569587,0.76143944,0.66369236,0.5011668,0.48990285,0.54817957,0.5803422,0.72934055,0.73186094,0.69296527,0.592656,0.5913588,0.58184206,0.5971694,0.709483,0.71222144,0.71995217,0.70880055,0.70319843,0.6812337,0.6635588,0.7133705,0.70553094,0.66685027,0.64800197,0.70916945,0.70004326,0.6890771
480,2022-03-15,0.52322274,0.48851347,0.5057488,0.49510467,0.5406652,0.5981534,0.58268815,0.6231739,0.63069403,0.5965741,0.49579066,0.55265117,0.5975341,0.5785778,0.7025014,0.7135667,0.6689508,0.55233663,0.5366831,0.5747784,0.5786853,0.6896455,0.6900624,0.6892727,0.65329003,0.61508536,0.5935461,0.5714468,0.684807,0.6810022,0.67028373,0.6721907,0.6741096,0.6624794,0.63359517,0.688582,0.67531174,0.6507972,0.5965907,0.6956358,0.6785649,0.6639546
481,2022-03-22,0.52322274,0.48851347,0.5057488,0.49510467,0.5406652,0.5981534,0.58268815,0.6231739,0.63069403,0.5965741,0.49579066,0.55265117,0.5975341,0.5785778,0.7025014,0.7135667,0.6689508,0.55233663,0.5366831,0.5747784,0.5786853,0.6896455,0.6900624,0.6892727,0.65329003,0.61508536,0.5935461,0.5714468,0.684807,0.6810022,0.67028373,0.6721907,0.6741096,0.6624794,0.63359517,0.688582,0.67531174,0.6507972,0.5965907,0.6956358,0.6785649,0.6639546
482,2022-03-29,,,,,,,,,,,,,,,,,,,,,,,,,,,,,,,,,,,,,,,,,,
483,2022-04-05,0.6021796,0.5669665,0.58275944,0.57804006,0.6113202,0.65666425,0.6596927,0.6647309,0.6756123,0.6621914,0.5793323,0.5967304,0.6455699,0.6488831,0.75751805,0.7599198,0.7124466,0.6028987,0.59612954,0.63306415,0.64620084,0.7365905,0.7469575,0.7439366,0.66489625,0.65111476,0.6089075,0.6302396,0.7330449,0.72433174,0.723626,0.7250239,0.7242149,0.6847761,0.68476325,0.7475141,0.7321718,0.69073147,0.67538846,0.72625077,0.73144925,0.7115903
484,2022-04-12,0.5476372,0.5392425,0.55269146,0.56277966,0.58681685,0.6124258,0.5883152,0.5672123,0.5689389,0.5810456,0.553567,0.5739619,0.58873475,0.57974774,0.6124424,0.6179945,0.60506946,0.55925745,0.555612,0.5674235,0.58138126,0.6026063,0.60749716,0.6022232,0.5827759,0.55870694,0.55498546,0.5607682,0.593601,0.5912676,0.591647,0.59334147,0.5840991,0.5823229,0.56967264,0.6024681,0.5924926,0.56895095,0.56008595,0.6127085,0.60358846,0.5899246
485,2022-04-19,0.7061238,0.7006789,0.71442896,0.71778846,0.7485265,0.7773471,0.7710962,0.7337076,0.73057723,0.7279508,0.713708,0.73231345,0.7632201,0.76107115,0.76860654,0.7805576,0.7637287,0.70259047,0.7089142,0.7416968,0.7504626,0.7600785,0.7708683,0.7685182,0.740167,0.7200093,0.710644,0.7150059,0.7611266,0.76339763,0.7680273,0.76119757,0.75607383,0.74376225,0.7302347,0.7710391,0.7584152,0.7489919,0.7332517,0.77657306,0.7621495,0.7440702
486,2022-04-26,,,,,,,,,,,,,,,,,,,,,,,,,,,,,,,,,,,,,,,,,,
487,2022-05-03,0.8463195,0.84791553,0.8450306,0.84973544,0.8413598,0.8409257,0.83672273,0.83086205,0.83206165,0.81635314,0.8358743,0.834982,0.8423337,0.8364994,0.8098799,0.814689,0.8172277,0.8289835,0.84252703,0.8498625,0.85919267,0.81227976,0.83041894,0.8305518,0.82132584,0.8392475,0.8567147,0.8539869,0.8387022,0.8448743,0.84716165,0.84039056,0.8324499,0.8415286,0.84316194,0.8473138,0.8451077,0.8452837,0.84252834,0.82667285,0.81455857,0.8127237
488,2022-05-10,0.8834498,0.8801594,0.882727,0.88837314,0.8859376,0.883482,0.8789848,0.84611875,0.8394326,0.8262781,0.87074256,0.8781313,0.8792187,0.87967867,0.7901838,0.7896823,0.81631505,0.8543877,0.87675256,0.88277024,0.8862774,0.7804985,0.78909695,0.7973311,0.8119812,0.846657,0.8754889,0.8696221,0.7945678,0.80173385,0.8147456,0.8127667,0.8152643,0.827072,0.8182946,0.8033627,0.79484606,0.8202211,0.8281238,0.80962557,0.79347456,0.78404135
489,2022-05-17,0.8834498,0.8801594,0.882727,0.88837314,0.8859376,0.883482,0.8789848,0.84611875,0.8394326,0.8262781,0.87074256,0.8781313,0.8792187,0.87967867,0.7901838,0.7896823,0.81631505,0.8543877,0.87675256,0.88277024,0.8862774,0.7804985,0.78909695,0.7973311,0.8119812,0.846657,0.8754889,0.8696221,0.7945678,0.80173385,0.8147456,0.8127667,0.8152643,0.827072,0.8182946,0.8033627,0.79484606,0.8202211,0.8281238,0.80962557,0.79347456,0.78404135
490,2022-05-24,0.79963106,0.8043266,0.8030425,0.80418926,0.79009604,0.7772218,0.7792609,0.76854706,0.77063507,0.7663117,0.79139376,0.7818598,0.77956617,0.7828952,0.7310034,0.73701245,0.749966,0.79003906,0.7788118,0.7907181,0.7983995,0.736156,0.74592274,0.742561,0.7567561,0.76540375,0.7874531,0.79614955,0.753344,0.75824213,0.76253873,0.75696445,0.7583257,0.76077163,0.76146996,0.76337934,0.7526098,0.7661748,0.77613264,0.75400937,0.7474824,0.7382988
491,2022-05-31,0.895638,0.8929792,0.8915638,0.89719874,0.89905447,0.89967996,0.8991627,0.8590453,0.8546273,0.8434155,0.8831485,0.89426047,0.8960905,0.8980283,0.7982625,0.80336124,0.8218668,0.8668883,0.8867509,0.89787775,0.8969485,0.78472584,0.80640477,0.802619,0.8229764,0.84780127,0.88289046,0.87824726,0.79913,0.8115607,0.82036316,0.81363446,0.8102838,0.8286805,0.8259855,0.80907637,0.80047816,0.8213228,0.83577096,0.8143893,0.80104923,0.79035074
492,2022-06-07,,,,,,,,,,,,,,,,,,,,,,,,,,,,,,,,,,,,,,,,,,
493,2022-06-14,0.8675119,0.8676251,0.8629533,0.86701286,0.86077774,0.8632108,0.8586489,0.83844274,0.83334833,0.82489693,0.8569152,0.84997267,0.8553811,0.85740083,0.7856904,0.7864737,0.80318,0.84124666,0.8594236,0.8629625,0.8673442,0.77526003,0.78671634,0.7912581,0.8070627,0.8335386,0.855684,0.8544664,0.7841742,0.7911635,0.80226666,0.7921868,0.80572945,0.81482905,0.8093084,0.7950399,0.78862417,0.809798,0.8175994,0.7986355,0.78999346,0.7745309
494,2022-06-21,0.86495405,0.8591271,0.8585336,0.8636826,0.8622717,0.8622622,0.85618037,0.825995,0.8185984,0.80629903,0.8462007,0.8565902,0.8568135,0.8557416,0.77247417,0.77102464,0.7919975,0.83631223,0.852254,0.8596719,0.86175174,0.76567733,0.7788718,0.7812483,0.79479647,0.8195492,0.85332716,0.8453154,0.7856035,0.79270613,0.80486965,0.7946821,0.79232323,0.80406755,0.79278123,0.79477507,0.78459406,0.8022162,0.81105804,0.7900944,0.77436763,0.76175314
495,2022-06-28,0.85775185,0.852177,0.85360855,0.86084425,0.8565867,0.8556168,0.84901565,0.8204546,0.807549,0.7959509,0.84356034,0.8470332,0.84511584,0.8486836,0.75535315,0.7601081,0.778748,0.8212608,0.8483176,0.8513841,0.8569325,0.74360436,0.7590072,0.7677728,0.7817601,0.81498176,0.84302604,0.83931226,0.76033944,0.77188784,0.7933672,0.7804414,0.7891569,0.7918073,0.7880044,0.7718568,0.76142,0.7954655,0.8013125,0.7821362,0.7718498,0.75035775
496,2022-07-05,0.8807406,0.8778713,0.87439483,0.88412076,0.88064253,0.8745053,0.8753607,0.84116423,0.83474374,0.8385274,0.8660419,0.8744523,0.87191564,0.8778043,0.7824801,0.7874409,0.7998672,0.8515817,0.86400974,0.8759409,0.8805305,0.77160966,0.78597283,0.79127175,0.80679816,0.822388,0.8644381,0.8662389,0.7896696,0.79139036,0.80148596,0.80508906,0.8090429,0.81888753,0.81607926,0.8016937,0.786873,0.8096081,0.8298615,0.80050933,0.7917157,0.77415633
497,2022-07-12,0.8807406,0.8778713,0.87439483,0.88412076,0.88064253,0.8745053,0.8753607,0.84116423,0.83474374,0.8385274,0.8660419,0.8744523,0.87191564,0.8778043,0.7824801,0.7874409,0.7998672,0.8515817,0.86400974,0.8759409,0.8805305,0.77160966,0.78597283,0.79127175,0.80679816,0.822388,0.8644381,0.8662389,0.7896696,0.79139036,0.80148596,0.80508906,0.8090429,0.81888753,0.81607926,0.8016937,0.786873,0.8096081,0.8298615,0.80050933,0.7917157,0.77415633
498,2022-07-19,0.8873032,0.8852671,0.88150454,0.88867235,0.8939383,0.88832635,0.88553214,0.8482194,0.8288264,0.8277465,0.8642257,0.8822569,0.88667977,0.8866064,0.77233225,0.77799743,0.7957889,0.8456987,0.8767978,0.8855529,0.89151883,0.7566993,0.7769438,0.7878269,0.80935585,0.82217246,0.86676764,0.87115014,0.7783236,0.78227115,0.79067457,0.7864386,0.8031048,0.8162646,0.80686235,0.7890887,0.7828526,0.80286735,0.819277,0.80240756,0.7847791,0.76466674
499,2022-07-26,,,,,,,,,,,0.50265133,,,,,,,,,,,,,,,,,,,,,,,,,,,,,,,
500,2022-08-02,0.7933396,0.8119659,0.856306,0.87408066,0.87117743,0.8596568,0.8562041,0.75754476,0.77422756,0.8105232,0.84665513,0.8585128,0.84112203,0.8581972,0.7553343,0.7567978,0.78306586,0.8201554,0.8542314,0.85632133,0.8660095,0.77217776,0.774436,0.76446676,0.7949831,0.82298124,0.8451249,0.84789777,0.7881141,0.7808828,0.7945315,0.80749565,0.8211293,0.7796294,0.81207424,0.7919986,0.77436334,0.8045002,0.82896036,0.8015619,0.7519949,0.788816
501,2022-08-09,0.80985117,0.70855045,,,,,,0.77240765,0.5763343,,,0.5273982,0.8082359,0.5151974,0.9217452,0.8412391,0.44683266,,0.54874516,0.6304008,0.5060471,0.8672015,0.5570525,0.46150258,,,,,0.90765584,0.4702908,0.5363754,,,,,0.8678279,0.57952505,0.54641,,,,
502,2022-08-16,0.88496774,0.8827165,0.87766486,0.886164,0.8889618,0.88317144,0.8747356,0.8508346,0.8393364,0.8248874,0.8674919,0.8771734,0.8763632,0.8782584,0.78910536,0.7920068,0.8021412,0.84166116,0.8772859,0.87974304,0.88664323,0.77024543,0.7894282,0.7960342,0.8071984,0.8427498,0.87723845,0.869569,0.79346037,0.79781663,0.8094985,0.8102719,0.8097616,0.8229068,0.8158764,0.8035881,0.7951491,0.8191217,0.8278424,0.8054704,0.79357517,0.7766946
503,2022-08-23,0.8803455,0.8795366,0.8745213,0.88116103,0.8804049,0.8707142,0.86282027,0.84888315,0.83719057,0.82811314,0.8647564,0.8703385,0.8661524,0.8687928,0.7942154,0.795778,0.8025642,0.8506901,0.8679244,0.87546617,0.8797344,0.7798242,0.7948693,0.80096984,0.8121398,0.83467907,0.86788386,0.87188953,0.80342937,0.80738324,0.8111557,0.8108846,0.8145516,0.8232059,0.8243928,0.81352067,0.7948538,0.8211298,0.8329483,0.8082702,0.8003643,0.7802625
504,2022-08-30,0.8785853,0.8732442,0.8659828,0.87447995,0.8799607,0.8698529,0.8556273,0.8499035,0.83697325,0.8261741,0.8575011,0.86716837,0.8633184,0.8637082,0.7944277,0.79430777,0.806557,0.84877634,0.8692093,0.8717619,0.87668806,0.7894487,0.79507846,0.80138785,0.82139754,0.8325719,0.8657739,0.8687067,0.80405486,0.8008185,0.81605166,0.8067689,0.8142378,0.82850635,0.819428,0.8124931,0.80575895,0.8208524,0.82961553,0.81655854,0.7988478,0.785312
505,2022-09-06,0.8785853,0.8732442,0.8659828,0.87447995,0.8799607,0.8698529,0.8556273,0.8499035,0.83697325,0.8261741,0.8575011,0.86716837,0.8633184,0.8637082,0.7944277,0.79430777,0.806557,0.84877634,0.8692093,0.8717619,0.87668806,0.7894487,0.79507846,0.80138785,0.82139754,0.8325719,0.8657739,0.8687067,0.80405486,0.8008185,0.81605166,0.8067689,0.8142378,0.82850635,0.819428,0.8124931,0.80575895,0.8208524,0.82961553,0.81655854,0.7988478,0.785312
506,2022-09-13,,,,,,,,,,,,,,,,,,,,,,,,,,,,,,,,,,,,,,,,,,
507,2022-09-20,0.95561624,0.8920066,0.7132931,,,,,0.8666807,0.66243726,0.39888063,,,,,0.649271,0.51440936,0.46485403,,,,,0.70073396,0.691633,0.60689694,0.40155154,,0.32270673,,0.5985705,0.64991003,0.6378951,0.5965118,0.5403941,0.50559664,0.35139364,0.6243568,0.71288925,0.6444278,0.7559079,,0.5556058,0.26857188
508,2022-09-27,0.768223,0.76254654,0.75214326,0.75315577,0.7337802,0.72904664,0.72573847,0.731886,0.7392675,0.73702675,0.7413034,0.7307413,0.7321469,0.73286176,0.6910017,0.6926699,0.6967293,0.731137,0.72821677,0.75119716,0.7563692,0.695644,0.6928796,0.6967438,0.7002687,0.7054191,0.74720937,0.7671299,0.72241277,0.7154367,0.70933163,0.7095622,0.7189421,0.7305495,0.7415674,0.71282905,0.6945818,0.6889634,0.7046652,0.6934548,0.6970378,0.6891332
509,2022-10-04,0.6464108,0.6326022,0.64433026,0.6420007,0.6002895,0.56277925,0.53070045,0.6214565,0.6161623,0.6049263,0.6067231,0.5915667,0.56072503,0.53224957,0.56607485,0.5745321,0.5792817,0.58647287,0.57920676,0.5537263,0.5392142,0.5331472,0.55106515,0.5456978,0.55258197,0.55991673,0.55080765,0.553646,0.48087484,0.48950446,0.49597538,0.52471143,0.5442663,0.54281753,0.5505997,0.5029216,0.49011096,0.49143788,0.5148747,0.530216,0.54708016,0.5530048
510,2022-10-11,0.8623055,0.85522395,0.8527629,0.8575195,0.855946,0.84228617,,0.84382325,0.8354444,0.8242475,0.8449591,0.84267235,0.8430999,,0.8254598,0.8269198,0.8217386,0.8403651,0.8492069,0.85704285,0.86641043,0.8174574,0.82636285,0.82260007,0.82437927,0.84314287,0.8719404,0.8699715,0.8361458,0.8329878,0.8408509,0.8376685,0.8357728,0.8388435,0.82385343,0.8369011,0.82273304,0.8313006,0.8348471,0.8326892,0.8184844,0.8022506
511,2022-10-18,,,,,,,,,,,,,,,,,,,,,,,,,,,,,,,,,,,,,,,,,,
512,2022-10-25,0.83964616,0.839735,0.82964563,0.83714753,0.8482061,0.83213073,0.8092343,0.8273396,0.8148527,0.80525255,0.8285834,0.81909364,0.81905013,0.8046503,0.8185848,0.8157344,0.80860305,0.8124903,0.8248867,0.8222323,0.85166264,0.795232,0.80547255,0.8161504,0.80323195,0.83113974,0.85030293,0.8529771,0.8028635,0.8114842,0.8167609,0.8139563,0.81635183,0.82186407,0.81334704,0.7981636,0.79309326,0.7941219,0.80309373,0.82713604,0.80706614,0.7816993
513,2022-11-01,,,,,,,,,,,,,,,,0.8157344,,,,,,,0.80547255,,,,,,,,,,,,0.81334704,0.7981636,0.79309326,0.7941219,0.80309373,0.82713604,0.80706614,0.7816993
514,2022-11-08,,,,,,,0.6543095,,,,,,,0.607681,,,,,,0.7019825,,,,,,,,,,,,,,,,,,,,,,
515,2022-11-15,,,,,,,,,,,,,,,,,,,,,,,,,,,,,,,,,,,,,,,,,,
516,2022-11-22,,,,,,,0.4567418,0.51877004,,,,,0.47942108,0.46934664,,,,,,,0.53121656,,,,,,,,,,,,,,,,,,,,,
517,2022-11-29,,,,,,,,,,,,,,,,,,,,,,,,,,,,,,,,,,,,,,,,,,
518,2022-12-06,,,,,,,,,,,,,,,,,,,,,,,,,,,,,,,,,,,,,,,,,,
519,2022-12-13,,,,,,,,,,,,,,,,,,,,,,,,,,,,,,,,,,,,,,,,,,
