,0,1,2,3,4,date
0,0.49353970813269643,0.5856811577870571,0.6172283142520066,0.5351470525120474,0.7796722864287506,2017-01-01
1,0.46567802197436736,0.5512004594157044,0.5830943011116683,0.5240894317796445,0.723335122786072,2017-01-08
2,0.4402256125820995,0.5183335018617922,0.5501578144923354,0.5142461216163625,0.6689784547277924,2017-01-15
3,0.4184573272728543,0.4883969895868418,0.5197132554852556,0.5062596634152146,0.6181668421916113,2017-01-22
4,0.40164801336359296,0.4627076270523742,0.49305502518167665,0.5007725985692136,0.5724648451152281,2017-01-29
5,0.391066836053438,0.442588464453365,0.4714943952432208,0.49842824110463024,0.5334442747345147,2017-02-05
6,0.38787883308117593,0.4294788405108785,0.45660095892935965,0.49988406391264656,0.502809825707381,2017-02-12
7,0.39315782965554574,0.4249199592046337,0.45014622100740637,0.505809942625153,0.48238259458117516,2017-02-19
8,0.40797456606087007,0.4304564697276703,0.4539070596832617,0.5168761723505921,0.4739876147640097,2017-02-26
9,0.4333991246042326,0.4476322790837031,0.46965540970109654,0.5337527660272782,0.4794490698014615,2017-03-05
10,0.4696621314063301,0.4770443991820785,0.4979423485154758,0.5567497401593751,0.49950687721889986,2017-03-12
11,0.5145104367504507,0.5164881767659405,0.536504845802064,0.5851119568580045,0.5316928374463769,2017-03-19
12,0.5652337060815599,0.5632432603351567,0.5826847183120325,0.6178882168862243,0.5729482376826577,2017-03-26
13,0.6191216048446236,0.6145892983895952,0.6338237827965528,0.6541273210070923,0.6202143651265076,2017-04-02
14,0.6735094170568962,0.6678316023267293,0.6872768146532474,0.6928525461607062,0.6704637535626745,2017-04-09
15,0.7262916360905106,0.7205900688476587,0.7404998964758375,0.7327742888120539,0.7210519689996924,2017-04-16
16,0.7757377467401182,0.770695547473712,0.79099677699036,0.7723931358200854,0.7695914290119967,2017-04-23
17,0.8201241543067437,0.8159827808828322,0.8362714826716192,0.8102058019852755,0.813699291396845,2017-04-30
18,0.8577304177406873,0.8542903143566036,0.8738578189407219,0.8447103365108847,0.8509969205263471,2017-05-07
19,0.8874806299584993,0.8842338586105114,0.9026231224571526,0.874677510087348,0.8799654087060599,2017-05-14
20,0.9097252941545773,0.9061490597250468,0.9232762601908665,0.8994816500098166,0.9009885016696513,2017-05-21
21,0.9250061264963789,0.9206021243422187,0.936660807503018,0.9185779914683101,0.9147049994113641,2017-05-28
22,0.9338648431513623,0.9281592591040361,0.9436203397547615,0.9314217696528477,0.9217537019254416,2017-06-04
23,0.9368898020674855,0.9294417852880192,0.9450037640616876,0.9375591452507654,0.9228197351413083,2017-06-11
24,0.9350704473998549,0.9255449709181118,0.9416832530868415,0.9373181736897098,0.9189865951499789,2017-06-18
25,0.929600693746707,0.9178056981638802,0.9345373237674836,0.9314255138924927,0.9115408638679537,2017-06-25
26,0.921676085421995,0.9075627749615914,0.9244444931826934,0.9206110018199917,0.9017707418914638,2017-07-02
27,0.91248994285483,0.8961527219169317,0.9122891786150155,0.9056097365481411,0.8909615312098536,2017-07-09
28,0.9030694240231573,0.8847411566964377,0.8990574946181767,0.8875500623793662,0.880181958018609,2017-07-16
29,0.8941633122818226,0.8742073805278924,0.8858213248847491,0.8682191336597691,0.8701379156074373,2017-07-23
30,0.8864938340401445,0.8654033800441527,0.873655238680115,0.8494669552289636,0.8615006829983838,2017-07-30
31,0.8807832157074416,0.8591811418780761,0.8636328950570528,0.833143531926563,0.8549415392134936,2017-08-06
32,0.8775885700688905,0.856187829569866,0.8564814595437921,0.8208446078591162,0.8509670596656501,2017-08-13
33,0.8764414674586594,0.8557984234734196,0.8520610124562192,0.8125866802555283,0.8490608239737327,2017-08-20
34,0.8764803172663375,0.8569001886435614,0.8500982055591118,0.8077808124170036,0.8483142271207971,2017-08-27
35,0.8768427249355208,0.8583793928418548,0.8503196906172468,0.8058368296372921,0.8478178621402878,2017-09-03
36,0.876663037811862,0.8591235941572958,0.8523741522636992,0.8061523033222601,0.8466650708025065,2017-09-10
37,0.8749531774501873,0.8580688358254508,0.8552398131379999,0.8076643546578074,0.8440524809941862,2017-09-17
38,0.870568436264954,0.8542131920214198,0.8575530998805196,0.808721013906671,0.8393088628207832,2017-09-24
39,0.8623538774719867,0.8465587880617464,0.8579477148732794,0.8076318387456372,0.8317716163846993,2017-10-01
40,0.8491545642871104,0.8341077492629744,0.8550669806962823,0.802706386851492,0.8207781417883366,2017-10-08
41,0.8300832733146132,0.8161824665731945,0.8480754956182519,0.7925790928830255,0.8059136954566283,2017-10-15
42,0.8054730041003946,0.7935650841238093,0.836915214999564,0.777365162964804,0.7878932493386821,2017-10-22
43,0.7760042204116689,0.7674534176303672,0.8215915085915922,0.7576014598603201,0.7677534671921504,2017-10-29
44,0.7423574111577796,0.7390453128859554,0.8021097461457093,0.7338248768436773,0.7465310360519511,2017-11-05
45,0.7052352723228861,0.7095290796434885,0.7785695819656816,0.7065875379586921,0.7252391789146987,2017-11-12
46,0.6658342940759909,0.6798809852674748,0.7515195983765666,0.6767802370459562,0.7043693748839925,2017-11-19
47,0.6258355138226783,0.6508692255077813,0.7216418475509335,0.6456260957036131,0.6839011295138768,2017-11-26
48,0.5869403264465176,0.6232532543178224,0.6896184036339013,0.6143621977495803,0.6637924386076908,2017-12-03
49,0.5508500579127209,0.5977925089181492,0.6561210946986027,0.5842255866254886,0.644001325901031,2017-12-10
50,0.5188473971726777,0.5751447845873908,0.6216218147859484,0.5562080444387135,0.624655486576415,2017-12-17
51,0.49080694071525066,0.5556260022653771,0.5864105621939518,0.5304764127760576,0.6064533085110441,2017-12-24
52,0.46630755528809537,0.5394802819183305,0.5507707069204896,0.5070242779494372,0.5902130373381971,2017-12-31
53,0.4449281076388676,0.5269517435124736,0.514986739333306,0.4858452262707688,0.5767529186911526,2018-01-07
54,0.42630324522002455,0.5182924374527762,0.48006798760876856,0.46700998648936476,0.5668727289081993,2018-01-14
55,0.41087417926843434,0.5138690847047677,0.4489950914514293,0.45170473213900175,0.5611051866682482,2018-01-21
56,0.39968895979638147,0.5141346815464718,0.42508065200784817,0.4419548700046043,0.5597820830284712,2018-01-28
57,0.3938104561068945,0.5195443311399668,0.4116372704245842,0.4398063013451725,0.5632303022982101,2018-02-04
58,0.39430059105815246,0.5305522418969801,0.4116736823481456,0.4473024497752867,0.5717759437139108,2018-02-11
59,0.40186100133960534,0.5472720147694072,0.4253175919676332,0.465543566134285,0.5854462503178651,2018-02-18
60,0.41629172292674316,0.5689648951217836,0.4511067916626131,0.49326965176720017,0.603520590320057,2018-02-25
61,0.43725405193969774,0.5947609663873457,0.48756240010493224,0.5288575088019654,0.6251632476759297,2018-03-04
62,0.4644092844986018,0.6237903119993303,0.5331933274257428,0.5706839393665138,0.6495385063409262,2018-03-11
63,0.49735388657969715,0.6551669133344984,0.5856933056894588,0.617061584678775,0.675810610462701,2018-03-18
64,0.5350382566653907,0.687844286056462,0.6414425664858394,0.6656636877409593,0.7031434074827329,2018-03-25
65,0.5760419556015283,0.7206838397774049,0.6967023024000859,0.7137964820316568,0.7307005171362907,2018-04-01
66,0.6189401358569095,0.752545889187737,0.747733706017398,0.7587618381595651,0.7576455564517587,2018-04-08
67,0.6623082704335767,0.7822929991266956,0.7913286027399522,0.7978715263135177,0.7831434127117162,2018-04-15
68,0.7047567422619295,0.8090328027259401,0.8270371230999605,0.829515500120734,0.8064973191707157,2018-04-22
69,0.7449617444956571,0.8323349220069234,0.8553028386743503,0.8541162436707332,0.8272713110882024,2018-04-29
70,0.7816067609357595,0.8518201594595632,0.8765697794206272,0.8723214106697299,0.845058316125759,2018-05-06
71,0.8133752753832375,0.8671093175737784,0.8912942549393714,0.8847786548239396,0.8594512619449688,2018-05-13
72,0.8390989353893836,0.8778996156911328,0.9002056236857294,0.8921541731429223,0.8701043091190006,2018-05-20
73,0.8586645464871335,0.8844324808341296,0.9043011797690002,0.8952462200017685,0.8771076924650388,2018-05-27
74,0.8724166782379481,0.8871854361404654,0.9045894741869108,0.8949103408283707,0.8807408308903752,2018-06-03
75,0.8807017537687917,0.886636960741727,0.9020789646113513,0.8920023130319759,0.8812839093413112,2018-06-10
76,0.8838736462642764,0.8832681605519991,0.8976590423593058,0.8873738992631113,0.8790203547797953,2018-06-17
77,0.8826524541940481,0.877689267220249,0.891866806227721,0.8816795071684027,0.8743929631499403,2018-06-24
78,0.8782837904589578,0.8706958011777716,0.8851745090655356,0.8752903501234643,0.8680732166811482,2018-07-01
79,0.8720538840053415,0.863097603485637,0.878054403721689,0.8685557539386799,0.8607502723459183,2018-07-08
80,0.865248963779535,0.8557045152049155,0.8709463543390721,0.8618250444244331,0.8531132871167493,2018-07-15
81,0.8590176175956011,0.8491690880096678,0.8639507208871992,0.855417956143142,0.8457341119672136,2018-07-22
82,0.85379295501389,0.8433262608873529,0.8569652125156173,0.849500404126172,0.8385748245431295,2018-07-29
83,0.8497763354408224,0.8377461403654751,0.8498848261360376,0.8441884798081357,0.8313999911587895,2018-08-05
84,0.8471689993832343,0.8319986970990529,0.842603698142986,0.8395982490616127,0.8239740767951531,2018-08-12
85,0.8461425884604877,0.8256518540499178,0.834943577257275,0.8358303242287005,0.816057582078328,2018-08-19
86,0.8460564830009225,0.8182173407870539,0.826600099533876,0.8325612373670102,0.8073022166539,2018-08-26
87,0.8453772514806237,0.8091451208840604,0.8172562461544686,0.8290013849340915,0.7972401105717006,2018-09-02
88,0.842525708211638,0.7978819925763109,0.8065949983007314,0.8243372752136808,0.7853972657545365,2018-09-09
89,0.8359226684532644,0.7838747545412993,0.7943557386029372,0.8177554167920185,0.7712996845268841,2018-09-16
90,0.8243138513662112,0.7667218511617486,0.7805981661660666,0.8085460758303508,0.7546111404407214,2018-09-23
91,0.8076893109940659,0.746602507906842,0.7654949129501137,0.796396894973814,0.7355230508943873,2018-09-30
92,0.78633694795451,0.7238349672091865,0.7492187381395619,0.7810906337255382,0.714353131209828,2018-10-07
93,0.7605446628652247,0.698737471501389,0.7319439905419757,0.7624100515886533,0.6914190967089898,2018-10-14
94,0.7306405127044253,0.6716542690557296,0.7138856015286578,0.7401775108985575,0.667051874195755,2018-10-21
95,0.6976446987656227,0.6433778508102742,0.6953014533461237,0.714897977564769,0.6418101066314696,2018-10-28
96,0.6631611609342161,0.6150787452550391,0.6764514920039879,0.687652109647082,0.6164444875457951,2018-11-04
97,0.6288121169110482,0.5879393178575868,0.657595663388246,0.6595385910734138,0.5917117238875695,2018-11-11
98,0.5962194755983843,0.5631416051983054,0.6389935131317213,0.6316559852792487,0.5683684075969275,2018-11-18
99,0.5667310358938272,0.5415757018886693,0.6209032972116857,0.6049958986611138,0.5470690412946053,2018-11-25
100,0.5409171263090057,0.5233036545616301,0.6035830123572135,0.5802465706134352,0.5281785671285126,2018-12-02
101,0.5192111780696795,0.508241706842238,0.5872906552973791,0.5580428235517301,0.5120109413266589,2018-12-09
102,0.5020466224016085,0.4963061023555434,0.5722632985538925,0.5390194798915153,0.49888012011705274,2018-12-16
103,0.48977514100800745,0.4873698091206052,0.5584947707378534,0.5237450408581827,0.48904657026429377,2018-12-23
104,0.48179807739250646,0.4808027162368292,0.5458219689051305,0.512017023841916,0.4821489435208441,2018-12-30
105,0.47690365363964893,0.47565014575868453,0.534079174585671,0.5031355373069586,0.47742472066359404,2019-01-06
106,0.4738698731436599,0.4709520102898911,0.5231014265182881,0.49639239956878756,0.4741046962865072,2019-01-13
107,0.4714772152446841,0.465751245951956,0.5128062326018105,0.4910808217112542,0.471421770292668,2019-01-20
108,0.468931071217792,0.45960967289498045,0.5032665669330852,0.48673303615540575,0.4689701473152014,2019-01-27
109,0.46633991875652725,0.453191921240895,0.49457262660505497,0.48338927922993385,0.46711193085711566,2019-02-03
110,0.46392775328725466,0.44730368635751666,0.4868146087106623,0.48115476826476683,0.46630744972374977,2019-02-10
111,0.4619185702363396,0.4427506636126625,0.48026765322099474,0.4801347205898331,0.4670170327204425,2019-02-17
112,0.4606878011646378,0.4404220298952709,0.4763556046645916,0.4805607750494283,0.4697745593988331,2019-02-24
113,0.4618521947764501,0.4418912574487347,0.4769426850194143,0.483700843591437,0.4757168024219217,2019-03-03
114,0.4676365156983946,0.44906699673683387,0.48389401675898736,0.4913304204123079,0.48627584062252893,2019-03-10
115,0.48026969496564653,0.46386019502077547,0.4990303996797577,0.5052284778986926,0.5028857764090227,2019-03-17
116,0.5019573518386018,0.48815899135828394,0.5228621367977337,0.5271543804188863,0.5269634092387856,2019-03-24
117,0.5333485520163161,0.5223285952706971,0.5544034789806735,0.5575582427841942,0.5587702009669491,2019-03-31
118,0.5725842787002106,0.564280312340413,0.5925870392212539,0.5947805794808958,0.5967060122220406,2019-04-07
119,0.6175782143410526,0.611703057455792,0.6363454001620655,0.636970717608927,0.6390019917355012,2019-04-14
120,0.6662440413896098,0.6622857455051944,0.6841917062483973,0.6822779842682234,0.6838892882387722,2019-04-21
121,0.7164051928318059,0.7136685455385822,0.7331661211708699,0.7287653915761,0.7295191363110965,2019-04-28
122,0.7653491664877735,0.7632021555378202,0.7799856408976117,0.7739833809149527,0.773568210328158,2019-05-05
123,0.810166400471159,0.8081308369466309,0.8213672613967488,0.8152939249026249,0.8135386921143158,2019-05-12
124,0.8479470283036648,0.8456986866915324,0.8542160377423342,0.8500587048438941,0.8469324937836656,2019-05-19
125,0.8758414598455618,0.8732087280591673,0.877870245005663,0.8756943898263833,0.8713051100582003,2019-05-26
126,0.8930851141483431,0.8900022966388796,0.8933638427799484,0.8915197225433963,0.8860655030835944,2019-06-02
127,0.9014813246423872,0.8979311301289361,0.9017652856754256,0.8991960551032416,0.8929053806490945,2019-06-09
128,0.9029915979373091,0.8990015968827347,0.9041441617789701,0.9005290349154754,0.8936570584780743,2019-06-16
129,0.8995774406427238,0.8952200652536741,0.901735470666637,0.897324309389654,0.890152852293908,2019-06-23
130,0.8931019557582618,0.8884789667367242,0.8961119137898856,0.891302089877509,0.8841033446798251,2019-06-30
131,0.8849988540665652,0.8801735600072299,0.8888873909892352,0.8838097804904085,0.8766879256852078,2019-07-07
132,0.8765847555327967,0.871563529853597,0.8816758021052044,0.8760931246602542,0.8689411346482081,2019-07-14
133,0.8691762775046792,0.863908558033623,0.8759327529894265,0.8693978635464332,0.861897507668996,2019-07-21
134,0.8640518371634722,0.8584269296179207,0.8720372011235834,0.8649332839398316,0.8565620607062067,2019-07-28
135,0.8616948328324768,0.8554753850814861,0.869919762055827,0.8631499871831898,0.8533254388561865,2019-08-04
136,0.8618374813208438,0.8545966258770138,0.8695095743237702,0.8637817230905115,0.8519977927654149,2019-08-11
137,0.8641825755826522,0.8553014674672427,0.8707285719452064,0.8665341623296923,0.8523665350546866,2019-08-18
138,0.8684328495215867,0.8571007044466115,0.8732494785446315,0.8711129073846612,0.8542190353667587,2019-08-25
139,0.874099844146377,0.8594375641939997,0.8764380881871848,0.8770027952384498,0.857203509397861,2019-09-01
140,0.8800790579335904,0.86153756579649,0.8796412893138135,0.8829773344629601,0.8605198049820226,2019-09-08
141,0.8851421517068376,0.8625824643435869,0.8822059702866314,0.8876670414886165,0.863277638475627,2019-09-15
142,0.8880607862897296,0.8617540149247955,0.8834519801557459,0.8897024327458435,0.864586726235058,2019-09-22
143,0.8876269668321403,0.858262588440019,0.882595611322687,0.8877540359860243,0.8635689835065274,2019-09-29
144,0.8829108154826415,0.8517097480655907,0.8788283686551565,0.8810393535005228,0.8595130903915994,2019-10-06
145,0.8731838508607601,0.841980336116865,0.8713417570208557,0.8691719753515709,0.85182848859039,2019-10-13
146,0.8577220889495059,0.828965520785956,0.8593820157867194,0.8517743365958941,0.8399273165176143,2019-10-20
147,0.8358035058714828,0.8125570248175108,0.8429868204443359,0.8284705342460484,0.8232230601726757,2019-10-27
148,0.8073010719976469,0.792814903644492,0.8227893035811723,0.7993891468134715,0.8015382606758807,2019-11-03
149,0.7735165769543283,0.7702034468366458,0.7994371391294273,0.765870214738143,0.7756777641611965,2019-11-10
150,0.7359618822034183,0.7452463763984308,0.773577997188091,0.7294318933826157,0.7465908399403463,2019-11-17
151,0.6961488492068083,0.7184674143343057,0.7458587644360378,0.6915923381094424,0.7152267573250535,2019-11-24
152,0.655590229527495,0.6903924027891426,0.716924593774618,0.6538463924382373,0.6825362339674862,2019-12-01
153,0.6158072140191629,0.6615672855357537,0.6874204056890513,0.6174678739648899,0.6494837196295152,2019-12-08
154,0.5783256508008293,0.6325490995321955,0.6579911206645578,0.5836086260092236,0.6170412422073396,2019-12-15
155,0.544671436833139,0.6038949980728696,0.6292787407145577,0.5534192127236155,0.5861809090704946,2019-12-22
156,0.5163634176458252,0.5761620174741582,0.6019034966404846,0.5280441536449805,0.5578726552660983,2019-12-29
157,0.4942480536296993,0.5498960396807067,0.5764757817616493,0.5080515874793898,0.5328792752865363,2020-01-05
158,0.4779533962518143,0.5256227341350143,0.5536059412634058,0.4929652105335651,0.5115882104437799,2020-01-12
159,0.4669789900738461,0.5038656384451445,0.5339038250202124,0.4821985606461072,0.49434731314438585,2020-01-19
160,0.4608243796574703,0.4851482902191613,0.5179590002989919,0.47516517565561733,0.48150443579491137,2020-01-26
161,0.45906223072637,0.47004089134348537,0.5063340762727648,0.47137631733481256,0.473408591207883,2020-02-02
162,0.4617625480405231,0.4594310342737081,0.49958979773444046,0.47100792408191994,0.4704166847835655,2020-02-09
163,0.4692024401380548,0.4543384804311089,0.49828690947692866,0.4745127214169145,0.47288890858307436,2020-02-16
164,0.481659697836485,0.45578342665230653,0.5029303926662113,0.4823443467028654,0.4811854654950479,2020-02-23
165,0.4994044713076544,0.46477273145217135,0.5137922607855221,0.4949520536122948,0.4956582985493436,2020-03-01
166,0.5223647549066517,0.48171594985006805,0.5310836979464608,0.5125887897354109,0.5162894659720676,2020-03-08
167,0.5499960453902192,0.506197794927004,0.5550158880832804,0.5352364151990716,0.5425502362471082,2020-03-15
168,0.5817192762005794,0.5377426423750888,0.5857244455538202,0.5628569600160962,0.5738745134641732,2020-03-22
169,0.6169553807799548,0.5758748678864325,0.6221181256313477,0.5954124541993039,0.6096962017129708,2020-03-29
170,0.6549868738703883,0.6197916251066953,0.6621095396021327,0.6326082099458766,0.6492404318073,2020-04-05
171,0.6944076928344094,0.667062269566326,0.7035825008399571,0.6728724715384995,0.6906937714545935,2020-04-12
172,0.7335980704675483,0.7147509588300484,0.744421669411039,0.7142371367433777,0.7319204633984516,2020-04-19
173,0.7709381735621554,0.7599216944309556,0.7827687162247756,0.7547339809141232,0.7707846508316186,2020-04-26
174,0.8048296144671402,0.7996916449809981,0.8173824980584775,0.7924151441128793,0.8051871994140785,2020-05-03
175,0.8342215036620458,0.83253531743892,0.8471126133054219,0.825852670831466,0.8339664875306766,2020-05-10
176,0.8586424005749733,0.8583637684681655,0.870808660358883,0.8541688505000348,0.8569531175251819,2020-05-17
177,0.8776487067991127,0.8771570800607036,0.8874967232535115,0.8765124114791215,0.874025367491468,2020-05-24
178,0.890796831163221,0.8888953411906177,0.8976495331728999,0.8920320924561288,0.8850615219175395,2020-05-31
179,0.8979668646851118,0.8938709848702655,0.90244841096701,0.9003386031963898,0.8902259059478802,2020-06-07
180,0.9002258967805098,0.8935218635560254,0.9030795330725434,0.9027367810630034,0.8907318051346143,2020-06-14
181,0.8989130407229999,0.8895483249330636,0.900726517910112,0.9009197058342746,0.8880328947871989,2020-06-21
182,0.8953674097861672,0.8836507166865466,0.8964472385416199,0.8965804572885088,0.8835828502150916,2020-06-28
183,0.8908941091804645,0.8774801290994635,0.891119129912436,0.8913670303366259,0.8787909537191105,2020-07-05
184,0.886246129056535,0.8718879669965794,0.8856056812372075,0.8861954748165136,0.8743457747348704,2020-07-12
185,0.881728171653329,0.8670763333629276,0.8807703817305811,0.8813875402976031,0.8703507023817969,2020-07-19
186,0.8776319794808639,0.8632285602650768,0.8772625624735899,0.8772477954925972,0.8668922085748207,2020-07-26
187,0.8742490184048811,0.8605276495497318,0.8747554335199673,0.8740804461409569,0.8640566127985979,2020-08-02
188,0.871691775690643,0.8589429630415027,0.8726442498702401,0.8719548677385209,0.8618316177955617,2020-08-09
189,0.8695859778767722,0.8578628345978805,0.8703242464124132,0.8703017776414548,0.8599367224168716,2020-08-16
190,0.8674753828275246,0.8565777551534828,0.8672118302616182,0.868444345578893,0.8580462609878238,2020-08-23
191,0.8649037484071567,0.8543782156429269,0.8631113994727784,0.8657057412799701,0.8558345678337146,2020-08-30
192,0.8614289542251453,0.8505970386450705,0.8581672205191966,0.8614665767715667,0.8529823961857428,2020-09-06
193,0.8567647020865512,0.8450341426709614,0.8525350546587342,0.8557412940225507,0.8492413267822851,2020-09-13
194,0.8507213993847487,0.8377793329628156,0.846370343206745,0.8489376993565976,0.8444068969734494,2020-09-20
195,0.843110901827484,0.8289267562608587,0.8396720631144219,0.8414694903313713,0.8382753024269616,2020-09-27
196,0.8337447744862806,0.8185697509765325,0.832031061151846,0.833748003844732,0.8306425759395432,2020-10-04
197,0.8223921690569602,0.8066836937889584,0.8229724746167515,0.825840078954724,0.8212809820762206,2020-10-11
198,0.8087356466569786,0.7930031322883709,0.8120214408068729,0.8171092325550411,0.8099142604993168,2020-10-18
199,0.792447204671114,0.77723323380027,0.79871587673752,0.8068331788172988,0.7962602310111654,2020-10-25
200,0.7731988404841444,0.7590791656501557,0.7827090576399669,0.7942896319131119,0.7800367134140999,2020-11-01
201,0.7507334382535746,0.7383048833626439,0.7637154520807149,0.778835284027657,0.7610266393079702,2020-11-08
202,0.7253480557701231,0.7151339327165169,0.74145009048643,0.7604442561136522,0.7395219667302433,2020-11-15
203,0.6976004955173275,0.690006101679761,0.7156379594492677,0.7393811760420116,0.7160541561670019,2020-11-22
204,0.6680500793282784,0.663362438255494,0.6866014154907463,0.7159123644565737,0.6911560636761203,2020-11-29
205,0.637256892369011,0.6356448474555756,0.6555887385228957,0.6903075800558184,0.6653613501986159,2020-12-06
206,0.605826819782241,0.6073466548163459,0.6239278577816598,0.6630428648166969,0.6392519696640635,2020-12-13
207,0.5744367366745396,0.5790408876870907,0.592946702502986,0.6349139997977923,0.6134847301343025,2020-12-20
208,0.5437696248160357,0.5513074294870268,0.5638814405017649,0.6067442704948168,0.5887228787363135,2020-12-27
209,0.5145084659768577,0.5247261636353706,0.5375117634175814,0.5793569624034831,0.5656296625970767,2021-01-03
210,0.4873631319101749,0.49988365931440126,0.5144756924746217,0.5535514010090611,0.5448333591356382,2021-01-10
211,0.4631962086129824,0.47740445565412765,0.4954112051418167,0.5299908375244324,0.5267636449576485,2021-01-17
212,0.442924124007116,0.4579264787157355,0.48093973250245226,0.5092905479339538,0.51178017667717,2021-01-24
213,0.42746336667002255,0.4420876696414557,0.4713383435640295,0.49206575417549564,0.5002425320272555,2021-01-31
214,0.4177237295690597,0.4305270415926062,0.4665587333848476,0.4789335357022173,0.4925088346238635,2021-02-07
215,0.41440116797216525,0.4239178448040949,0.46653985209305876,0.47057029543304035,0.4888907679453083,2021-02-14
216,0.41793808778441754,0.42297392472962586,0.4712207070317834,0.46772277667582385,0.4896449509637733,2021-02-21
217,0.42876218465552896,0.4284114820488378,0.48059109332732897,0.47114180369951497,0.49502480795618553,2021-02-28
218,0.4473011542352118,0.44094671744136926,0.4947848577521493,0.48157820077306124,0.505283763199472,2021-03-07
219,0.4736612572239163,0.46104181550411416,0.5139612117481944,0.49950588790445916,0.5205784842479325,2021-03-14
220,0.5066058726013244,0.4880977397219418,0.5382793667574122,0.5242419424146001,0.5406614111925018,2021-03-21
221,0.5445477442277376,0.5212383618704898,0.5678079819817565,0.5548013825022474,0.5651794377139707,2021-03-28
222,0.5858996149411853,0.5595875529175385,0.6017133145113778,0.5901992254855147,0.5937794571854116,2021-04-04
223,0.6290764450113714,0.6022354011211223,0.6386436497545792,0.6294251139265443,0.6260814400791703,2021-04-11
224,0.6725364639780638,0.6476127847133313,0.6772411156689422,0.6709735467572596,0.661180003921681,2021-04-18
225,0.7147772668454055,0.693550846623263,0.7161479096756183,0.7128885517343779,0.6976918112693462,2021-04-25
226,0.7542978830992313,0.7378588753620541,0.7540114193191843,0.7531977413972817,0.7342161079488387,2021-05-02
227,0.7895974672335182,0.7783463408751815,0.7894877272413592,0.7899288937325357,0.7693521510405609,2021-05-09
228,0.8194188302388122,0.8131763513173449,0.8212337455963299,0.8214322639665775,0.8017211325502944,2021-05-16
229,0.8432570196056793,0.841603795988113,0.8479063865382834,0.8470536857474096,0.8300119638006794,2021-05-23
230,0.8607517953761328,0.8630935971156511,0.868355405773152,0.8663305185178438,0.8529265837128899,2021-05-30
231,0.8715429175921863,0.8771106769281249,0.8824782318824224,0.8788001217206918,0.8691669312080997,2021-06-06
232,0.8753657149508989,0.8832292762326797,0.8905263815514463,0.8840798590010888,0.8775771594303907,2021-06-13
233,0.8731920399614781,0.8824380643010467,0.8927516490046735,0.8828222357166651,0.8788414732957054,2021-06-20
234,0.8668554651139057,0.8767114102008966,0.8894346789992448,0.8764011362133293,0.8749263897643592,2021-06-27
235,0.8582070927187289,0.8680437349204083,0.8815428146102293,0.866205119725012,0.8678245116488572,2021-07-04
236,0.8490962904342607,0.8584279206133035,0.8707432019670412,0.8536224745603012,0.8595269011361802,2021-07-11
237,0.840944029191727,0.849476812655966,0.8587344589726827,0.8399745802099798,0.8516441413067666,2021-07-18
238,0.8341838143336927,0.8419272617770186,0.8472150216759906,0.8264285896010357,0.8449098010129827,2021-07-25
239,0.8291104927198742,0.8363931128097525,0.8375288696263522,0.8141299993905099,0.8399343000438781,2021-08-01
240,0.8260189112099878,0.833488210587459,0.829925674934973,0.8042243062354433,0.8373280581885022,2021-08-08
241,0.8251307745192131,0.8337081532881023,0.824444590785244,0.7977051960805045,0.8376020380765791,2021-08-15
242,0.8260075578032128,0.836481166268469,0.8211247703605564,0.7941960105853402,0.8403694359829038,2021-08-22
243,0.8278605084647042,0.84066927244965,0.8199421992964271,0.7925931736386691,0.8447672158042681,2021-08-29
244,0.8298976582126899,0.8451292960396182,0.8201758597174426,0.791786434772631,0.8499279688043648,2021-09-05
245,0.8313267534239884,0.8487194812511855,0.820672162930353,0.7906680696521441,0.8549861588993102,2021-09-12
246,0.831331538011106,0.8504175247017246,0.8202710418310576,0.7883428550733681,0.8592337796338196,2021-09-19
247,0.8290539391709968,0.849409231107783,0.8178154881640075,0.7842857839587745,0.8622372701922081,2021-09-26
248,0.8236316879698512,0.8449012879545709,0.8124401684180508,0.7780089988552444,0.8635906092194126,2021-10-03
249,0.8142025154738595,0.8361003827272987,0.8038082841296385,0.7690246423096593,0.8628877753603698,2021-10-10
250,0.800035105737734,0.8223289778987062,0.7916387819976429,0.7569491053347248,0.8597589208977875,2021-10-17
251,0.7812491405892685,0.8036618995009923,0.7756506087209362,0.7420762374209191,0.8540692724378764,2021-10-24
252,0.7583043667236787,0.7804746234883577,0.7557269094245722,0.7249706053681126,0.845777993987373,2021-10-31
253,0.7316614241611817,0.7531434155998872,0.7327259010626725,0.706197487130323,0.8348444963195466,2021-11-07
254,0.7017922577623085,0.7220577452031419,0.707864327852924,0.6863228428868293,0.8212319374696614,2021-11-14
255,0.6696317370694278,0.6881477602901976,0.6823594881827019,0.6659405694266555,0.8050569230245078,2021-11-21
256,0.6367300157801155,0.6530622376145151,0.657416581020354,0.6456816947482871,0.7866400093447575,2021-11-28
257,0.6046797996932127,0.6184996531840661,0.6339087695532022,0.6261798147872705,0.7663158577114021,2021-12-05
258,0.5750737946075605,0.5861584830068224,0.6123442537677527,0.608068525479152,0.7444191294054331,2021-12-12
259,0.5492398745909799,0.5574460931600372,0.593212530285275,0.5918275320108202,0.7212881432594773,2021-12-19
260,0.5272449395435781,0.5323837541002172,0.5770030428905613,0.5772038016228433,0.6972786332327835,2021-12-26
261,0.5087809917830026,0.5105806391048935,0.5638842859611625,0.5637264527753115,0.6727515109393343,2022-01-02
262,0.49353997190917387,0.49164585360986557,0.5529452352791261,0.5509245680648354,0.6480676888454866,2022-01-09
263,0.4812057153561179,0.475189774058976,0.5430481444733931,0.5383366655587499,0.6235905443957875,2022-01-16
264,0.4712691389783002,0.46085302933870376,0.5330552671729059,0.525725845724467,0.5997421262695576,2022-01-23
265,0.4630245594526533,0.4483070781063396,0.5219204474236927,0.5130840772899183,0.5770042740444272,2022-01-30
266,0.45575745188813394,0.4372247655057872,0.509720278526816,0.5004136217218735,0.5558615162340105,2022-02-06
267,0.4487533281013173,0.4272789647323434,0.49728424058074744,0.4877167705364861,0.536798390157846,2022-02-13
268,0.4418049991983133,0.41853021922947425,0.4854557082894542,0.47541109773021617,0.5204211310153947,2022-02-20
269,0.4364868071404401,0.41240049068626244,0.47508097050270925,0.4653725640301122,0.5077633519515783,2022-02-27
270,0.4347639566122397,0.4106104320220731,0.4673719360847444,0.4597970959989891,0.49995243159796054,2022-03-06
271,0.4386016522982553,0.4148806961562719,0.464257708730559,0.4608806201996632,0.49811574858610697,2022-03-13
272,0.44988174133735376,0.42686329989374033,0.46775079376621304,0.470712292231303,0.5033385743411899,2022-03-20
273,0.46920970297367975,0.4471593061966572,0.4798636965177673,0.4897463943413819,0.5160614361810529,2022-03-27
274,0.49619337100349326,0.4755483226134105,0.502225483942567,0.5171593452680112,0.5362209110919883,2022-04-03
275,0.5304140290446951,0.5117880954311589,0.5339734494113162,0.5520935561725987,0.5637401645109097,2022-04-10
276,0.5714514986305995,0.5556346255316014,0.5732491555405532,0.593690230948535,0.5985407455973786,2022-04-17
277,0.6181705849101929,0.6059903424557824,0.6181915492365081,0.6405001723453729,0.6397537808509974,2022-04-24
278,0.667571005298277,0.6595311737056302,0.6669193595820755,0.6895341485683424,0.6844486151951356,2022-05-01
279,0.7163521957392659,0.7125745771551444,0.7169056190361434,0.73755498032458,0.7293626441268798,2022-05-08
280,0.7612135921775739,0.7614380106783252,0.764857751523366,0.7813254883212221,0.7712332631433169,2022-05-15
281,0.7990512611529791,0.8026537069915959,0.8074387624105197,0.8178050973011273,0.80697389306141,2022-05-22
282,0.8288223860538817,0.8350052068825358,0.8413116793052456,0.8460140704528915,0.8353430833868163,2022-05-29
283,0.8507144356441673,0.8586198620912708,0.8641344720713071,0.8662027901612759,0.8562007451725051,2022-06-05
284,0.8649313445798628,0.873643009653569,0.8772137353778056,0.878638102479072,0.8694215298729884,2022-06-12
285,0.8716827604774621,0.8802266341803278,0.8826922175038012,0.8835925266741986,0.8748870944165044,2022-06-19
286,0.8718951010906243,0.879356750793292,0.8827126667283545,0.8820503655474904,0.8733580295857285,2022-06-26
287,0.8679007899081745,0.8736553965698581,0.8793902842139605,0.8763921459855613,0.8673190298558529,2022-07-03
288,0.8621957529520926,0.8659348594003133,0.8744636884197667,0.8691607599132085,0.8594552834227537,2022-07-10
289,0.8572759162443582,0.859007427174945,0.8693987980856213,0.8628990992552295,0.8524519784823076,2022-07-17
290,0.8553529827595139,0.855370478412617,0.8656554423225256,0.8598684739471544,0.8486861703350981,2022-07-24
291,0.8565184087672032,0.855172231129123,0.8646885566251953,0.8602296489817831,0.8482363049261131,2022-07-31
292,0.8599056014824866,0.8574994179037586,0.8671132536359104,0.8631942426833489,0.8501421846713128,2022-08-07
293,0.8646432804687808,0.8614335775588542,0.8717597288185487,0.8679692292830512,0.8534385299931805,2022-08-14
294,0.8698639863862155,0.8660585849993945,0.8772298610755759,0.8737616705625681,0.8571636049929066,2022-08-21
295,0.8749073081099663,0.8705848970465572,0.882125529309458,0.8797833722741615,0.8605476899403635,2022-08-28
296,0.8794215970409948,0.8744117369504107,0.8851691578204484,0.885253214659188,0.8631074109559337,2022-09-04
297,0.883080392473633,0.8769537269433669,0.8859416429599951,0.8893906550739784,0.8643827533702264,2022-09-11
298,0.8855572337022131,0.8776254892578377,0.8843963159484172,0.8914151508748634,0.8639137025138501,2022-09-18
299,0.8865576739605382,0.8759803481217363,0.8804880160590522,0.8907222347677052,0.8614371423267116,2022-09-25
300,0.8859611905556803,0.8723251625177403,0.8741774129494662,0.8876640147033671,0.8577596597817132,2022-10-02
301,0.883706042926766,0.867221467958517,0.8656442579046949,0.8829158979397863,0.8540493756162464,2022-10-09
302,0.8797305365871605,0.8612309995756808,0.8553485909197772,0.8771535451413186,0.8514746939428114,2022-10-16
303,0.8739781269810429,0.8549081828208012,0.8437687571970846,0.8710457251605987,0.8511797431788768,2022-10-23
304,0.8665445385082597,0.8485913164852951,0.8313831019389885,0.8650574353800614,0.8535908877826922,2022-10-30
305,0.8576993245330911,0.8423719709755576,0.8187539843139805,0.8594210493784837,0.8583150988884237,2022-11-06
306,0.8477215240699669,0.8363282530088344,0.8061248666889735,0.8543562467165595,0.864914634262516,2022-11-13
307,0.8368901761333174,0.8305382693023708,0.7934957490639657,0.8500827069549823,0.8729517516714138,2022-11-20
