,0,1,2,3,4,5,6,7,8,9,10,11,12,13,14,date
0,0.4205441757806142,0.4093100447210477,0.3420096807538057,0.38079878801244393,0.3560372001842659,0.35217141840250593,0.3673159646264306,0.4082607394452086,0.39777117521521155,0.39667245372922155,0.4460585396534854,0.433765023790725,0.39178292923210084,0.3785640951042654,0.39255522779584606,2017-01-01
1,0.39823463576005097,0.39214241933047395,0.3308514747526521,0.3635203613618394,0.3402178293711061,0.33646449557722435,0.35340001323503023,0.39131326316286075,0.3810610391043846,0.3786337566784014,0.4261250152228689,0.41195521021001913,0.3732431013771062,0.36588228829912095,0.3728667242431545,2017-01-08
2,0.3765890980566811,0.3751032200931353,0.32013458856875077,0.3468214368203693,0.3249215278288381,0.32137373277767933,0.33969132920487366,0.3746853080223835,0.36476009090856276,0.36092544755643724,0.4067822189576926,0.39041812136473586,0.355584650531901,0.3537173475637128,0.35368514555582087,2017-01-15
3,0.356359503476701,0.3585495670173699,0.3100934018759649,0.3309302724185105,0.31045696380864074,0.30753837113268123,0.3265274423725134,0.3587686206425752,0.349205866863094,0.3441073916982095,0.388363943804407,0.3696855854291001,0.3392885097958659,0.34236225364537537,0.3355131612033817,2017-01-22
4,0.3382977928263068,0.34283858011151597,0.3009622943481576,0.3160751261867396,0.2971328055616929,0.29559765177104025,0.3142458825745019,0.34395494764223444,0.33473590320332625,0.3287394544385983,0.3712039827094621,0.3502894305773369,0.3248356122683811,0.33210998729144287,0.31885344065537324,2017-01-29
5,0.3231455482185165,0.32834306263823443,0.2929901752666035,0.30251273347454943,0.28527519261023027,0.28618944122113277,0.3032110412811141,0.3306474512246824,0.3217029196623777,0.31539341522318065,0.3556541528807242,0.33277357741850916,0.3127117825265976,0.32326581091244355,0.30421380143532295,2017-02-05
6,0.31145452388110534,0.3157232208125171,0.28669221574704085,0.29093587336838744,0.27553043366965696,0.2799264158170771,0.29427956193262267,0.3194584895054482,0.3107378806537191,0.3048593851344628,0.34239657452555294,0.3179035460716919,0.30348225744854296,0.3163600541268246,0.292196401557921,2017-02-12
7,0.3036101905117333,0.30589101720969386,0.28281682428080834,0.28237814914108944,0.2688252960592666,0.27739918603886204,0.2887392859209242,0.31118366994050023,0.30271548457977593,0.29811872721605337,0.3324027033653887,0.3066389711758035,0.29777675245505997,0.31212019867216617,0.2834860384766486,2017-02-19
8,0.2999923948864155,0.2997669291271663,0.282120297745569,0.2778822343649219,0.26609603256700787,0.2791976160710701,0.28789263830408773,0.306624797712854,0.2985186732381856,0.2961592728974731,0.32665378081878244,0.299946052571072,0.2962268470021685,0.3112803942228505,0.27877030461649277,2017-02-26
9,0.30098091282578415,0.29827114308810376,0.28535869983865964,0.278488871338071,0.2682786218893647,0.2859113060192607,0.29304164067704824,0.3065834084763278,0.29903010893738285,0.29996849278265625,0.32613071461896825,0.29879069865468205,0.2994630475524411,0.3145746089325072,0.27873655999943914,2017-03-05
10,0.3068649943211526,0.3019528719504967,0.2929905996698755,0.2847618471059268,0.27595935315611975,0.29779294042970456,0.3049735709570272,0.31151716892049885,0.3047758779129851,0.3100735113534798,0.33138869229682233,0.30376699088078646,0.3077074007428015,0.3225052243441956,0.2837756617819844,2017-03-12
11,0.31766604230859846,0.3102636948413219,0.30459434188908374,0.296165554461571,0.2886898569759174,0.31409834095221795,0.3229526878377341,0.32086630916294917,0.3152270321436409,0.32563938489415495,0.3417232840627929,0.3143688523012562,0.32015979998200766,0.3348894055037591,0.29340117695948525,2017-03-19
12,0.3333561575243794,0.3224531511171821,0.31958624956943016,0.31201001085495617,0.3058313159380678,0.3338998382003966,0.3459629101822963,0.33388378131989505,0.3296604250579798,0.34558045586868585,0.3561982042841741,0.3298877014851903,0.33586284799699717,0.35141819069923236,0.3069651910624893,2017-03-26
13,0.3539074407047535,0.3377707801346801,0.33738264578406063,0.3316052337360349,0.326744912631881,0.35626976278783656,0.3729881568538414,0.3498225375075528,0.34735291008463154,0.36881106674107716,0.37387716732826015,0.3496149570016879,0.35385914751470765,0.37178261821865033,0.32381978962154445,2017-04-02
14,0.3792101096152826,0.35540326685773,0.3573360586110763,0.35416475263041397,0.35073666699540135,0.38026048209110586,0.4029470617153995,0.3678914784479544,0.3675202989071184,0.3942014044046625,0.3937964884035362,0.3727901109177253,0.37315646325602414,0.39559496033038877,0.34327216631554014,2017-04-09
15,0.4081506302397143,0.37376680382526367,0.37801699345154466,0.3781477805454078,0.37643639475684415,0.40467964673349593,0.43395797091918165,0.3867595065578885,0.38863013088938353,0.42008038041357826,0.41465661368196877,0.398016121005222,0.3924480889684095,0.42150194626124093,0.36407921387912884,2017-04-16
16,0.4389423784118666,0.39076091115655015,0.3974715513961558,0.40165861640172906,0.40202046647877465,0.4281708065724138,0.4636025782447489,0.40473341526781564,0.4086481732073664,0.4444139409894812,0.43493276419097915,0.4234691014958344,0.41026050299277483,0.44750283688736164,0.38462880737568855,2017-04-23
17,0.46978630801563254,0.40427557372669376,0.41373615559857363,0.42279949104900977,0.4256568843452548,0.44937448296827154,0.4894526734953513,0.4201133152485455,0.4255309327781932,0.46516133379041835,0.4530960044041187,0.4473172891785265,0.42511865201741444,0.47158494398799744,0.4033020116084347,2017-04-30
18,0.49888395209409236,0.41220489270075333,0.4248505769218726,0.43968897753531216,0.44551519786995986,0.46693195171055824,0.5090839765068331,0.4312019358005001,0.4372382976604617,0.4802851950353104,0.4676195671126438,0.4677311024865114,0.4355568963703865,0.4917378289012489,0.4184815557584394,2017-05-07
19,0.5245552106155399,0.4132842450039152,0.4295387816599562,0.4511774690305046,0.4600811954396114,0.4796386766809708,0.5208754161197757,0.4368371943770128,0.4424211840941743,0.4884407054810613,0.4774198397799354,0.4833268381667913,0.44073815575107056,0.5064108114748612,0.42889032987056797,2017-05-14
20,0.5453819399501391,0.40811082470923205,0.42803892068922034,0.45712596040416287,0.46854052984278993,0.4866313535518692,0.5249834932494808,0.4370414268203112,0.44125981437898254,0.48981570777451605,0.48239395008182817,0.49370756083704626,0.4408381507010974,0.5150706975198085,0.43400402985817643,2017-05-21
21,0.5599811122150385,0.3975314059703741,0.4207921241692851,0.45746937228659396,0.4701726720037815,0.48709242075715187,0.5218029956818061,0.43199574247909955,0.43413941716013593,0.4848035007634627,0.4825704957590712,0.4986086131987611,0.436124389170177,0.5173206887487896,0.4333992666732233,2017-05-28
22,0.5669696995273873,0.38239276294101177,0.4082395222597705,0.4521426253081049,0.4642570928468721,0.48020431673071723,0.5117287112026089,0.42188125070208193,0.421445221082884,0.4737973832956891,0.4779780745524136,0.4977653379534208,0.42686437910801933,0.512763986874503,0.426652651267667,2017-06-04
23,0.5651954753456842,0.36357484961822567,0.3909192583098524,0.44128671663869773,0.4502938925866967,0.46537961594112975,0.49526902733701145,0.40698284577587596,0.40366740058483885,0.4572945864994688,0.468744312084129,0.49100972260740006,0.41344171869453183,0.5011853822919962,0.4134965091746007,2017-06-11
24,0.5554909408470874,0.3422429431022133,0.3702037202413794,0.4259418753186572,0.4296804267378052,0.4440098994103497,0.47390920873759323,0.38847789878923206,0.38219858943006246,0.4366860853467486,0.45584840347011835,0.47900483139308936,0.3968706965537364,0.48393119917746114,0.39500220080260784,2017-06-18
25,0.5397003950439672,0.31970777585984805,0.3478905869844989,0.4073935416208649,0.4047812559317269,0.41849562939264495,0.44963252396625397,0.3679987581498978,0.3588914877102465,0.41381847805580807,0.44070366693651275,0.4628374046090582,0.37837875943247445,0.46314381876041744,0.37292371550506725,2017-06-25
26,0.5196762014044152,0.2972812396986574,0.3257809272181658,0.38692716129963584,0.3779686498329303,0.3912453093514489,0.4244262108862067,0.34718139862685193,0.33560246243986025,0.3905419943544717,0.42472688085383026,0.4435975594309131,0.35919352115383907,0.44097196718103265,0.3490204834761146,2017-07-02
27,0.49727227990518963,0.27627337524362583,0.30567100199733194,0.3658448743507138,0.35161119091059584,0.36466196000703316,0.4002729662586552,0.3276590120580745,0.3141823611865493,0.36870305146553584,0.40933166876500876,0.4223802999144471,0.3405419965159598,0.4195604197845201,0.3250508822341941,2017-07-09
28,0.4744588484942117,0.2578559079412917,0.2889978601671707,0.34573656657522733,0.3278019647218205,0.34073894685589945,0.3788161884124701,0.3108568574662912,0.2960696338993147,0.34986320690669154,0.39569593432604805,0.40064576412540864,0.32363590740316506,0.40075875957472545,0.302694636316356,2017-07-16
29,0.4534009609783021,0.24296884159832255,0.27659675658866545,0.32843480196662006,0.30817251242225363,0.32078333341887666,0.36113084356351155,0.29785184068931436,0.28201183417330544,0.33510678815666,0.38460267588056685,0.3804658050006814,0.30967079032429684,0.3859220290850478,0.28349970165671057,2017-07-23
30,0.43628225850975855,0.23253007377154541,0.2692455349626913,0.315779743171694,0.2943103438208968,0.3060367099923297,0.34823766949081947,0.2896876346630023,0.27269060407542145,0.32547259493732966,0.376797217796185,0.36397063309010264,0.2998414040908738,0.3763580916764872,0.2690014634615783,2017-07-30
31,0.4252863822408786,0.22745750201778733,0.2677220389901236,0.30960952991098944,0.28780296872675154,0.29774066687262346,0.3411574039734335,0.28740791232321333,0.2687875856725629,0.3219994269705891,0.3730248844405226,0.3532904589435098,0.2953424553827591,0.37337481071004364,0.2607353069372801,2017-08-06
32,0.4222323991537845,0.22850834585401672,0.27259001672231775,0.3109922281359371,0.2898798803611173,0.2968820351197512,0.34070889182211794,0.2918271263528208,0.2708196154439476,0.325505837651383,0.37388878972525785,0.3502624076403289,0.2970519828412751,0.3780127197427307,0.2599388256417293,2017-08-13
33,0.42667495807613326,0.23544183234396673,0.28308343995321933,0.3190688271564143,0.2995468837986489,0.30286530264641115,0.3464569940494927,0.3023360122745381,0.2782799006727797,0.33544240145024395,0.37910875970315744,0.3549032118287569,0.3047829069660882,0.3896519317343345,0.2659999900106727,2017-08-20
34,0.43730060064055004,0.2476345894154589,0.2979264857930651,0.33268377444246705,0.3149572915318327,0.314488336424524,0.35748583344609797,0.31777949691934537,0.29026922117989157,0.3507352524446643,0.3880659954499298,0.36653172255583183,0.31812445050918864,0.4070360062481803,0.2775976827447656,2017-08-27
35,0.4527940933508973,0.26446246264738993,0.31584228891031585,0.350681517464141,0.3342626728535695,0.3305477629913196,0.3728785497761262,0.33700139103404214,0.30588755433996667,0.3703094523224234,0.4001410056118924,0.38446536382166674,0.3366658362225667,0.4289072012062184,0.29340933658313645,2017-09-03
36,0.47183258726776955,0.28528943351760305,0.33555786590774833,0.37186720960176367,0.35562308214154964,0.3498366359794644,0.3917091768634191,0.35884349588074427,0.32423176570251167,0.393082221729552,0.41470977794730157,0.40800098495214393,0.35992544137522053,0.4539999037395795,0.31211641972110865,2017-09-10
37,0.49280707671837903,0.3090336798543675,0.3559461003592377,0.3947081029540346,0.3775174080238771,0.37101375410532905,0.4127095851076389,0.3820721046319413,0.3442817913493649,0.41767614752464693,0.4309784240149569,0.4356623244559351,0.386505002454076,0.48075274934540474,0.3325520360397866,2017-09-17
38,0.5137424527533462,0.33404302709586015,0.37606649516239327,0.4174991903308584,0.39883244937555606,0.3925661529952681,0.43417388777709764,0.4053569069006167,0.364867970109357,0.44233686791407767,0.4479357191170514,0.46498401812166057,0.41436745896589244,0.5072259947177887,0.3537432891237118,2017-09-24
39,0.5326396968038732,0.35862805187792973,0.3949907410243629,0.438534091562916,0.41848164503737034,0.4129696507029595,0.45436760892204403,0.4273612832757984,0.3848108708540031,0.46528540319065964,0.4645562446724848,0.4934361050213472,0.4414627554809182,0.5314551852364096,0.3747299523677578,2017-10-01
40,0.5474997903011622,0.3810993308364251,0.4117905286522944,0.4561197240032194,0.43537843385010355,0.4307000652820811,0.4715562725927267,0.44674861434651425,0.40293106245481825,0.48474277364720825,0.47981458210015693,0.5184886242270217,0.46574353053571765,0.5514758662809451,0.39455179916679833,2017-10-08
41,0.5566928315177804,0.400020003981548,0.42567601624836393,0.4692835385244112,0.4486415247994097,0.4444679649719025,0.48426316564711874,0.4623812291500292,0.41821128278225433,0.49923024000380367,0.4928105668976309,0.5379682641949238,0.4856247503901029,0.5656822934530527,0.41232664666591246,2017-10-15
42,0.5602713330446609,0.41510438133171496,0.4364884892627012,0.47812748813567696,0.45832523693301896,0.45405389648251615,0.4921864436835469,0.4740282528391505,0.43037342710959986,0.5086375423810181,0.5032149357833361,0.5513273017137512,0.5005039893537682,0.574103703872358,0.4275280311432293,2017-10-22
43,0.5587668828622618,0.42639457397911773,0.44424894959747274,0.48284118041235463,0.46475030866399825,0.45954308792567444,0.49535881169954443,0.48171702502523495,0.4393498692568476,0.5132441018446527,0.510860992283283,0.5584809074949874,0.509904511428836,0.5772349033350224,0.43973078157295575,2017-10-29
44,0.55271110361641,0.43393271673527306,0.4489784121589303,0.48361422292978185,0.46823749768322676,0.4610207894595412,0.4938129989002711,0.4854749040037537,0.4450729982739865,0.5133293676573937,0.5155820516866382,0.5593442857446109,0.5133495806174293,0.5755707313252448,0.4485097342587271,2017-11-05
45,0.5426458032807386,0.4377724277741439,0.45070377144865614,0.4806939432694663,0.4691050973519558,0.4585870358541235,0.4876010588448549,0.48533938747682015,0.4474844736586372,0.5091847870930704,0.5172222433994458,0.5538644275303201,0.5105163093895299,0.5696110381186044,0.45345845013286235,2017-11-12
46,0.5293392697089814,0.43822266811179045,0.44958266003290887,0.47460249800134674,0.4676166044564777,0.4526706109566409,0.47720473939904956,0.4815734319284539,0.4467320916089683,0.5013685939420393,0.5158661583956402,0.5426951332407774,0.5022294888075954,0.5599670934218939,0.45458684900583,2017-11-19
47,0.5137820295001071,0.4358429599744229,0.4459010002996976,0.4659437525249246,0.46398174534636133,0.4440228914308786,0.463527436141849,0.4746612306111276,0.4431659248417356,0.49070081258131887,0.5118343462566114,0.5271837766475981,0.4898324969399953,0.54735949989712,0.4523134126963727,2017-11-26
48,0.49697394625889496,0.43120335251717473,0.4399501045289238,0.45532158569106373,0.4584079872921855,0.43340880716240365,0.44749025950725296,0.46509627168667084,0.43714454439844636,0.47801246610116377,0.505457269987651,0.5087068708999604,0.47467124925672627,0.5325134536557219,0.44707378810325193,2017-12-03
49,0.47991484158288483,0.42487388339689747,0.4320212886053858,0.44333091693199517,0.45110279014620247,0.42159325852564944,0.43001430535042073,0.4533720401462296,0.42902651847024686,0.4641345608515284,0.4970653955179306,0.4886409065318367,0.45808366531559697,0.5161541326916217,0.439303649388792,2017-12-10
50,0.4633493686903444,0.4173547452163173,0.4224277659667755,0.4303918384196864,0.4422285519471933,0.40916188374273527,0.4119321119572351,0.43996276101136916,0.41915310104440107,0.44979641606187637,0.487006949568144,0.4682250004860309,0.44104959966519497,0.49889666212762357,0.42960428024828107,2017-12-17
51,0.4471639177705582,0.4089112055930033,0.41155640282910755,0.41676538819194575,0.43179610458521983,0.39609736984619404,0.39377835277678497,0.42527787808006456,0.4078073094994234,0.4353853246640163,0.47568989757258284,0.4482362113782309,0.4240544395715853,0.4809860024494239,0.41913399475747515,2017-12-24
52,0.4310646252935394,0.3997591928383975,0.39980953407799885,0.4027068083370863,0.41978444779504925,0.38225577113384684,0.3760251432277427,0.4097132296982365,0.3952599302718322,0.4212167467015173,0.4635347513819017,0.42935455562474045,0.4075474018985596,0.46258937159721975,0.40916809536799664,2017-12-31
53,0.4147576277293011,0.3901146352639419,0.3875894945990666,0.3884714274433632,0.4061725813114486,0.3674931419035148,0.35914459872878096,0.3936646542118056,0.3817817497981461,0.4076061422179486,0.4509620228467552,0.4122600496418632,0.3919777035099089,0.443873987511208,0.4009818845314678,2018-01-07
54,0.39798985483162497,0.3801979574905483,0.37529901260509674,0.3743705363575211,0.3909778454220833,0.35171100139201417,0.34360660513355207,0.3775425741128042,0.36767058466678537,0.39486514766671255,0.43841554586005066,0.3976388438466447,0.37785734181041924,0.4250286690217816,0.39580370191343794,2018-01-14
55,0.38109808880330553,0.37029459874219933,0.36334650364199406,0.3608676241753361,0.37477196748362085,0.335468271308651,0.3298488097930474,0.3619682920555372,0.35361509524788104,0.38325011211526305,0.4266763805065538,0.38626578353493535,0.36598446446746824,0.4065545740702345,0.3941828265150894,2018-01-21
56,0.36486290233804963,0.3607389136329242,0.35214466226537366,0.34845180960489924,0.3585437820630486,0.31981848683171243,0.3182846046009043,0.34772177174741736,0.3405980031705205,0.37297578776018825,0.41677930757268017,0.3789824458503079,0.35723870178146777,0.38918785687123303,0.3961576287771622,2018-01-28
57,0.3500757057038597,0.3518664513137797,0.34210628752629724,0.33761221135430153,0.3432923096832805,0.3058272618350132,0.3093267891209861,0.33558685147403355,0.32960921117922026,0.3642559109827587,0.4097653038247293,0.37663203755970986,0.352499689948823,0.3736704103599077,0.40175400251100607,2018-02-04
58,0.3375280105544,0.34401284441624597,0.33364426377369566,0.3288386853472641,0.33001638754289925,0.2945599050638985,0.30338816291731685,0.3263469311996453,0.3216379796033413,0.3573044431173044,0.4066743887676436,0.3800567365889107,0.3526160191856525,0.3607440553695122,0.4109973916796911,2018-02-11
59,0.32804992334539096,0.3375455043299575,0.327203945967367,0.32262807724942066,0.31964506618467475,0.28696557103947307,0.3008815256150908,0.3206185537150051,0.31742901855345373,0.3524209790941476,0.408182178183208,0.3897070686226437,0.3578304721330151,0.35112316548271305,0.4237419950721127,2018-02-18
60,0.32256813237251664,0.33291136742643107,0.3233119453807892,0.31948109005089964,0.31293275803266246,0.28370274330906003,0.30221967699257835,0.31860070887705716,0.3171150616864128,0.3501194082517426,0.4140523831355547,0.40505346637846373,0.3678346805463875,0.3454534287125569,0.439413477759529,2018-02-25
61,0.32202418810969474,0.3305696075170088,0.3225073771475551,0.31989846719432596,0.3106070018994007,0.28538517647485745,0.30781541685160524,0.3204281327852412,0.32073467067877703,0.35094659591750177,0.42390838923579927,0.4254155441967913,0.38230019218460176,0.344369963619508,0.4573715613139531,2018-03-04
62,0.32735964103084325,0.3309793984130328,0.32532935640125743,0.3243787147694641,0.313395336597428,0.2926266251390638,0.31808154499399743,0.3262355615389971,0.3283264072071051,0.35544940741883757,0.43737358209505717,0.45011291641804657,0.400898354569346,0.34850788876403094,0.47697596730739805,2018-03-11
63,0.33945830192584914,0.3345764272887805,0.33228952006941864,0.3332709482857637,0.3219712876983343,0.3059881598426897,0.33339798216667205,0.33612527628513345,0.3398931164919693,0.36414548635579425,0.45404138642464126,0.4784326853733289,0.4231227715148033,0.35845607119038553,0.4975859254793388,2018-03-18
64,0.3586285743632368,0.34156232426055533,0.3436256698747378,0.34668356946735723,0.33647010957578366,0.325505825924981,0.353816991528119,0.349876126990909,0.3550817099271298,0.37726126598962517,0.4732066503434476,0.5093379536133712,0.44796290445972786,0.37434245653548853,0.5185557641916485,2018-03-25
65,0.3848485827130465,0.3520043725427849,0.3594184282960536,0.36470316479739273,0.35671809318897935,0.3509143084078554,0.3792027633700565,0.3670813166821109,0.3733347957021665,0.3948560271481156,0.4939928413655275,0.5416058503750594,0.4743194452586783,0.3960304251904107,0.5392369984541849,2018-04-01
66,0.41809252511158757,0.3659682582849278,0.3797465493250219,0.387416320759018,0.38253785665734197,0.3819447098561806,0.4094172522453585,0.3873318414841615,0.3940925533277255,0.4169870636143757,0.515521389697361,0.5740112941151235,0.5010930857662136,0.4233802124950143,0.5589811098327453,2018-04-08
67,0.4583238958645369,0.38351423147593244,0.40468230855392884,0.4146538653833211,0.41374388411408985,0.41832005674947936,0.4443148235065717,0.4102155158435033,0.4167933317707205,0.4437042050053367,0.5369137494854223,0.605329217096508,0.5271846298637757,0.45624405109056343,0.5771395501513692,2018-04-15
68,0.5043404132793132,0.40411047878989625,0.43359240590296866,0.44491715775828145,0.4492647706859152,0.45888379266107593,0.4829232872390888,0.43497363106769354,0.4406761117512678,0.47424434339456123,0.557293982229667,0.6343360552450799,0.5514960557185165,0.49360258341221525,0.5930605319987364,2018-04-22
69,0.5527421406592664,0.4261090626124156,0.4645134299254531,0.4762769294432129,0.48635908362867597,0.500821221197279,0.5227122782684644,0.460194232633758,0.4646040362420263,0.5063118669587678,0.5757910646654283,0.6598110791070386,0.5729300424314208,0.5327933793144506,0.6060861615401574,2018-04-29
70,0.599885678715633,0.4477383978448841,0.4953346155816225,0.5068036910636626,0.5221003796694699,0.5411339524120835,0.5609788122479878,0.48439299755192733,0.48739861182047817,0.5374413886504203,0.5915345180520624,0.680533873256041,0.5903892784846316,0.5709719843081745,0.6155578684536597,2018-05-06
71,0.64212762815965,0.46722689938869544,0.5239451978317176,0.5345796486734649,0.5535622155353952,0.5768235963594852,0.5950199048309484,0.5060856028324322,0.5078813450641062,0.565167521421983,0.6036538636489254,0.6952840222657437,0.6027792998165064,0.6052939439042925,0.620817082417271,2018-05-13
72,0.6760786741193179,0.4828950869611433,0.5483245420549536,0.5579470666423256,0.5780412940654173,0.6051058988920303,0.6223065536554215,0.5238691529677861,0.5249116734862719,0.5872069542856101,0.6113543280684579,0.7029739761170162,0.6092771599150753,0.6331024704356492,0.6212569975798629,2018-05-20
73,0.7001589807607331,0.49371941083914195,0.5670938833914164,0.5755033977204027,0.5944234679448379,0.6247215881642859,0.6415487806116843,0.5369206436700921,0.5376191622777566,0.6025730429973051,0.6143802786198103,0.7034623946067465,0.609551921068574,0.6530772579633713,0.6166394522051377,2018-05-27
74,0.713573726843467,0.49896088666387206,0.5791529222846227,0.5858568159899435,0.6022840180282432,0.635072982399935,0.651994139166324,0.5446686475199444,0.5452505673590555,0.6108416821960124,0.6127099804943101,0.6970184360777724,0.6033245382648897,0.6644778125489046,0.6068862151245736,2018-06-03
75,0.715531269786573,0.4978816823307539,0.5834024867321295,0.5876160939942772,0.6012010167837838,0.6355650787149563,0.6528923593439891,0.5465427557760679,0.5470531191761401,0.611591044337636,0.6063226459761504,0.683912921052343,0.5903159664919096,0.6665659880124851,0.5919197027561012,2018-06-10
76,0.7052747389690461,0.48976619589753834,0.5787707625893076,0.5801535289498541,0.5907786595200618,0.6256336197062902,0.6435234320827193,0.5419924998110422,0.5422942047561498,0.6044208959220079,0.5952086224105901,0.6644285938432736,0.5704862311868456,0.6586296483095055,0.571678895232784,2018-06-17
77,0.6837565620789938,0.47499160187020245,0.5655307762146022,0.5651005283937349,0.5719052718359345,0.6062257151388235,0.6246548954181971,0.5314476146716821,0.5312320557655726,0.5899925099856881,0.5799056275264779,0.6394343410195396,0.5452802558129763,0.641235247389045,0.5469170014604401,2018-06-24
78,0.6543819218855682,0.4555031527031682,0.5458853308576701,0.544504330861544,0.5473118401913608,0.5804572088601611,0.5991888408941659,0.5167443772176745,0.5155467149209235,0.5704903668004179,0.5617368273751733,0.6106401331138402,0.5167122273584178,0.6167839500209146,0.5195556067183148,2018-07-01
79,0.6207455700946044,0.43336729471632773,0.5221863786808048,0.5204121748889072,0.5198717669209241,0.5516115621931248,0.5701923357757304,0.499827773342857,0.4970281141041708,0.5482166725283681,0.5420860938667126,0.5798209464941073,0.48679749685653456,0.587818722405527,0.4916065979502871,2018-07-08
80,0.586442258411938,0.4106504742295731,0.4967858718463002,0.49485650870769216,0.49245845435920765,0.5229722364605364,0.5407324473279945,0.4826427889410666,0.477466185197283,0.5254736333317096,0.522337298911132,0.5487517575282728,0.4575382543664269,0.5568825307432952,0.46508186210023583,2018-07-15
81,0.5546701116147591,0.3892718853012464,0.4718783227364886,0.46971474595704155,0.4676427849922001,0.49742638468530653,0.5135797404274631,0.4669548983757841,0.45855250617005044,0.504343542050399,0.5037759537572218,0.5191096779958444,0.43051636791208253,0.5264025380696081,0.4417663267632076,2018-07-22
82,0.5265655310869997,0.37038528371401563,0.4488398492830658,0.44677175977202715,0.44642309994843965,0.4758010927747308,0.4899635182092316,0.45359644945057626,0.4414673973168239,0.4857655506830804,0.48717627689571313,0.4920631055756153,0.4068153257440069,0.4982039460372574,0.42226515244076224,2018-07-29
83,0.5025971065617587,0.35489649257434225,0.42878148373703034,0.4278111847442162,0.42928837938042114,0.45825617146922076,0.4706138545949806,0.443097541476099,0.4272255777492964,0.47030853712913395,0.47314687427108826,0.4686156606515624,0.38748970145224604,0.47391697533021715,0.40680136194669997,2018-08-05
84,0.48323308515088176,0.3437112077866476,0.4128141223469791,0.41460392074779395,0.4167273421126199,0.4449510891631779,0.45626056737647946,0.4359881186941986,0.416841681617354,0.4585411893185433,0.4622962668601922,0.44977087906855157,0.3735940675995568,0.45517174659733395,0.3955977820388023,2018-08-12
85,0.4689180244281836,0.33769951011044813,0.4020106290394748,0.4078496089041879,0.40919500408289416,0.436023633515911,0.44759348525203585,0.4327708241616249,0.41128809142141565,0.45100584436199936,0.45521655243676845,0.4364989444524864,0.3658306408697442,0.44354620440167514,0.38885932855882266,2018-08-19
86,0.459446386765026,0.3367541191255193,0.39640017368252867,0.40638156019621674,0.40622149679825853,0.43101662313959244,0.4442050445699756,0.43319909386196165,0.4103777075910272,0.44752171251222095,0.4520491384516307,0.42885477912234704,0.3635521659659237,0.43918646196356664,0.38629940077414515,2018-08-26
87,0.45389807050237924,0.3396934699974317,0.3948647307331403,0.40884580726103514,0.40632034812974244,0.42881890553773816,0.4444814628085792,0.43620285912319895,0.41264896463350637,0.44711316591180483,0.4524400478451451,0.42588727919376823,0.36578837518368884,0.4406648088983446,0.38709113852082677,2018-09-02
88,0.45131635453022817,0.3452809437555603,0.396227484023065,0.4138883827357981,0.40795298779420597,0.4282858139842911,0.44674714203013904,0.44066984891344163,0.4165749841655322,0.44876384342546555,0.45600991645725375,0.42659378469269044,0.3715690008186327,0.4464728806687281,0.39037999481761604,2018-09-09
89,0.4507445179156107,0.3522799219950381,0.3993116177972028,0.4201992248748035,0.40958084643425346,0.42827268228225984,0.44932648507730627,0.44548779262419247,0.42062888860638764,0.4514573843219255,0.462379379830429,0.4299716356698678,0.3799213870969445,0.4551023128577566,0.3953114228636456,2018-09-16
90,0.4512865681446267,0.3596478391944736,0.40308202329698645,0.4267176217780402,0.4099828812430324,0.4278163116077492,0.4508115547462894,0.44968964344371437,0.42355909026087313,0.454316000942979,0.4710670426247869,0.43502668313975157,0.3898363122075976,0.46508601049010856,0.40109274694740904,2018-09-23
91,0.45227909375239733,0.3670853242693056,0.40704630903553735,0.432470773945246,0.4091541301113006,0.4266484968918454,0.4508195126871951,0.4528645406674518,0.4251683218219656,0.45699262042917693,0.4812007459993078,0.4407973738750132,0.40027597328489645,0.4751149345744189,0.40716824866815976,2018-09-30
92,0.4531143543555213,0.37447089869423583,0.4108419894558823,0.4364859809138576,0.4073807145236197,0.42466738820988553,0.4492128903343752,0.4547347534491067,0.4255116802938382,0.45926720291420164,0.49181479715222315,0.44632995683650506,0.41020180684011986,0.4839178787269139,0.4130389282177001,2018-10-07
93,0.45318460957059736,0.38168308394396583,0.4141065790010478,0.43781525825050743,0.40494875596455154,0.42177113563720653,0.4458542191221814,0.4550225509423808,0.4246442626806638,0.4609197085317356,0.5019435032817643,0.4506706809850793,0.41857610837179837,0.4902236365638199,0.4182057857878324,2018-10-14
94,0.45189778928864305,0.38858588389951676,0.4164794153651185,0.4361416137623024,0.40213039807497497,0.41785805976097523,0.44062482705326306,0.453462803832822,0.42262207820225695,0.4617331691069128,0.5106393322409697,0.4529020604784796,0.4246219162743733,0.49281587573873276,0.4221781015729385,2018-10-21
95,0.4489319198739069,0.3947930738404121,0.41763126221899355,0.43181587085211687,0.3989568591500309,0.4128294201496844,0.4337300241276704,0.45000758572265664,0.41951685923815185,0.46154356084897613,0.5172677731283217,0.4527316847934705,0.42818841696205284,0.49142408550156463,0.42460787180640136,2018-10-28
96,0.4441928208422586,0.3997073920004894,0.4172593871794242,0.42522094105088676,0.3952561665910491,0.4065889550410623,0.4256483593084571,0.44479215415701734,0.41541359871906,0.4602315120426751,0.5214583099592702,0.4503943175502509,0.42921685612340826,0.48657543927676966,0.42526745614553896,2018-11-04
97,0.4375934442878189,0.4027249686965719,0.41506188774530006,0.4167397401943111,0.3908499855582658,0.39904048028404754,0.41686693712003137,0.4379575024715896,0.4103977047853608,0.45767904910268714,0.5228486928643348,0.44614122905854675,0.42764847944701095,0.47882208729233827,0.42393298302444643,2018-11-11
98,0.4290468842089483,0.4032422345040907,0.4107370199506281,0.40676912204538507,0.3855600171934039,0.3900879570416896,0.40787269746728316,0.42964466963185416,0.40455458560680835,0.4537682056878726,0.5210768767381775,0.44022368903504605,0.42346348421369095,0.4687161551921958,0.4203807676638567,2018-11-18
99,0.41859219817462323,0.40092214936058956,0.4041237660654538,0.395750849755742,0.37923990218122733,0.3797643368745445,0.39900645310270755,0.4200351986214526,0.3979696754277037,0.44838744587213103,0.5159625786462697,0.43289244077665195,0.41697702375084894,0.45678794618110735,0.41455292943490546,2018-11-25
100,0.40662571982619994,0.39618364227628733,0.39546025643610105,0.38413571421941,0.37183387275162283,0.36846843253915135,0.3901945498434766,0.4094255157704839,0.3907284824487441,0.4414434726012654,0.507841055775535,0.42439673447244125,0.40867500921811883,0.4435058675099937,0.4068618653878263,2018-12-02
101,0.3936066921138613,0.38957875358772115,0.38505490355634037,0.37237450633041796,0.363302112528734,0.356663477772756,0.3812903540086982,0.3981322761130664,0.3829165278928978,0.4328462003286884,0.4971383418166152,0.4149855574044879,0.39904471278711623,0.4293274277663147,0.3978027792482385,2018-12-09
102,0.3799943579877901,0.38165952363142797,0.37321611991994214,0.3609011588288501,0.3536048051367048,0.3448127063126042,0.3721472319174803,0.3864721346833183,0.3746193329831331,0.42250554350781283,0.4842804704601524,0.4049078968548657,0.38857148848214385,0.4147101355375301,0.387870874741761,2018-12-16
103,0.3662474426792898,0.37296274409814334,0.36027031671795606,0.34995362841519295,0.3427401434856366,0.33336724349110514,0.3626307039172399,0.374762314575585,0.3659234215255079,0.41036382454191833,0.4696969984997236,0.3944122112936478,0.3776256014887017,0.40010339986760884,0.37754360552784877,2018-12-23
104,0.3528186529376915,0.3638479411711593,0.3467531399973031,0.33964343563535426,0.33114817843488903,0.3226374544344414,0.3527475809344895,0.3633266425843527,0.3569269723544986,0.3967401082514894,0.45385843880052634,0.38374081175139624,0.3663989292921466,0.38586247260743645,0.3670920807467957,2018-12-30
105,0.34015681262073094,0.35456027619025626,0.3333352260344987,0.33007999376599845,0.3195540304885044,0.3128428912325208,0.34259582910806097,0.35249320595581113,0.34773568367775504,0.3821965190810135,0.43726172749977127,0.3731320431686662,0.35506800419932766,0.3722818590317159,0.35665428404266314,2019-01-06
106,0.32871068087128424,0.34534300441448923,0.32068946094321815,0.3213724445626163,0.30868757131126967,0.3042015924246463,0.33227493383032486,0.34259016294367856,0.33845537902581296,0.36729923246871127,0.4204042411225361,0.36282418438451275,0.3438093585170945,0.3596550519722138,0.34636598030124166,2019-01-13
107,0.31892840243685905,0.33643917011735275,0.30948757929061604,0.313600357856579,0.2992773427547645,0.2969311407050233,0.32188546765835724,0.3339451778498105,0.32919234235612593,0.35261485635289347,0.40378359462710917,0.353055687220733,0.3328302040155332,0.3482752836332765,0.33636331260213537,2019-01-20
108,0.3111526819894392,0.3280556090743639,0.30020369183617657,0.3067875561597743,0.291823669447168,0.29117088845558486,0.3117145780073268,0.32680114493318557,0.32013187425204687,0.33878422260727603,0.3879383219256719,0.34409469010539717,0.3224972286941016,0.33839105838390415,0.3268473281344198,2019-01-27
109,0.3055021271767986,0.3203222013437045,0.29289188965529245,0.3009516861344319,0.2863418346281409,0.2868939212939793,0.3024459490957323,0.3212207924745578,0.3116272132525798,0.32660591491831714,0.37349392401342146,0.33627242588387074,0.31322877640694297,0.33015581830534146,0.3181570180114265,2019-02-03
110,0.3020666804164084,0.31335898324123834,0.2875525372688938,0.2961103944427813,0.28278507777233963,0.2840520569289804,0.29481398789856983,0.31724380293657295,0.3040530795749986,0.31689869569666296,0.3610870262254349,0.32992819808433566,0.3054432175102751,0.32371084564591557,0.3106490183570424,2019-02-10
111,0.30093628412573964,0.3072859910828294,0.2841859991979106,0.2923841313618534,0.28110663835442073,0.2825971130693622,0.28955310139083634,0.3149098587818767,0.29778419343657725,0.3104813273529599,0.3513542538967894,0.3254013102349742,0.2995600708696825,0.31919742265395395,0.30467996529515456,2019-02-17
112,0.30224601629814274,0.3022701490523446,0.2828318521188095,0.29053187395072655,0.2813072492614531,0.2825394417054303,0.2873625918232278,0.31428542163875833,0.2932302634081208,0.30811481579585215,0.34491465876301836,0.3230539363552224,0.2960261920886509,0.31681712523209926,0.3006281232559561,2019-02-24
113,0.30650092979661525,0.298862719685707,0.28385109349090215,0.2915573904933784,0.28377694536068687,0.28436919845816905,0.2886540091458659,0.3156564610984648,0.29108779647354305,0.3100867387371955,0.3422432423271331,0.3234357191487122,0.2953162951943424,0.31726575443602006,0.2990490432036091,2019-03-03
114,0.31438729677431826,0.2978032202600558,0.28776215753715495,0.2964649498294172,0.2890964475207617,0.28881155402797115,0.2936979578773551,0.31941646507442134,0.2921937778197586,0.3164527815934394,0.34374444810827365,0.3271881263176496,0.29790634707212993,0.32148119028068756,0.30058511372957675,2019-03-10
115,0.3265926311834734,0.29983245806178205,0.2950845573106361,0.3062277357326757,0.2978477832796967,0.296593289548118,0.3027640767124939,0.3259596582457216,0.29738615525581996,0.32726704074691654,0.3498222361293801,0.3349532547919397,0.3042722284026762,0.33040297161895954,0.3058793184772286,2019-03-17
116,0.3437941095887981,0.30568132036489126,0.30633001172459656,0.32089983409517225,0.31060403810243875,0.3084319056674363,0.31611519251630615,0.3356741493204649,0.30749142903563786,0.3425758002317357,0.3608714970043159,0.3473624272085242,0.3146107069455038,0.34495778597465476,0.31556365681008547,2019-03-24
117,0.365978669502543,0.3154183239995757,0.3214898161636304,0.3394860963651135,0.3273412251238407,0.32442523459400485,0.3335592985774233,0.34853967670794395,0.3225717332122139,0.36190370475746325,0.37668154664785364,0.36432755448037024,0.3282192208551327,0.3652142231002871,0.32953669530592933,2019-03-31
118,0.39202106281760624,0.32804470500445065,0.339716704991368,0.360934118452819,0.3470732918626885,0.34367263369431833,0.3541715125799232,0.3638779697232391,0.3414575747761097,0.383934878994742,0.39606593544923335,0.38460135583034977,0.3442144239056178,0.38985821554021394,0.34651521664586804,2019-04-07
119,0.42069524704457056,0.34246497463921677,0.36008741604831374,0.3841914927329172,0.3687269964263689,0.3651829712535851,0.37696053366893745,0.38095112409234705,0.3628678416798045,0.4072772735505759,0.41774978280045955,0.4068314960656371,0.36171296987101353,0.4174503893460406,0.36510890162457715,2019-04-14
120,0.4507751796940186,0.3575836441635746,0.38167868717497166,0.4081569483258158,0.3912290969222687,0.38796511555701363,0.40093506098959725,0.3990212355412646,0.38552142187577737,0.4305388390319691,0.44045820809353653,0.4296656399934068,0.3798160326135616,0.4465513705693728,0.38392743103673216,2019-04-21
121,0.48100124025896107,0.372320524490402,0.4035400119924111,0.4315576166444684,0.41350345485943046,0.411023199111797,0.4250952042708706,0.41731632441089556,0.40813821511356585,0.45240466295857745,0.46291638128448104,0.4517972098378624,0.3974350275031887,0.4756874296882552,0.40165230974988775,2019-04-28
122,0.5099144093723106,0.38568628161051344,0.42455909773011385,0.4530829810605168,0.43445673065970586,0.43333323159935627,0.44839006606751514,0.4348620586271917,0.42944412957306494,0.4720179007637266,0.4838497725973764,0.47219135252455924,0.4133541227413924,0.503180820901591,0.41739156091038215,2019-05-05
123,0.5359823500656115,0.39672498830743597,0.4435641638644255,0.47142252494560155,0.45298926002246237,0.4538608821298159,0.46974999394409556,0.450609702512754,0.4481672826930468,0.48869013632951797,0.5019839626628267,0.4899131262991359,0.4263551381697146,0.5272787830134136,0.43041003552768525,2019-05-12
124,0.5576726120445985,0.4044807690010261,0.45938333792245095,0.4853385468399456,0.4680013688710481,0.47157180383004954,0.488105306475897,0.4635104053857591,0.4630357953270987,0.5017332138751329,0.5160445322820899,0.5040277438385136,0.4352251390458899,0.5462284388776958,0.43997282701751295,2019-05-19
125,0.5734923407569836,0.4080218432034814,0.47086637097497575,0.49453547102356354,0.4784165691700244,0.4854496895131852,0.5024070085990834,0.4725332321905179,0.4728013496652638,0.5104798148994774,0.5247894895144207,0.5136304570317676,0.4395166692213616,0.558324597527986,0.4453702792333668,2019-05-26
126,0.5833183316311378,0.4072498999141578,0.47761099063534607,0.49937427894617836,0.48396039752887365,0.4951022398956207,0.5123216638519064,0.4772669644308431,0.4770306343202514,0.514983399913211,0.5280985285163924,0.51885559935332,0.44034506336675416,0.5635115730120773,0.446766169885484,2019-06-02
127,0.5887142522177152,0.40309313597201585,0.4801361385464667,0.5002293082864885,0.48534617067171015,0.5009056889328838,0.5183971236014551,0.4780636315955819,0.476294106483086,0.5161851467550863,0.5272328212193665,0.5211172456595886,0.4390163108954579,0.5637652232491073,0.44540000496825516,2019-06-09
128,0.5913476745934478,0.3965429769629853,0.4790174994237566,0.4974770839903696,0.4833480485977989,0.5032836091314996,0.5212355229942368,0.4753222761742216,0.4712240514448864,0.5150809130745236,0.5235386330194554,0.5219082977198563,0.43683640122086304,0.5611865410753003,0.44257755100410767,2019-06-16
129,0.5928861708350676,0.38859084847299585,0.474830757982635,0.4918133251612939,0.47874019130640477,0.5026595729979932,0.5214389971767593,0.46944194065624967,0.4624527544967708,0.5126665565209431,0.5183622293127708,0.5227216573034061,0.43503350230092835,0.5578765193268812,0.43960457451546914,2019-06-23
130,0.5947544597466882,0.3802897776785312,0.468310213880986,0.4845854134092071,0.47240322766118825,0.49961071782297345,0.519696035669061,0.4610257901009271,0.4508155959685497,0.5099006467472584,0.5129602368879698,0.5248308710031515,0.4342815714335833,0.5556350239946234,0.4376620588568249,2019-06-30
131,0.5973175499739344,0.3729615953451112,0.46088229607767434,0.47722023077752096,0.46568237214142044,0.49538427341803803,0.517071942377388,0.45156769512990563,0.43803417803633476,0.5075790441776328,0.5081981371236061,0.5285523111223221,0.435014130163249,0.554947929399855,0.4373864858025459,2019-07-07
132,0.6006514781600524,0.36800143219744547,0.454162170035039,0.4711446593096472,0.4600495269197423,0.4914101968962248,0.5147347745946894,0.44280441256143716,0.4260717664098238,0.5064532401120292,0.5048347500895041,0.5339413384329287,0.4376637264685123,0.5559427979228637,0.4392658571764772,2019-07-14
133,0.6048322744886303,0.3668044205987855,0.4497650054344205,0.46764070943000213,0.456976597000762,0.48911844945524385,0.5138525919108555,0.43647270464323323,0.41689163220084313,0.5072747248585869,0.5036288934711891,0.5410533078723497,0.44265421358605983,0.5587471839342593,0.4437881714833544,2019-07-21
134,0.6099163982569822,0.37070249640139474,0.44924696455131896,0.4670050364428104,0.45787417399501734,0.489879024493669,0.5155457038853309,0.4342508202875271,0.4123909457842223,0.5107504817640456,0.5053025516206479,0.5499254473805433,0.450053401631593,0.5634732391939082,0.45140933155500534,2019-07-28
135,0.6155530010175909,0.3797123546446519,0.4529361521749889,0.46912397039464526,0.4628767999812504,0.4938138702941387,0.5199406502020258,0.4365992334737968,0.413091194198794,0.5166612187973567,0.5098111364511843,0.5602177272538033,0.45945587537874855,0.5699125575391385,0.4619172676047498,2019-08-04
136,0.6210063855291971,0.3926079719400575,0.4600003307043773,0.4738824895630736,0.47091332888397797,0.49986570723729584,0.5262249971452279,0.4428277913646529,0.4182140363334262,0.5239124433786524,0.516385756245525,0.5712336621331202,0.4704234920678657,0.5775538504501925,0.4744687692409283,2019-08-11
137,0.6255257799847825,0.4081146474939463,0.4695618118109002,0.48115423954264824,0.4808653877020757,0.5069310652288697,0.5335495313172082,0.4522012709551584,0.4269302166782935,0.5313753812349951,0.5242291482407141,0.5822628042557999,0.4825181089392839,0.5858739654750791,0.4881959042312323,2019-08-18
138,0.628360469303185,0.42495770702498825,0.48074289843001183,0.49042085890151355,0.4916146545405055,0.5139065289884487,0.54106506225747,0.46398442579686827,0.43841046122043664,0.537921328147009,0.5325440569821623,0.592594720719457,0.4952123798163522,0.5943497408755506,0.5022307510446359,2019-08-25
139,0.6289434049249918,0.44194831767716125,0.4926376082696997,0.5006811871467938,0.5022082783812409,0.519866159110974,0.5479966654907403,0.4773661042380266,0.4517655866483572,0.54264839875569,0.5405568899868343,0.6015670932121,0.5075897121015795,0.6024279479443072,0.5157400366754223,2019-09-01
140,0.6272993300995781,0.45817423620842446,0.5042488212205366,0.5109043253087228,0.5122265718371419,0.5244558611214816,0.5538087089359635,0.49129058050887403,0.4659133759293985,0.5453855406397283,0.5475702992206223,0.6086726334196214,0.5186273697234797,0.6094584792079567,0.5280021291141198,2019-09-08
141,0.6235719508180332,0.47277881977255226,0.5145610965331798,0.5200593748789643,0.5213570247519301,0.5274364935398097,0.5580136633733682,0.5046529642395365,0.4797328081468833,0.5461086143440163,0.552902263405467,0.6134352173551688,0.5273026142378435,0.61477175250039,0.5383178385662439,2019-09-15
142,0.6179049730714465,0.4849054255233193,0.5225589934582869,0.5272737059236211,0.529287126969327,0.5285689148857968,0.5601239995831835,0.5163483650601404,0.4921028623841344,0.5447934804134464,0.5558707612633091,0.6153787210318902,0.5326355132571607,0.6176981856554979,0.5459879752373107,2019-09-22
143,0.6104465079613652,0.4937430435593882,0.5272845922752893,0.5322808342250681,0.5356933258780205,0.5276345991704052,0.5596771698615612,0.5253178903586188,0.5019475374317879,0.541430000676027,0.5558502310850136,0.6140618187234762,0.5344305753536815,0.6176020515702886,0.5503580257553251,2019-09-29
144,0.6014048866272808,0.4991044888979712,0.5285663141666107,0.5349593638594157,0.5401011130467546,0.5246968443610158,0.5565521361787336,0.5311314596144308,0.5088062737381782,0.536199441422497,0.5529869413834813,0.6095188941302644,0.533179455836762,0.6143104385932614,0.551384225532719,2019-10-06
145,0.5910320481261414,0.5012543149889491,0.5268020035558741,0.535187898902774,0.5419266664476596,0.5200230292633593,0.5508751623364604,0.5338143421659813,0.5126641795048518,0.5294216731407488,0.547986076105129,0.6021288125922455,0.529397050197183,0.6079855796310363,0.5494650794239222,2019-10-13
146,0.5795809053187294,0.5004671630057913,0.5224022205974146,0.5328594028387694,0.5405837229823985,0.5138850899909753,0.542778034607779,0.5334019757216462,0.5135163150932375,0.521419661474473,0.5415653002783334,0.5922781320327972,0.5235981973681079,0.5987971916682302,0.5450089685559147,2019-10-20
147,0.5673042831006371,0.49701772252914084,0.5157774397985644,0.5280744696947635,0.5354872394963965,0.506554864631494,0.5323930863927311,0.5299302992945127,0.5113581889849719,0.5125163686629456,0.5344417146246933,0.580353616391299,0.5162611455990805,0.5869152972973819,0.5384240769283646,2019-10-27
148,0.5544283048089543,0.4911953769859536,0.5073121377865758,0.5210899096180759,0.5264224829518094,0.49827443581405495,0.5200187297837027,0.5235874213764741,0.5063213351504897,0.5030337235460441,0.5271611263066809,0.5668045651207643,0.5077646289647693,0.5726026854405428,0.5300587511612016,2019-11-03
149,0.5411149726551592,0.48332479560738495,0.4973283598765339,0.5121663476277758,0.5140639830670459,0.4892144314064071,0.5063521982636835,0.5149268702630594,0.49886393918442995,0.4932911733582141,0.5198579981144851,0.5522304504637277,0.49847062372733075,0.5563449140939617,0.5201176443838783,2019-11-10
150,0.5275168614563932,0.4737358355121617,0.4861389724336358,0.5015643394283842,0.49921701322091827,0.4795349736557821,0.49214936194256315,0.5045559000157485,0.4894922125643605,0.4836078004764101,0.512606315022778,0.537252823783948,0.488741106148921,0.5386602938278373,0.5087842832221344,2019-11-17
151,0.5137865460297983,0.46275835381901115,0.4740568418230788,0.48953027441223573,0.4826868467922386,0.46939618480941203,0.4781660909302314,0.4930817646960211,0.4787123667678492,0.47430268727758673,0.5054800620062315,0.5224932364451838,0.47889330240842237,0.5200671352123686,0.4962421943017101,2019-11-24
152,0.5000587685545774,0.45072299658496906,0.46137957631729254,0.4762791906785444,0.46525741899093287,0.45895513370719937,0.4650935287734702,0.4810673274694832,0.4670098441704784,0.46565169634668707,0.4985334230877744,0.5084994002253302,0.4687984798696492,0.5010769938892643,0.4826753561302144,2019-12-01
153,0.4862991951191565,0.4379678900057675,0.44826011806097726,0.46202192362687955,0.4475103520437359,0.44833993900363395,0.45300912886861155,0.46865456934363553,0.45467316964270865,0.45752091166480896,0.4916328440809977,0.4951189337043448,0.45807192906030963,0.4821373801858787,0.46827203163016895,2019-12-08
154,0.47238018631446543,0.42483528822958416,0.43477157446314274,0.44696930865681084,0.4299156207323779,0.4376627430466785,0.4416516765925573,0.45575320537418806,0.44188219813190965,0.4495502788139453,0.48454116651729723,0.4818131054831472,0.4463258975526573,0.46366046069828687,0.45322284810017655,2019-12-15
155,0.458173124218925,0.4116674886952196,0.4209862156907326,0.43133874210220485,0.4129420289705856,0.4270355206377291,0.43075640564623835,0.44227051479961255,0.4288156449432873,0.44137737181966213,0.4770201454102446,0.4680391324369016,0.43317754395941105,0.4460580313661277,0.4377184576345019,2019-12-22
156,0.443551453558568,0.39880606419734055,0.406977588991268,0.4153965635457241,0.3970568054071098,0.4165697309066526,0.4200599464458129,0.4281163993601054,0.4156524742413061,0.43264195669453276,0.46883258742602146,0.4532588682589266,0.4186571491420504,0.4297399858002278,0.4219504656707214,2019-12-29
157,0.4285853016361223,0.3865234895060273,0.39294101689623306,0.3994312279366685,0.3825769702049135,0.4063276614212536,0.40943211238459065,0.4134508279394955,0.40259538002191275,0.4231928151115111,0.45984157896055294,0.4373763077707616,0.403514729041752,0.41493482214165084,0.4062013831495788,2020-01-05
158,0.4137011983467013,0.3749670289354814,0.3792924872732187,0.3837312984329239,0.36954735523945287,0.3962824974379618,0.3989840537303316,0.3988869085850211,0.3898900563962613,0.413257479746616,0.4500919202974146,0.4210966364583455,0.38857252197463954,0.4015423372465942,0.3909184481449242,2020-01-12
159,0.3993632637518416,0.36427074071786414,0.36647126180118905,0.36858678671066497,0.35798408439346907,0.3863980264961734,0.38885237481164864,0.38508554242099,0.3777867327441075,0.4031034305533061,0.43964757728020937,0.40520954225247896,0.374652766256835,0.3894276594916604,0.3765662726792833,2020-01-19
160,0.38603561791308005,0.35456868308533684,0.35491660215910836,0.35434702017713143,0.3479032815497033,0.3766380361352847,0.3791736799571547,0.37270763057170986,0.3665356384452072,0.39299814748504003,0.4285725157525401,0.3905047130839625,0.36248591570817823,0.3784559172534519,0.36360946877518163,2020-01-26
161,0.3741679381470367,0.3459938883589345,0.3450411511247459,0.34144016418212875,0.3393266913294451,0.3670126229275531,0.3701020385554343,0.362337924980359,0.35638277672359975,0.3832320557620341,0.41698241105589334,0.3777147645964491,0.3522573733903995,0.3685380755277779,0.35246613306595265,2020-02-02
162,0.364111668363735,0.33867241104866075,0.3370765010343266,0.3302998363857274,0.33231428822638065,0.35784685778567227,0.36191030990290063,0.35404324325595027,0.347545406290059,0.3742516445474681,0.4053446445377739,0.36718413101647257,0.34395213091759513,0.35989686049418174,0.34323798429652147,2020-02-09
163,0.3561773457513011,0.3327273999384002,0.331178850523315,0.32135965444799897,0.32694196656037805,0.3495969744130338,0.35492082023284827,0.3476747228585247,0.3402288159578366,0.36656839173426403,0.39427305627369197,0.35909559861570167,0.3375548701311869,0.3528848230881961,0.33589499395042866,2020-02-16
164,0.3506753727354067,0.32828199423945953,0.3275041498513662,0.31509609831646207,0.3232856730973279,0.34271963861364196,0.34945605874166247,0.3430827907148688,0.3346382551067443,0.3606939893131824,0.38438196883046316,0.35363142113535206,0.3330574089600723,0.3478549419379659,0.3304066994851312,2020-02-23
165,0.3479212266484563,0.3254638962576794,0.32621117268453287,0.3121647167749786,0.3214295540663491,0.33767764426581615,0.34584591664570796,0.3401265947946681,0.33098303339821133,0.3571421834647843,0.3762931765901394,0.3509804691269969,0.3306625593497041,0.34516616133887007,0.3267505270231876,2020-03-01
166,0.3484576442628291,0.3246051482726182,0.3275851276738854,0.3132678146409747,0.3218249359265758,0.335208206593976,0.34475175507870065,0.33905582016111735,0.32965428399805774,0.35651870905993577,0.37096306935408024,0.3516279205810288,0.3308140022476176,0.34544457417956115,0.32525716506371016,2020-03-08
167,0.35314119462945215,0.32631997437136306,0.33208582294781686,0.31910769686819274,0.3254302000178366,0.33642750099395713,0.3472926761572781,0.3406594612496727,0.3312942279243079,0.3595563320854908,0.36981009404586884,0.3564681371005687,0.3339685625505922,0.34968519026473766,0.3267451372275169,2020-03-15
168,0.36285140370694424,0.33124324030902136,0.340185838629056,0.33034066788513444,0.33324081886810974,0.3424794238905295,0.35462126586258136,0.3457659631078618,0.3365634533325934,0.36699711088541015,0.3742864971802342,0.3664254121697724,0.3405830628307712,0.3589100057614534,0.33206865239351907,2020-03-22
169,0.37846779745392456,0.34000981184070056,0.3523577548403316,0.34687622149934916,0.346252265005373,0.3545078717084631,0.3678901101757519,0.35520377078321214,0.3461225483785457,0.3795831038036542,0.38584452527190566,0.382424039272796,0.35101033334202514,0.3741410168367623,0.34208191944062794,2020-03-29
170,0.40057344382924337,0.3530388964665902,0.36885807058390363,0.36801748121975564,0.3651300571473414,0.37328708231923036,0.3878818710733454,0.36955103592441735,0.36040751261312304,0.39779590040650775,0.40543656798516514,0.40503266634992213,0.3652218465763291,0.39603293319063115,0.3573794344602702,2020-04-05
171,0.4282766514395011,0.36967688857818254,0.38886836816723885,0.39305004076136446,0.38889832646989975,0.3977523909199264,0.41353898734411304,0.3881408011562114,0.3787371075791704,0.4208213628177635,0.43152842813031067,0.43305074775474495,0.3831016794488844,0.42341336202380486,0.37726372684862214,2020-04-12
172,0.4602280275229726,0.3889372278872389,0.411236622356145,0.42125813900642045,0.4160717886143223,0.4262684170386829,0.4432327722777223,0.4099196812409712,0.4000833525769569,0.44744321553618344,0.4618141797581023,0.464728656850645,0.4045339088748904,0.4545428571308648,0.40063635554973476,2020-04-19
173,0.4950780379557425,0.4098332512716514,0.43481070488092244,0.4515147595849666,0.4451650018876462,0.4571996039366973,0.4753343627703295,0.4338341715918808,0.42341815981455977,0.47644505885933786,0.49398765856897997,0.4983165974159923,0.4293286047032946,0.48768179717055715,0.42639875566695185,2020-04-26
174,0.5314616652528936,0.4313615295330022,0.45843008633842774,0.48170529771783616,0.47468661015300895,0.4888998326884472,0.5082043513069228,0.45881284207069845,0.4476981862660741,0.5065934414259528,0.5257514004734007,0.5320652471506796,0.45622572804842854,0.5210901656378866,0.4534393222988015,2020-05-03
175,0.5676186067252683,0.4520906009612277,0.48071975910280895,0.5095699486580424,0.5029942634315439,0.5194533351537334,0.539934134961906,0.4833266290024069,0.4714906277104701,0.5362195885332635,0.5550300549328238,0.5642373828179648,0.48316011650355195,0.5530178576252016,0.48031354343364685,2020-05-10
176,0.6013702064818229,0.4701359922742707,0.500077720835935,0.5328489076585959,0.5282858062252553,0.5466589578272167,0.5683302057316708,0.5053621286624584,0.49295049061064145,0.5631939975994573,0.5799833470306824,0.593108586319887,0.5080469461636379,0.5817040910846301,0.5052245722039691,2020-05-17
177,0.6305177070178309,0.4835914632630546,0.5148910622435581,0.5494879584113072,0.5487514044793795,0.5683018346125356,0.5911853660990865,0.5228826650852356,0.5102129759867164,0.585365028351901,0.5987822970892603,0.6169550548375174,0.5288037594065348,0.6053875709382877,0.5263586322694312,2020-05-24
178,0.6528623645862377,0.4905507862777411,0.523546884320607,0.5591180864551561,0.5625812352846561,0.582167113902714,0.6062924331031456,0.5338515751088004,0.5214132952578392,0.6005810529648968,0.6095979395177128,0.6340529976824014,0.5439324853939207,0.6223070138033591,0.5419019571941541,2020-05-31
179,0.6668208831516208,0.4896695696363235,0.5248925730845142,0.5621957146968488,0.5684640684364799,0.5866881249629037,0.6120953901508586,0.5368049665762071,0.5251518585223532,0.6072472557469903,0.6112314831764634,0.6432212794181418,0.5532820800106243,0.6312243137236618,0.550483855230461,2020-06-07
180,0.6730669195551922,0.4816637710249484,0.51946345909451,0.5591829223247544,0.5669170991476642,0.5826751880784152,0.6094261599975945,0.5323793973653979,0.5217350396467366,0.6058107471108791,0.6047950952960609,0.6452687749845337,0.5568906466762679,0.6328199465749266,0.5523584659091113,2020-06-14
181,0.6727913554546348,0.467721517413774,0.5081816983570379,0.550550998581589,0.5588765420136356,0.5714833574352457,0.5996639083225714,0.5216927844890343,0.5118601674022034,0.597186584702631,0.5919305443367624,0.6414604090520762,0.5547962888104745,0.6282140687180939,0.5481522905715542,2020-06-21
182,0.6671850725076309,0.4490309357729586,0.4919694468785418,0.537223974814556,0.5452786116298203,0.5544676872193919,0.5841878008050072,0.5058630449597787,0.4962245705599678,0.5822898261683134,0.5742795987588248,0.6330611062912683,0.5471587491045279,0.6185268365141044,0.538491830559239,2020-06-28
183,0.6574430853049719,0.4268140191323322,0.4717926974437925,0.5207755439842019,0.5271019046232579,0.533015418361377,0.5644029397361812,0.4860406191255058,0.4755838996684987,0.5620793963811934,0.5534856494365537,0.6213301562348429,0.5351348434630327,0.6048910679531396,0.5240498320459851,2020-07-05
184,0.6448275058961142,0.4028425701797666,0.4493291253992558,0.5028296102043177,0.5060130826198131,0.509036338057012,0.5421355038463422,0.46390395809132445,0.45164064930594405,0.5382263971084409,0.5312184268574801,0.6074353629224398,0.5203697693396714,0.5886451403998922,0.5062498181108172,2020-07-12
185,0.6306549258798232,0.37933480765184036,0.4268342542839102,0.4850100775886945,0.48423747923944216,0.48486451313343903,0.5195535634228233,0.44156022946899504,0.42686610078289344,0.5129801796810631,0.5091690478669205,0.5924702490642548,0.5045120708061862,0.5712943344416548,0.48712490254216156,2020-07-19
186,0.6162435118252639,0.35852185589965274,0.4065803128740251,0.4687810055790727,0.4640165789672421,0.46284627608205403,0.49883507262845067,0.4211289948018797,0.40375376056345935,0.48860681227075764,0.4890292475766948,0.5775261899427494,0.48920178216621935,0.5543487557356503,0.46872582202245566,2020-07-26
187,0.6029108105128704,0.34263378840246506,0.3908383429379053,0.45487789036882326,0.4475907639356961,0.4453266957474963,0.4821567113200832,0.40472880199057054,0.3847960282300447,0.4673714777584864,0.4724900066104679,0.5636941208534996,0.4756178312851742,0.5393179893823755,0.4531023998068797,2020-08-02
188,0.5915733883692282,0.33322080348146194,0.38111143605410697,0.4438287663399227,0.436487234964013,0.43383330832458544,0.4708707305900605,0.3938224096058384,0.37176919189459845,0.45096660870801064,0.4607541796996557,0.5517803218730106,0.4642515168764967,0.5273748395599712,0.44171350554606487,2020-08-09
189,0.5820572820710794,0.32998407099808785,0.37681412130608644,0.4361616528626378,0.4302935830334278,0.4276702401389523,0.46408721658247354,0.3880890529935958,0.3645019608033226,0.4395269522400371,0.4536970856950306,0.5418169080049449,0.4555380429908675,0.5187761812458496,0.4344108167168773,2020-08-16
190,0.5740048871896706,0.33231339138027366,0.37700922171375584,0.43237063258193315,0.4282707761284848,0.4257672036624061,0.46053868330286546,0.3869076289012568,0.36249507925144414,0.43292494710925433,0.45097049140145273,0.5337056277683893,0.4499126136789676,0.5136246503872619,0.43077536568303965,2020-08-23
191,0.5670585992962487,0.33959856505595026,0.3807595602970273,0.4323278818187511,0.42967978223372827,0.4270539113667561,0.4589576447567793,0.3896570340762355,0.36524929153419006,0.4310330320703509,0.4522261636237825,0.5273482296824307,0.4476518706558671,0.51202288293146,0.43038818480827445,2020-08-30
192,0.5608710236435565,0.35118579038687325,0.38713140562787424,0.43536080561963725,0.4337734456365019,0.4304766238993894,0.4581304795887124,0.3956937946796189,0.3722179647979241,0.4336702554064898,0.45706885327309243,0.522633381723112,0.4482436717699823,0.5140047916908829,0.4328095969821775,2020-09-06
193,0.555207421176815,0.36594015170979227,0.39522904519723834,0.44077838416994214,0.43971497210467525,0.43516419782704846,0.4574379197737759,0.4041275952942479,0.38233169713739307,0.44006654412962204,0.46458452837047487,0.5193054185064938,0.45093107055333104,0.5188459844960909,0.43737141256439194,2020-09-13
194,0.5499029686512317,0.3824281467919385,0.40418036160657755,0.44788940824045914,0.446611936398424,0.44035881147874806,0.4566295618656324,0.4139149269225805,0.3941966483444481,0.4490862077675715,0.4735371925057386,0.5170190992037653,0.4549570449295175,0.5253514537488303,0.44326362361606175,2020-09-20
195,0.5447938899184043,0.3992118016091229,0.41311359083028615,0.45591003749631664,0.4535710801183369,0.4453043403505426,0.4554605267302412,0.4240099862584609,0.40641411925019877,0.4595880801660803,0.482686027357969,0.5154278414565673,0.45956732270259426,0.5323191436636493,0.44967409825199445,2020-09-27
196,0.5397161066811698,0.41485492206709945,0.4211579728075922,0.4638148075744874,0.45969997528141315,0.4492452714466205,0.4536859172950757,0.43336809319666353,0.4175874388909359,0.4704314796073709,0.49079260403450703,0.5141849975440609,0.46406877772963867,0.5385482556074048,0.4557913836945945,2020-10-04
197,0.5344614472091384,0.4281810643411355,0.4275892589386045,0.47053935233959,0.46422737894750143,0.4515153309028501,0.45105821867305573,0.44110847955751686,0.42661591808845445,0.4805464195754196,0.49696718974497983,0.5129343812117731,0.46782828488015604,0.5430214507805373,0.4609031312810441,2020-10-11
198,0.5287317192106675,0.4385440872691869,0.43198231645482177,0.47501930565624295,0.4666294579328345,0.45163043426816435,0.4473245714820566,0.44668501754778933,0.4330031401038193,0.48900724392891,0.5010319449796558,0.5113003324630331,0.47021523987032504,0.5450959395164979,0.46449932197862953,2020-10-18
199,0.522217748216117,0.44536254466725933,0.4339485036210859,0.47627553104524684,0.4664125621356562,0.4491287235310529,0.4422314643311783,0.44959240427289393,0.43632640721733684,0.49490590430238757,0.5028958785956041,0.5089048155761116,0.4705991131045507,0.544174625767955,0.4660946202267357,2020-10-25
200,0.5146103597558467,0.44805499035135815,0.4330991787022388,0.4740982314925678,0.46308304145421036,0.44354834068000554,0.4355253858295209,0.4493253368382438,0.43616302170931354,0.4973343523303979,0.5024679994498947,0.5053697948292797,0.46849495167665534,0.5396604134875767,0.4652036904647475,2020-11-01
201,0.5056212396183756,0.4461444740230496,0.4291193182994579,0.46868571657112135,0.45625844050193026,0.43453301032713004,0.42700730474691023,0.4454846336305579,0.43219865554578574,0.495530642553346,0.49970953303065757,0.5003445641319121,0.4638672390832402,0.5310649001639485,0.46141344960729913,2020-11-08
202,0.49512515345337776,0.4399709659789552,0.42226942727327305,0.46024004297487636,0.44642559412709704,0.42255187350405027,0.41690410102737924,0.43850074053631277,0.42496618561073896,0.489875022547792,0.4949899203369902,0.493692073063978,0.4567669197790737,0.5187494199768558,0.4548756648955049,2020-11-15
203,0.4830735977503825,0.4302588064980433,0.4130808027597749,0.44896845280520425,0.4344803476427114,0.4084624386021044,0.4056430504325006,0.4291944521605337,0.4153971078722254,0.48128515407693856,0.4888706721844367,0.4853757985110766,0.4472449382189233,0.5034751174168686,0.44600787176304535,2020-11-22
204,0.4694185161066468,0.4177345755687636,0.40208631979149456,0.4353893126076292,0.4213209296504225,0.3931244770146802,0.3936525964227652,0.4183888376555991,0.40442524103676025,0.470681830396312,0.4819144185721631,0.47535980312764936,0.43539320765642664,0.48600546665425365,0.4352291542648981,2020-11-29
205,0.45411652054364465,0.40312476894370647,0.38981879295752025,0.42050323181611227,0.40784232335833015,0.37739429061288254,0.38136008828409945,0.406904785552103,0.3929804550352616,0.45898242399388506,0.4746804697640084,0.46361191387987716,0.4217799036320699,0.4671032002896925,0.42295905012668134,2020-12-06
206,0.4374043285358668,0.3871508282239176,0.3768074102403593,0.4053523031238343,0.3947447883615588,0.3619200099308564,0.36912722482857296,0.39543234707357505,0.3817556932628204,0.44689906130439544,0.4675289519041835,0.4503258164383014,0.40728046767785503,0.4474865567487677,0.4096443173124288,2020-12-13
207,0.4199528210099798,0.370526361075548,0.36357573838231866,0.3909786192239778,0.3824267626551217,0.3470270999304582,0.3572139466337767,0.38445877561759495,0.3710766629839956,0.43482573738006725,0.4605112557514757,0.4360452774652222,0.39277546242564404,0.4278048084856579,0.3957739051557189,2020-12-20
208,0.4024702262863859,0.3539643012778757,0.3506468605781612,0.3782620473162767,0.37126072108563535,0.3330132693952833,0.34587144088078725,0.37445387960746723,0.36123748125856936,0.42312908113269315,0.45365221418205554,0.4213441781168546,0.3791429885561598,0.40870129539786204,0.3818403923552522,2020-12-27
209,0.38566477268548727,0.3381775826101792,0.33854386002264986,0.36727544799642325,0.3616191384997161,0.320176227108927,0.33535089475068147,0.3658874674664964,0.3525322651463237,0.41217572147406606,0.4469766600720933,0.4067963995494135,0.36695226082927596,0.39081935738287893,0.3683363576097292,2021-01-03
210,0.3701888778608047,0.3238106033045044,0.3277373512011755,0.35784122199602797,0.3537729346182676,0.3087957315243647,0.3258806177410523,0.3591387256549191,0.34520258613419513,0.40226919419622875,0.4404504152397213,0.392934313021408,0.35616658793581135,0.37472840150976505,0.3557281603657868,2021-01-10
211,0.3563779981729722,0.31111853285091506,0.31839996703237994,0.34978169269155807,0.3474162748293041,0.29904959714158064,0.31755899185461756,0.3540721781825304,0.33919159761746787,0.3933547151153911,0.4337041644711108,0.380054545773588,0.3466788185573061,0.36057795373524876,0.34433325505786583,2021-01-17
212,0.34445584005228824,0.3002193117283072,0.3105992821199849,0.3429193406216281,0.3420399802703978,0.2910796964389286,0.310438591013339,0.35037089632570295,0.33433724077245314,0.3852511684317709,0.4262504344655781,0.3683706096059448,0.3383818013753002,0.34836950400628386,0.33441659720299044,2021-01-24
213,0.3346459840371857,0.29123072582025744,0.3044027527142852,0.3370799171710923,0.3371346430016897,0.2850278614042839,0.3045719375340929,0.34771774694526336,0.33047733824865483,0.3777772960267251,0.4176016188114666,0.3580959226847841,0.33117824796340045,0.33810437549988226,0.32624308317553824,2021-01-31
214,0.32716947570319543,0.28427277670206036,0.2998786185104401,0.3320922642165672,0.33220431545797924,0.28103495129737494,0.3000200068420039,0.3458014201994294,0.3274555795715307,0.3707608780797114,0.4072908697836843,0.3494436464713148,0.325037953091108,0.3297849876750762,0.32007252904796835,2021-02-07
215,0.32216640151563325,0.2795362284954045,0.29712014008225335,0.32778534468954035,0.32718293405952903,0.2792107593591024,0.2971137412803312,0.34449658489519885,0.32530302468388583,0.36431835089662234,0.39551430982995056,0.3426187440360867,0.31995864656279316,0.32344877194978383,0.3160025012903662,2021-02-14
216,0.31968085396462587,0.2772957491359509,0.2962502454936651,0.32398842084159596,0.3225141526941635,0.27962824356089977,0.2965041854954902,0.3438984264651763,0.3242729003871564,0.35890841305581944,0.3832541513408104,0.3378164575410635,0.31593815021156046,0.31917467374947206,0.31393818549976493,2021-02-21
217,0.3197513562268034,0.27783087443406496,0.29739358403698346,0.3207964512016791,0.3186711976928316,0.28235822479046196,0.29886095561271864,0.34411492412633493,0.3246313230092495,0.3550096202765909,0.3715382135411911,0.33523146516711233,0.3129814066149226,0.31704404703120637,0.3137736058498824,2021-02-28
218,0.322416431478796,0.28142114020011194,0.3006748050045165,0.31905800045611177,0.31612729538648193,0.28747152393548364,0.3048536677572541,0.34525405709564755,0.32664440887807267,0.353100528278225,0.3613943156560201,0.3350584450951004,0.3113609263549577,0.3171382457520526,0.31540278651443654,2021-03-07
219,0.3278252631606069,0.2882601222010873,0.3062221092944897,0.31975432855449565,0.31545130862998105,0.29506527029253476,0.315067506890474,0.34747276932145077,0.33055236757472795,0.35368284480579243,0.3538273761682093,0.33758153570166255,0.3116915412375875,0.31962679259837173,0.31881799336953454,2021-03-14
220,0.3365893479897476,0.2981822747978585,0.3141785356025644,0.32386669544643243,0.3176116478074904,0.30534650367495414,0.3297349238766349,0.3511325682037579,0.33648717621583585,0.3573550014742889,0.3497466394968678,0.3434586196059571,0.314610439520326,0.3250475590474259,0.3244219236605498,2021-03-21
221,0.34944089567635084,0.3109282834249888,0.32469099686946395,0.33226977812806247,0.32368104775220236,0.31855096224424634,0.34899626842146164,0.35664837398541854,0.34455255172017724,0.3647406851279338,0.35003636894306245,0.3534451664707876,0.320754809460687,0.33403459483274034,0.33272444092303216,2021-03-28
222,0.36711211628248663,0.3262388332436593,0.3379064060472067,0.3447760967423082,0.3347322436014655,0.33491438424558584,0.3729918899621595,0.36443510706500704,0.3548522109241405,0.37646358268457786,0.3555808277350279,0.3682966462434714,0.33058337762556383,0.34722194996824696,0.3442354090049732,2021-04-04
223,0.39026822440198267,0.34382471559377215,0.3539332258404878,0.36058850179097457,0.351766148515961,0.3546337980607524,0.401801589845212,0.3748726562973113,0.36746202941999967,0.3930851914292833,0.3671906816371057,0.3886969309496846,0.34380929844433666,0.36518719195913474,0.35941783338919553,2021-04-11
224,0.4182671361706807,0.36281339659208944,0.37212963016053574,0.37890259625461525,0.37438219639499803,0.37715087732810126,0.4343236801654933,0.38765733171642713,0.38191461000181853,0.41395348759590966,0.3842404716490252,0.41393278539259243,0.35995105262985555,0.3874057317241826,0.37782036116777734,2021-04-18
225,0.4492774153087335,0.38180164543682715,0.3911711960842276,0.39891113293612823,0.4009047850243894,0.4012200899577885,0.4683815791503543,0.40186353784073797,0.397248297392,0.4373124116987606,0.40479818291283265,0.4420199158501102,0.3785271203274027,0.41235026149118814,0.3981597755579534,2021-04-25
226,0.4814242854082985,0.3993668926742817,0.409708626787501,0.4195939073411045,0.4296118497389295,0.4255708620104508,0.5017595357807682,0.41654301688576684,0.4124834254964675,0.46136567307358745,0.426884189536739,0.4709277110928715,0.3990039642010474,0.43845693431264865,0.4191225465692538,2021-05-02
227,0.5128329866274559,0.41408667384187403,0.4263926958737921,0.43957394419474893,0.4587812507780371,0.4489326112702258,0.5322419081685551,0.43074750605051154,0.42664034713356375,0.4843170114722797,0.44851896024697935,0.49862560014501045,0.41995146158100116,0.46416186593150127,0.4393950943906597,2021-05-09
228,0.5416610481785193,0.42474316530235723,0.4400114489448854,0.4574402322815068,0.4865444781074557,0.4700186235904271,0.5578257640877285,0.44351896469918484,0.4387762777911991,0.5044294515023265,0.4679073861257467,0.5231614711347359,0.4391833303539485,0.4878284510942713,0.45756673273354614,2021-05-16
229,0.5661656847141151,0.4307503275095189,0.4497767290758222,0.4717817603858238,0.5105811352711542,0.4874923809925286,0.5771648661842299,0.4538691652552853,0.44806223844134624,0.520149046883547,0.4838237222144353,0.5428254376292462,0.4544896118106637,0.5075955742693289,0.47192698015556744,2021-05-23
230,0.5846232880132247,0.43164366126752224,0.45498190797479354,0.48133292618632373,0.5284838935290957,0.5000077844160211,0.5890393097007799,0.460804072887265,0.4536911435455479,0.5299570618178809,0.49515175574443,0.5559542116542043,0.4636619289287695,0.5215589294454848,0.48070768170132006,2021-05-30
231,0.5953102498548299,0.42695866738053007,0.4549203573499903,0.4856180990921679,0.5378454241412429,0.5062187348003953,0.5922291898800985,0.4633296527635758,0.4548559075653469,0.5323347605072678,0.5007752739471159,0.5608845052352733,0.4652654112396515,0.5278142106115498,0.4821406824154004,2021-06-06
232,0.5966640690225947,0.4163118540358528,0.4489546584994183,0.4844286398594346,0.5364682270313031,0.504888619543594,0.5856817950406561,0.46052691942363627,0.4508155198770091,0.5259175945029758,0.49968220214449316,0.5561312835387394,0.4598828449569168,0.5246391066747252,0.4746329702971736,2021-06-13
233,0.5892067420625335,0.40036785088042887,0.4373428673491808,0.4775561185156715,0.524869689541528,0.4961974266321001,0.570507656452199,0.4524479205792224,0.4416838862036072,0.5113359825229161,0.49220786589910986,0.5425158563463391,0.4484218615570355,0.5126660644926297,0.45885763653640116,2021-06-20
234,0.5749129293141513,0.3805217119939225,0.4209670863433105,0.4648382447121081,0.5054591744950515,0.4813123575778683,0.549324845842708,0.43982140638681355,0.42817069416153136,0.49061061418119706,0.47962657932995956,0.5224667998896417,0.4317900925164789,0.4941685360987031,0.4370669949617264,2021-06-27
235,0.5557868424053186,0.3581833503539323,0.40072211279624825,0.44721094012649293,0.48068453284506757,0.46142069660689955,0.5247821025750314,0.4233898930437109,0.41099775125520865,0.4657904611323716,0.46323175823787577,0.498445386743687,0.4109584433543936,0.47145335621092493,0.41154548525486645,2021-07-04
236,0.5338318627769209,0.3347622169359764,0.37750369671502265,0.4267292963987131,0.45299267987635816,0.43771041847391057,0.49952602634322685,0.4038971662894528,0.3908881513953412,0.4389235045582698,0.444316551753951,0.47291154883831066,0.38749773799908105,0.44682602165777324,0.3845761543836331,2021-07-11
237,0.5108463455364398,0.31155366481436997,0.35244286891875587,0.40549873684902804,0.4245994544208873,0.411540033696265,0.47567479558840464,0.3824005431458412,0.36888268458581785,0.4118131144936252,0.42410825117216217,0.44799412694489993,0.36330986839305296,0.4222616186687769,0.35809809906051804,2021-07-18
238,0.4881560547648533,0.2895900484360981,0.3272129886126769,0.38562453042410516,0.39718805808190066,0.38466114215593256,0.4541285640315747,0.3606800383880175,0.3467544385812745,0.38569882592241633,0.40368234376048995,0.4250587881105691,0.34030019845208814,0.3989736284565233,0.33325760172128227,2021-07-25
239,0.46702039399802653,0.26986679236311956,0.30356356796581113,0.36891105264373525,0.37236690031708347,0.35888054077217324,0.4356164521327395,0.34061714695933043,0.32637932932223895,0.36174100093023176,0.38409300068620594,0.4053640356372114,0.3203660159002806,0.3780685887639824,0.3110896189731671,2021-08-01
240,0.4486987667718249,0.2533793211573931,0.28324411914718406,0.3562337359397877,0.3517443905841212,0.336005026464247,0.4208675803519013,0.3240933638031289,0.3096332727492388,0.3411000016026601,0.36639439311658156,0.3901683728267202,0.3048011780229253,0.36065303733412435,0.2926291074234139,2021-08-08
241,0.4343783044152795,0.2410603713057333,0.2678646266388205,0.3482893060150669,0.3367915949173058,0.31774731282025515,0.4105373663760367,0.3128334415704179,0.2982270554197203,0.3248788757683633,0.3516108534605616,0.380606010298117,0.29388860539976225,0.34777190635604377,0.2788389027093171,2021-08-15
242,0.4245937613332026,0.23327681510678228,0.2577756053800828,0.3457744885723773,0.32773982642183375,0.30497085481437014,0.4046159377276301,0.30714727291202837,0.2923808964413248,0.31366331471902564,0.34049736968290856,0.3766892103903511,0.28781477522527654,0.3399140353863807,0.2700308287085128,2021-08-22
243,0.41953382971469777,0.23009535450140386,0.252659467555054,0.34925948141796015,0.32416275439355335,0.29808860663397196,0.4027405097094562,0.30659421874107784,0.29152432313724674,0.3077645709321254,0.3336660523232612,0.3778350827119508,0.286766164693954,0.33727327707867916,0.2661713712530443,2021-08-29
244,0.41938402430195726,0.23157993534981217,0.2521924910143359,0.3579183479329839,0.32562800982596135,0.2975093860936479,0.4045450572825488,0.3107267487972367,0.29507960291886554,0.30749137706436,0.33172770006052155,0.3834552723447808,0.29079761283596567,0.340040775598871,0.2672238453771716,2021-09-05
245,0.4243199528456366,0.23778883394506398,0.25604820901577485,0.37005868956464594,0.33169847223817917,0.30363146663972884,0.40965967530422004,0.3190936379038849,0.30246711222822176,0.31314362875741764,0.335282777403785,0.3929575952541924,0.2992163560261889,0.3483992722442777,0.2731463181033448,2021-09-12
246,0.43368383582297965,0.24830339621266728,0.2636692765869502,0.38397513116495263,0.34153732177946594,0.3159661175983893,0.4173880599415962,0.3309328403692649,0.3129481570392214,0.32427784200876125,0.34406242687205135,0.40542775781671586,0.3110660509957943,0.361824649551462,0.2834553877965637,2021-09-19
247,0.4453659795201011,0.2618740674981521,0.27409611633644215,0.3979658791803007,0.35361138864774033,0.33247928367814783,0.42646526070092233,0.3449408038921235,0.3255069132597823,0.3391554284996721,0.35628327189535935,0.4193902921528913,0.32539005754035,0.37856131184918096,0.2968985330750543,2021-09-26
248,0.4571109967672066,0.27716791578373495,0.2863287885486931,0.41067066093023086,0.3663176272648228,0.3509818427898959,0.43556926579809924,0.35975963827037494,0.3390997479663522,0.3559078416640776,0.37000996031079625,0.43331341891718056,0.3412346641391241,0.39673008983004443,0.31214605463936645,2021-10-03
249,0.4666635003945019,0.2928520090516323,0.2993673535081454,0.42134806345530007,0.3780529920525338,0.36928467284452504,0.44337806344902764,0.37403145330193344,0.35268302823537895,0.372666534935905,0.3833071399554495,0.4456653587640455,0.35772652906253194,0.414451814186662,0.3278682531900503,2021-10-10
250,0.4720420732813914,0.30771870317764854,0.31228459110018736,0.4293219455993649,0.38740388561573724,0.38537711215067794,0.44871032098363384,0.38654111706694694,0.3653078951188515,0.38771551832905227,0.3944248291547883,0.4551057352574687,0.37408065050668926,0.4299954131757353,0.3428378887986193,2021-10-17
251,0.47304569220581455,0.32137453720088205,0.32462584941321493,0.43391616620628215,0.39418783925444156,0.3984082236081173,0.4512989087149615,0.39700121209974365,0.37664137818754767,0.4003301905327664,0.40281767603760643,0.4615380034432653,0.38951655384713935,0.44259222682221605,0.3564935535844489,2021-10-24
252,0.47018479222940335,0.33375140364341327,0.3361253182087597,0.4346363855314453,0.398714352202927,0.4079905044542732,0.45124201908271966,0.4054950423429151,0.3865966205205449,0.41018211632404467,0.40842170751806856,0.46536266242699215,0.403253771753899,0.45185818185707005,0.3685399109707926,2021-10-31
253,0.4639716773615506,0.34478204970661636,0.3465176833213206,0.43206786878748554,0.40129421605848403,0.41373766933395945,0.4486388042005525,0.41210688559649694,0.3950874117187206,0.4169439011786005,0.4111742150564466,0.4669815170118188,0.4146126464914858,0.45741021529180853,0.378682323330342,2021-11-07
254,0.4549261070086355,0.3543957362344155,0.35553589871758373,0.4271928445691251,0.4022335948625848,0.4152758009313288,0.44359114188546245,0.4169187699327975,0.40202548462020005,0.420296722933726,0.4110221582905873,0.4667918219861745,0.423267542904014,0.4588779977812498,0.386627808162594,2021-11-14
255,0.443873133458846,0.3623789603634626,0.36284199968390213,0.42099415505085025,0.4016491577372361,0.41273744381031047,0.4363125254505449,0.419920598771014,0.4072383491801528,0.4202727911658709,0.4083084014357975,0.46500451246767727,0.4289704973668757,0.4564126330666333,0.3921511591609995,2021-11-21
256,0.43204358099794216,0.3683284686068858,0.3680037618094711,0.41442820677001435,0.3994057116203491,0.40692829301064315,0.42716479900745125,0.42097983047267656,0.410441572725883,0.4173708800473095,0.4039020148550419,0.4615828816880148,0.4314735462554624,0.45085827395023026,0.3951172529631177,2021-11-28
257,0.42069633647592386,0.3718278846179458,0.37058244182850697,0.4077259518101322,0.3953506450504309,0.3987005976186322,0.41652006637978795,0.4199554552883632,0.4113429808055566,0.41212203063669717,0.39870846051521613,0.4564730963487694,0.43054926410496,0.4431070034362795,0.39539719620370084,2021-12-05
258,0.4110902867427909,0.3724608320499036,0.370139296475226,0.4003209457250349,0.3893313465659884,0.38890660672058314,0.4047504313911612,0.41670646346865203,0.4096503989673397,0.4050572839926893,0.3936332003832161,0.44962132315152353,0.42625099224945073,0.43405090452902007,0.3928620955175011,2021-12-12
259,0.404155318181669,0.36993099376895056,0.3663851945345439,0.39160587967866967,0.3812682191714938,0.3783075303362579,0.3922179692736964,0.41116221762196337,0.4051611340054061,0.3966715968774692,0.3893711618275632,0.44100183344810223,0.41883538732817327,0.42443315286855543,0.3874737570920358,2021-12-19
260,0.39925480893176424,0.36451370455594256,0.3597433700747366,0.3809734960664402,0.3714293181527251,0.3672311035739269,0.3792370049587998,0.4035871524608734,0.39809855019305573,0.3872881136894365,0.38561482931109864,0.43072271653507743,0.40856364619313396,0.4142879141178467,0.3796258454598155,2021-12-26
261,0.39528640185507774,0.35665425582233384,0.3508488489909057,0.368127737161583,0.36018605856533953,0.3558761860259808,0.36610766683621987,0.39434532228178026,0.3888126820582237,0.37717889765382456,0.38175865310094753,0.4189318468412305,0.39569769653936154,0.40343855967207665,0.3698404200512385,2022-01-02
262,0.3911476631416766,0.3467979669587853,0.3403366920445021,0.35381927113075834,0.3479098724806549,0.3444416160686054,0.3531300809585914,0.3838007977810126,0.37765358498200796,0.36661600358659974,0.3771970344001865,0.4057771053449929,0.3806488337027395,0.39170842622430213,0.35863956143378634,2022-01-09
263,0.3857630604509299,0.33539447409871825,0.3288411444943249,0.3390186011200861,0.33497625385972635,0.333126993709254,0.34060366480377813,0.37232028078828233,0.36498091617334805,0.3558688317517592,0.37134010918914806,0.3914191472166511,0.3641589167275763,0.3789337257515989,0.3465443157331971,2022-01-16
264,0.3786973682926077,0.3229961601783356,0.31697704106330876,0.3246962302756875,0.32185737747294124,0.3221500472483942,0.3288109704035649,0.3603330991821183,0.3513828748614897,0.34514359895697944,0.36397253149226877,0.37632267802840114,0.3470141173432883,0.36525712682140615,0.3340511073667463,2022-01-23
265,0.370167887443008,0.31026011572454454,0.30533943551391507,0.31178031141567386,0.30912394392641573,0.31174697923419464,0.3180173624887477,0.34833240202583926,0.33768056372058475,0.3345821327802524,0.35526062056357516,0.3612622561573402,0.3300006072792904,0.3511336029134682,0.3216312691702451,2022-01-30
266,0.36042126430473453,0.2978481402085288,0.2945224920127317,0.300679851352121,0.2973510847626207,0.3021548230447803,0.3084874328371582,0.33681420857011934,0.3247055596352651,0.3243233650659123,0.34538786003158106,0.3470263747830231,0.31389198074209224,0.337032172586969,0.30975500555263386,2022-02-06
267,0.3497041635138627,0.28642203244927134,0.2851203729687558,0.2914557309267519,0.287113932585083,0.29361061807013855,0.30048577895211226,0.32627454272472417,0.31328943629644473,0.31450624330769966,0.334537752177952,0.33440352071131674,0.29936350426299657,0.32342186198625883,0.2988925233017686,2022-02-13
268,0.33851523628411384,0.2766345778495636,0.27770295088863184,0.28416240627967754,0.2790022837932681,0.28643448764035007,0.2943561245285895,0.317273817042285,0.3042196302134564,0.3054859897954726,0.3231515858401601,0.32409409638134723,0.2870441801378172,0.31087652425098733,0.2895469058176695,2022-02-20
269,0.32823805890684343,0.2691069085467832,0.27275479713349804,0.2788564423859411,0.2736574310245776,0.28123832880941424,0.29072006818631774,0.31059856375735834,0.2981285771840783,0.2983773394587393,0.3125759432647206,0.31648917003752064,0.27756274108240186,0.30033814338642406,0.28233669240615833,2022-02-27
270,0.3204503576791061,0.26445321204331385,0.2707417682395824,0.2758589868152633,0.27173196504225583,0.2786980529434945,0.29026017350080147,0.3070849251095095,0.29561470629773223,0.2944616621060997,0.3043560254569193,0.31191194289551194,0.27154458071628007,0.2928294702463142,0.2779057530652651,2022-03-06
271,0.3167298588979576,0.26328767584154006,0.2721297207431137,0.27601018845487735,0.2738784766095478,0.27948957140875486,0.29365900404754547,0.307569043338305,0.29727644664384073,0.2950203275461547,0.30003703342204335,0.310685616170997,0.2694509514457058,0.2893732556844044,0.2768979577930205,2022-03-13
272,0.3186016414567453,0.26618681305420416,0.27735343391005995,0.280210550163555,0.28072215265412614,0.2842674161484622,0.3015773212852221,0.3128324236054366,0.30365974094710285,0.30126832466120584,0.3010949226314862,0.3131305646216651,0.2715075714856688,0.2909529329089953,0.27993154906433904,2022-03-20
273,0.326784648999889,0.2731502678255289,0.2863718329047084,0.28936057480006805,0.2924685735085686,0.2933587581120788,0.3143420534035857,0.3228199700007362,0.31450686250672866,0.31340421985538286,0.3079453633047403,0.3195238843769804,0.27792195504598244,0.2979499046830847,0.2872323615947481,2022-03-27
274,0.3413677269338341,0.2837267871071258,0.2987719017916347,0.30415967546519496,0.30899534305663284,0.3068348935857871,0.3320191950148028,0.33682267542237343,0.32893191374168385,0.33083211481565294,0.3201752765526811,0.33010884375969207,0.2889016163364609,0.3102750096511837,0.2987195130345106,2022-04-03
275,0.3624229519616377,0.2974531181959085,0.31413072622655874,0.3240004838095657,0.33017133679742633,0.3247603093043778,0.35466779654757336,0.35411413033481143,0.3460322796600084,0.35293496826683646,0.3373495281190243,0.3451278108385525,0.3043786950686982,0.32782656341036054,0.31430395842180553,2022-04-10
276,0.39002055785236506,0.31386513708613156,0.3320245862020206,0.347753432161263,0.35586388420423026,0.347197930315035,0.3823452227951366,0.37396715541573256,0.3649048982049128,0.3790944511300323,0.35903182612213036,0.3648217565294177,0.3229741582811217,0.35050134971840086,0.33389524578038243,2022-04-17
277,0.4233295117785218,0.3320726187909194,0.35163576099481464,0.37428758106975807,0.38518424782625665,0.37344695551929363,0.41428449707082227,0.3952781155853156,0.38442807518241223,0.40806244808212994,0.38421975473430914,0.3887483894928905,0.3429191510174315,0.3774470231821145,0.35671483820444744,2022-04-24
278,0.45916786796667475,0.35007387328448336,0.37111879692581307,0.402450009476454,0.4152715240117564,0.40081443888642165,0.4475683854118197,0.4159614080338063,0.40290982440756956,0.4369480750118071,0.41043418955034583,0.4146831598575496,0.36244475414665894,0.4058571690730766,0.38018936052953467,2022-05-01
279,0.49397518070302865,0.36568826327220005,0.3884627740177009,0.4303857697057947,0.4429472878708003,0.426286696546645,0.47893345973010065,0.4337733319121932,0.41856634196781245,0.4625959599672023,0.4349582542272129,0.44011457188728453,0.37980036298196856,0.4326107650428193,0.4014564663746805,2022-05-08
280,0.5241910042737881,0.3767351514594462,0.40165677229316304,0.45540751454779754,0.46503311451345897,0.4468500446301897,0.5051162919376365,0.44647018637146474,0.4296138239505685,0.48185073099645415,0.4550750724218829,0.46253112984598493,0.39361653160636817,0.4545867887428747,0.41765380935892155,2022-05-15
281,0.546478440973247,0.38120556933021976,0.40882492827661604,0.47477960319954843,0.4785648312024612,0.45968582399624897,0.5230615865994426,0.4519890478997605,0.43439764688321036,0.49180313614511484,0.46825337737950323,0.4795726909773632,0.4028839557762307,0.46887202564751157,0.42612670373959033,2022-05-22
282,0.5598438630486582,0.3788900110174699,0.4095070647478084,0.4857664152342533,0.4828240943446704,0.46401965937565165,0.5318957317420636,0.4501619331635854,0.4326172796244192,0.4921237970156139,0.47390749503767576,0.49046562136026145,0.40660743803331184,0.4747315397635182,0.4263971994930714,2022-05-29
283,0.5646923459580443,0.37065307403756986,0.40408803086011513,0.4865438533998496,0.4784331009153878,0.4602974132321312,0.5320473672553746,0.44195195296921697,0.4247804518519465,0.48402326765513737,0.47261308007564007,0.49538327783692504,0.4037923079974879,0.47273061455107535,0.419286645140244,2022-06-05
284,0.5614476851220199,0.3573737314906497,0.39296398543002015,0.47863053309467485,0.46603198941539364,0.4489812794459339,0.5239625621063977,0.4283373564595156,0.4114057108438614,0.46873271225713947,0.46496133016305174,0.494511691583603,0.3941163486246786,0.463451935346145,0.4056337787525086,2022-06-12
285,0.550540994743048,0.33993466779314274,0.3765374337309282,0.4643111175840883,0.4462691054626075,0.4305412700493923,0.508096082986679,0.41030036190093083,0.3930178341697853,0.44748847822292653,0.45154905892400793,0.48804198836783574,0.3792469920924471,0.4474848694328635,0.38628335495390687,2022-06-19
286,0.533321631727952,0.31968420347275067,0.3560071320909683,0.44587027013344904,0.4208224913639652,0.40642829270248726,0.48599394677858493,0.3893211691713244,0.3709232758972019,0.42217721827701277,0.43367767936821366,0.4768044811036158,0.3612179022825301,0.4262571271815907,0.3628349883550852,2022-06-26
287,0.5129401643366304,0.29888404398910606,0.33413375116969424,0.42558833908605764,0.393390027272837,0.38001736546903,0.4613427506526969,0.3678568115367664,0.3479618151891229,0.3959612144797784,0.41403073627369613,0.462883302789169,0.34206274307666273,0.4028409004026228,0.33836901578903705,2022-07-03
288,0.4927566212967508,0.27990211111830476,0.3138595945626932,0.4056866856672782,0.36790447759391093,0.3549072586474254,0.4380780170085546,0.34847791691621277,0.32715153954045173,0.3721510901270364,0.3954525006798494,0.4485083914893471,0.32381251953422663,0.3804996154613004,0.3161379653026294,2022-07-10
289,0.47613103133598084,0.2651063266364427,0.29812696586555226,0.38834395599537946,0.34829860673187496,0.3346967425360783,0.42013526824569764,0.3337551132286194,0.31151053644609183,0.35405746851459957,0.38078724362606753,0.4359096852690017,0.3084688987305038,0.3624966987229641,0.2993943649427292,2022-07-17
290,0.4660769573944226,0.2566608294748682,0.289626877183681,0.3757378423220528,0.33811198547030497,0.3226423457446654,0.41100835188820484,0.3260213522916133,0.30375433946465036,0.3446395443754354,0.37259791779782514,0.42715480526843913,0.29801534014844855,0.35181741217349516,0.2910627135334995,2022-07-24
291,0.4630233973986459,0.25520957957527274,0.28917575670390094,0.37004025701738275,0.337951039349747,0.3194475427961271,0.41089630982149766,0.32583657006355166,0.3043414907099142,0.3442349261246577,0.3713488976044733,0.42310052105375534,0.29443503058442033,0.34937196753706357,0.2916204779471915,2022-07-31
292,0.4662314945807628,0.2607096328315906,0.2967429880937371,0.3724311922898937,0.347096830677993,0.3246621919627816,0.4185094017907593,0.332959552257488,0.31271069412546243,0.35199663913450774,0.376556299439556,0.42405647000910096,0.29969995030596297,0.3551329498282435,0.300439415686176,2022-08-07
293,0.4749566779602868,0.27311468417531576,0.3122938105047173,0.381982463211898,0.36482393687450215,0.3378305069718302,0.4325506030581782,0.34714516462721473,0.3282956636744012,0.36707191271425804,0.38773159995168416,0.4303296124479072,0.31456155369917155,0.36906835633474355,0.3168858741119546,2022-08-14
294,0.4884509835917549,0.2923639540948181,0.33577337992385964,0.3974962186995351,0.39039166241127443,0.3584804025198856,0.45171852810918317,0.36813535674335235,0.35051915030698616,0.3886004663423365,0.40437692428651156,0.44221463797209914,0.33747042876159594,0.39112878929123335,0.3403153918100357,2022-08-21
295,0.5057825978669143,0.31761235746207317,0.3660386350862631,0.41777460766894514,0.4222317387498316,0.38525662141759853,0.4744755003556826,0.3949722077278227,0.3782098681267753,0.4153150952059242,0.4254876812878313,0.4593413409701033,0.36662226684230437,0.4203222904705439,0.36949782792767966,2022-08-28
296,0.5257455397028723,0.34684520629567106,0.4003237008948373,0.44160747676409406,0.45754177160503845,0.4154868684023751,0.49893147200626575,0.4256541085576617,0.40931066840988994,0.4453417649576355,0.4493036345252932,0.48034798482169977,0.40021275929036604,0.45425129982064233,0.4023296418457485,2022-09-04
297,0.5471114622808063,0.37795240002524877,0.43573031811143914,0.4676970611811493,0.4934186905244251,0.44639140831272334,0.5231676499149049,0.45809430935403694,0.4416921364786033,0.47675693797059254,0.4740029043605744,0.5037919468689093,0.43641916160642563,0.49040359263323274,0.4366360436892886,2022-09-11
298,0.5686520187818933,0.4088238380804431,0.46936022749792544,0.49470758723989344,0.5269594250555216,0.4751905059871515,0.5452652409355729,0.49020606023811575,0.4732248576551886,0.5076370766179175,0.49776361115535206,0.5282306044537525,0.4732989239615376,0.5262669442000194,0.47024224358334654,2022-09-18
299,0.5892385067253539,0.4375820026269376,0.49869832385191903,0.521303127355613,0.55562617871258,0.49953072090211076,0.5635969328876953,0.5200948606273855,0.5020127077546352,0.5362592435267692,0.5189921659004512,0.5522892698512974,0.5088616214502133,0.5595210381026434,0.5011692899007818,2022-09-25
300,0.608283567477409,0.46361294218600885,0.5233110861712837,0.5461675637440179,0.578865601073085,0.5193745693038024,0.5781189599342602,0.5469106543673483,0.5274269740201672,0.5619903145074909,0.5373352279524669,0.5749623295732772,0.5411167034027107,0.5888881497446754,0.5285021733572123,2022-10-02
301,0.625382803537277,0.4867297601597066,0.5434685185901131,0.5687291486566228,0.5967950365088104,0.5354673048370648,0.5893227566192691,0.5701563822701516,0.5492672981173784,0.5845654958795038,0.5528586306319329,0.5953689083008433,0.5681106786357224,0.6134429253602618,0.5516854714587125,2022-10-09
302,0.6401319608116155,0.506745894681537,0.5594411766751239,0.5893684666765411,0.6095323550912822,0.5485547946670144,0.5977001769841019,0.5893352618317937,0.5673336574619172,0.6037202826647194,0.5656285358136687,0.6126282284866306,0.589171974736443,0.6322602873766261,0.5701640435604012,2022-10-16
303,0.6521405204592569,0.5234879573151715,0.5715067791052031,0.6085282976882254,0.6172080494070646,0.5593780986795738,0.6037400656786407,0.6039713130665126,0.5814394748182208,0.6192045463265334,0.5757181222152857,0.6258836276578598,0.605207840938135,0.6444496844424515,0.583405061401385,2022-10-23
304,0.661424076377281,0.5371720608673887,0.5801548376199388,0.6266514215761275,0.6203258242764782,0.5685361390487461,0.6078422881184533,0.614203627888003,0.5917957140620043,0.6311932292293183,0.58340803684138,0.6349914582065828,0.6172227755261546,0.6501414083740386,0.5915354110997006,2022-10-30
305,0.6684618373632808,0.5484589695017598,0.586116645143105,0.6444037851969565,0.619815440479994,0.5764655747271066,0.6103051317704766,0.6208734591387329,0.5990671686719393,0.6403465311177438,0.5892157707552809,0.6406220443225579,0.6262212767858566,0.6506311369975828,0.5954351031828138,2022-11-06
306,0.6737583111560518,0.5580337115039085,0.5901366883244663,0.6621561488177843,0.6166299081903546,0.5835942101466065,0.6114213411077812,0.6248603757895617,0.6039433970952709,0.6473511316833461,0.593671739332952,0.6434901277166973,0.6340463941431852,0.6472781419368696,0.5960252453261277,2022-11-13
307,0.6778180054943894,0.5665813151594583,0.5929594538137876,0.6799085124386133,0.6117222375803023,0.590349849739197,0.6114836606034376,0.627043946811348,0.6071139577792438,0.6528937106176621,0.5973063579503571,0.6443104500999135,0.6418715115005138,0.6414416948156841,0.5942269452050456,2022-11-20
