,0,1,2,3,4,5,6,7,8,date
0,0.2040990750942616,0.41948677197547424,0.23099206534732714,0.3192525559746742,0.35915265717913547,0.13815341581173088,0.35929556400645213,0.2964258086186848,0.49172252089252255,2017-01-01
1,0.18954952728785493,0.3820252085081335,0.21491553706370164,0.30561256870085846,0.3353036404298302,0.15668726679756922,0.3406736587521053,0.2816783135005179,0.46653738698489183,2017-01-08
2,0.17581796366809724,0.34685811181045373,0.1999400889600471,0.2924274941191877,0.31310868749509807,0.1752211177834076,0.3234953081642334,0.2676332468855521,0.44328683263912527,2017-01-15
3,0.16345547640110475,0.31530692609988886,0.18670531697933535,0.27993638913070257,0.2934542355252492,0.19375496876924594,0.30857273295801313,0.25483052664000094,0.42313938636839366,2017-01-22
4,0.1530131576529937,0.2886930955938928,0.17585081706453803,0.2683783106364436,0.27722672167059353,0.21228881975508432,0.2967181538486212,0.24381007063007767,0.40726357668586766,2017-01-29
5,0.14504433332646752,0.26831446528253666,0.16801798540638416,0.25800286708292897,0.26529430160987166,0.23082267074092266,0.2887315337285211,0.2351113924740756,0.3968091404617395,2017-02-05
6,0.14013653222262484,0.25510752959155486,0.1638757835278275,0.2492212318209506,0.25824520575302823,0.24935652172676104,0.285225144127101,0.2292678159599283,0.39263807757019775,2017-02-12
7,0.13890401710071976,0.24972634106837083,0.16411471879947814,0.24257086192557173,0.25644886695852037,0.2678903727125994,0.2866645516662111,0.2268078267281142,0.39538748446578365,2017-02-19
8,0.1419617621865486,0.25281743567998244,0.16942587198813575,0.23859257524036365,0.26026889526064595,0.28686281070950836,0.29351141873351766,0.22825978166226935,0.4056884722843885,2017-02-26
9,0.1499224791558378,0.26502434515086865,0.18049816334762137,0.23782659125318234,0.2700669213227651,0.3068560504649291,0.30622540099565204,0.23415099753737095,0.4241693937071191,2017-03-05
10,0.16284011117409358,0.28624866133025934,0.19748694411407824,0.24066535710598946,0.28571574236111197,0.3280855335834174,0.3247705661815713,0.2447519216900369,0.4507773622721492,2017-03-12
11,0.17948062547007454,0.31468178537418023,0.2193176750720698,0.24716070084330696,0.3059613817930042,0.35076670166952917,0.34796863894507324,0.25974091072621364,0.48388921758986364,2017-03-19
12,0.19842913356335198,0.3482749759469842,0.2447431175763822,0.25731662127102556,0.32939164309648666,0.3750363516907002,0.37448093778554026,0.27871318073194834,0.5216613036878291,2017-03-26
13,0.2182707469734973,0.3849794917130244,0.2725160329818017,0.27113711719503597,0.35459432974960464,0.40020691355021976,0.4029687812023551,0.3012639477932882,0.5622499645936128,2017-04-02
14,0.2376359639040215,0.42275891277220434,0.30136028137414617,0.2884977557445765,0.38019946045898817,0.4250987505595531,0.43209003788037403,0.3268651984986072,0.6038234577123835,2017-04-09
15,0.2555101033884881,0.4596731448779025,0.32977378052852213,0.30827005990731976,0.40516708118038935,0.4485256403098208,0.4604756067867436,0.354025544524172,0.6446431760160145,2017-04-16
16,0.27104543150159144,0.49382741604608865,0.3561481399172397,0.32885313903452795,0.4286125192624971,0.4693098538420344,0.4867436973445063,0.38080031922250357,0.683014333768615,2017-04-23
17,0.28339518711217754,0.5233272183838582,0.3788743495581134,0.34864334974090955,0.44965200687285706,0.48662146256228245,0.5095124450352069,0.40524221471031896,0.7172424005793219,2017-04-30
18,0.29172456383649,0.5463033451222419,0.39636171679711857,0.3660599716206736,0.46740684317275705,0.50009280757668,0.5274163254993808,0.42542621217861776,0.7456522995432965,2017-05-07
19,0.2957341009319251,0.5620195993305172,0.4078398174027042,0.3805487984008633,0.48122523241176685,0.5093881998493666,0.5398215431712032,0.4404254200364687,0.7674401004727399,2017-05-14
20,0.2958636193437689,0.571304405812456,0.4136709708835733,0.3929731810695278,0.49076872177859815,0.5141721144648652,0.5471047780655878,0.4506913032494887,0.7830048769326923,2017-05-21
21,0.2926070186530228,0.575100641833183,0.414300357229206,0.4043001652739771,0.4957217795743579,0.5144289176489747,0.5497166267325452,0.45677615390146714,0.7928337025060213,2017-05-28
22,0.2864581984406883,0.5743511846578229,0.41017315642908225,0.41549679666152134,0.49576887410015313,0.5111305700314586,0.5481076857220868,0.4592322640761934,0.7974136507755948,2017-06-04
23,0.27799076046845117,0.5700412453164445,0.40193145506470307,0.4273260813328693,0.4908375903825608,0.5054390221003084,0.5428412364514363,0.45872497165234316,0.7972843482986198,2017-06-11
24,0.2681260934955302,0.5633407616919799,0.3910765577696384,0.43966068210475595,0.48191637320475567,0.4985162243435163,0.5349722699911645,0.4564128990994232,0.7932147408428942,2017-06-18
25,0.2578804241991097,0.5554700447699847,0.37934406905558754,0.45213047438689424,0.47028295283580845,0.4914830103656183,0.5256898615498284,0.4535891824940932,0.7860363071536884,2017-06-25
26,0.24826998137637427,0.5476494066620514,0.3684695986717716,0.46436532816174597,0.45721506601145545,0.4851387730874412,0.5161830893332919,0.45154696091991975,0.77658052737413,2017-07-02
27,0.24029401102722542,0.5410603867112161,0.3601234592292702,0.4759907244274489,0.4439850689165594,0.48013166410884267,0.5076211755524301,0.45152498553329146,0.7656891952664494,2017-07-09
28,0.23465903973076926,0.5362162278564743,0.3548504867678674,0.48655649463349243,0.43177257731700924,0.47710895375217155,0.5008310998973013,0.4538245646019375,0.7543818725164921,2017-07-16
29,0.23182472124098358,0.5330665472246356,0.3522463162800919,0.4955486691404477,0.4216789918429392,0.4766981220039411,0.49635120258961807,0.4579563886283209,0.7438280461871105,2017-07-23
30,0.23224297931763482,0.5315433138912781,0.3518768617124364,0.5024512805918511,0.41480326407993495,0.47902140797035375,0.4947107860745843,0.4634063925722655,0.7352018977513084,2017-07-30
31,0.23636424816369578,0.5315780330228544,0.353307776556933,0.5067495988246579,0.4122427116039871,0.48366632510197244,0.4964381009068895,0.469660360633522,0.72967607787703,2017-08-06
32,0.2440719276636134,0.5329256120247519,0.35600556627848307,0.5083998600262879,0.41447262836571586,0.49019469361095,0.5016609711359779,0.4761466866957095,0.7278405008053597,2017-08-13
33,0.25383043859356813,0.5348990299651631,0.3591886226484626,0.5085368735148733,0.42041172082110057,0.4981680254805496,0.5095051706235447,0.48215014783311616,0.7288268078151904,2017-08-20
34,0.2638858468047857,0.5367432612261361,0.36203715727998137,0.5084768094517119,0.4287391650880085,0.5070542707777577,0.5189422760396062,0.48693342112050164,0.7315422386552108,2017-08-27
35,0.27248421814849216,0.5377032801897191,0.3637313817861495,0.5095358379981016,0.4381341372843069,0.516096699973218,0.528943864054178,0.4897591836326256,0.73489403307411,2017-09-03
36,0.2780028082964458,0.537008568155751,0.3635041443917641,0.5128468563028251,0.44725199908833124,0.5245055500695286,0.5384812512300523,0.490007225962003,0.7377739908928969,2017-09-10
37,0.27994701226177005,0.5337553769136705,0.3610409308219965,0.5179667436895795,0.45454332490132987,0.5314910580692863,0.5465235173925114,0.4880644318296312,0.7389411395133973,2017-09-17
38,0.2783973411970362,0.5269720389464332,0.3562579776696104,0.5236489385824937,0.4583542902583049,0.5362908668000947,0.5520386020964876,0.48483109273414704,0.7370868200522913,2017-09-24
39,0.2734388901731437,0.5156863453914602,0.34907336070916006,0.5286404756426786,0.4570302385912386,0.5383053651556255,0.5539944358084781,0.48121159225083104,0.7309018341380025,2017-10-01
40,0.26516337245838306,0.4989478607942989,0.3394126098105043,0.5316924520645862,0.4489450611549649,0.5369947826484506,0.551373443701705,0.4780973892212272,0.7190990916637745,2017-10-08
41,0.2540211119659939,0.47698595372712527,0.32760515907403487,0.5317760956334734,0.43401952859762105,0.5318194412858008,0.5439434545601224,0.47567960872113924,0.7015894509425908,2017-10-15
42,0.2409972139811966,0.4517893862015313,0.31458276844181965,0.528190905871712,0.41448120947167216,0.5222864247322492,0.5326435374150678,0.4731049967557518,0.6800702217173982,2017-10-22
43,0.22712040960209057,0.4254904461127511,0.3013263337380609,0.520263161696259,0.39274585377904464,0.5087088113907408,0.5185083074603782,0.46943510211079337,0.6563844469220969,2017-10-29
44,0.21341942992677487,0.40022142135601785,0.2888167507869604,0.5073191420240707,0.37122921152166405,0.4920794370836614,0.5025723798898908,0.4637314735719922,0.6323751694905864,2017-11-05
45,0.20083746273594336,0.37785618287532685,0.27785895758908974,0.48897725598007413,0.3520742770444493,0.47341242195626565,0.48579468116062774,0.45518651894171097,0.609655607530657,2017-11-12
46,0.18991038844929514,0.35903817088510426,0.2684200836643252,0.46624686627485773,0.33612534141284334,0.4537206196258461,0.4687737521310174,0.443615720300279,0.5887446874362285,2017-11-19
47,0.18105299179015105,0.344045008822788,0.26021817145207893,0.44055087710933594,0.32384058094682194,0.4338789435694219,0.4520009881737796,0.42901980463349954,0.5698359940291745,2017-11-26
48,0.1746800375463842,0.3331542599030215,0.2529712223856614,0.4133122607639256,0.3156781084020023,0.4145022703100964,0.4359677670227477,0.4113995294232234,0.5531230585718273,2017-12-03
49,0.17117114404749112,0.3265902137416875,0.2463937046039295,0.3859254583816776,0.3120364723983321,0.39617666872339996,0.42114143833506823,0.3907880514568197,0.5387623512804224,2017-12-10
50,0.17022010844662933,0.32353761958965127,0.24013114023324958,0.35922817625684383,0.31215193245241185,0.37948820768486247,0.4075204862098908,0.3678507428528726,0.5261871613906781,2017-12-17
51,0.1708967823336256,0.3222354749172361,0.2337663257798303,0.333551615123853,0.3142033221010661,0.3649190416595934,0.3946768308040371,0.3438281518321195,0.5141728434173592,2017-12-24
52,0.17224828065589504,0.3208883138997149,0.22687977202163817,0.30920851860088777,0.31633094216642155,0.35247768892929054,0.38216684823909164,0.31998178609337835,0.5014707766643149,2017-12-31
53,0.17332217450075793,0.3177015958160541,0.21905257656399382,0.2865118586381555,0.316675962215375,0.3420377976449218,0.36954734182759275,0.29757314102493815,0.48683314809762773,2018-01-07
54,0.1734611405801096,0.3114792877716321,0.21024549257583683,0.265922329548607,0.3139415975054684,0.33347300619840037,0.3566514916071534,0.27785574755838727,0.4695346722347782,2018-01-14
55,0.17281044221602912,0.3026530939515945,0.2014518068224462,0.2483023800696782,0.30835963580543446,0.3266628025877766,0.3440641280091433,0.26206147602052643,0.4502711602490919,2018-01-21
56,0.17165049529509055,0.29192882333907744,0.1938386808406235,0.23458211287182246,0.3004192707418695,0.32155838144964877,0.3324966565622871,0.25141854917383266,0.42997773064222,2018-01-28
57,0.170261715703868,0.2800122849172169,0.18857327616716996,0.22569163062549294,0.29060969594136976,0.3181590220496696,0.32266048279530934,0.24715518978078294,0.40958950191581284,2018-02-04
58,0.16893730009503197,0.2676435167547579,0.18674097698935127,0.22246833790414172,0.2794756816104131,0.31646489106040804,0.31524748537576386,0.25034466309565095,0.39010757046859845,2018-02-11
59,0.16809162304098124,0.25588709219141437,0.18865181420004498,0.22487074340966823,0.2680889346261657,0.31647792663126123,0.3107644034891363,0.26059104008899037,0.37315858708747895,2018-02-18
60,0.1682059317631914,0.2459866810007823,0.19418793604748058,0.23237233270340862,0.25781195453778954,0.3182960553523412,0.30961580615953,0.2766876094206716,0.3607144179184967,2018-02-25
61,0.16976217478933542,0.2391878311748435,0.20322700349316386,0.24444150481672047,0.25001029049253803,0.32216034744528,0.31220519093312205,0.2974191569221749,0.35475054944686296,2018-03-04
62,0.17323995343527734,0.23673272640192944,0.21564389579518362,0.2605436763425011,0.24604490054515674,0.32832355034713007,0.31893128315283203,0.3215682719931042,0.3572297941273848,2018-03-11
63,0.17896214303034813,0.23963891201153656,0.23112775472913233,0.27994512308533526,0.24697019031235493,0.33703840725766804,0.3298741627540063,0.3477708857931288,0.3692687050738961,2018-03-18
64,0.1869990855420262,0.2485619724279378,0.24906844234096437,0.30159124430682327,0.25334661594225893,0.34849910222018043,0.3446004747414264,0.3744266183302474,0.3906202535137667,2018-03-25
65,0.1973982365204701,0.2641246885350354,0.2688286977621108,0.32439835909311077,0.2656898682751953,0.36269417155422723,0.36263033289722163,0.3999136733702854,0.4209138329265604,2018-04-01
66,0.2102070515158381,0.2869498412167314,0.2897712601240024,0.3472827865303428,0.2845156381514906,0.3795670330628482,0.38348385100352095,0.4226102546790674,0.4597788367918405,2018-04-08
67,0.22532389951855192,0.31722093984122823,0.3112242391895805,0.369263429926824,0.30994265624754375,0.3990611045490834,0.4065935667645993,0.4411968780286131,0.5064134846584015,2018-04-15
68,0.24187217629954103,0.3528380977324822,0.33233573632106717,0.3898924400214565,0.3400261976419296,0.4210136217509877,0.4309367849306367,0.4559255201539297,0.5577746924331883,2018-04-22
69,0.2587242564953027,0.3909618147014048,0.35219554646206286,0.40889469142487656,0.3721531646849946,0.44430335058818105,0.45534335600475806,0.4675571688161113,0.6100933966362025,2018-04-29
70,0.2747523859557584,0.4287522110996562,0.3698934346420173,0.42599514736382826,0.40371011681797053,0.46730062362413105,0.4786430548385793,0.4768530729247296,0.659600161323193,2018-05-06
71,0.2888412220352417,0.4634038080756529,0.3845332905863612,0.44094283686503,0.4321230363740624,0.4883711051287901,0.49968377268580166,0.48457883928038836,0.7026152191711013,2018-05-13
72,0.30015140299751586,0.49287605928388284,0.3955330792778692,0.4540219135575533,0.455694508974702,0.5059027103868681,0.5177162352154538,0.4915969762912866,0.7374526649064062,2018-05-20
73,0.3081143799087598,0.5158790265134913,0.40261895948267046,0.46604163475791044,0.47358730797525417,0.5189939853413597,0.5323864589054459,0.49886507936263974,0.7643831176049709,2018-05-27
74,0.3121729816023684,0.5311543071551545,0.4055300382363004,0.47783331917508354,0.4850003461444033,0.5275860773620674,0.5433570677454667,0.5073447388279223,0.7837593965872605,2018-06-03
75,0.3117704809943459,0.5374442629591362,0.40400586436188324,0.4902279839834085,0.48913312317303315,0.5316690192982142,0.5502909543818439,0.5179971009125948,0.7959344826587157,2018-06-10
76,0.30691671754920413,0.5344664358878526,0.3983496252127856,0.5036719444116031,0.4859339419651572,0.5312335525062981,0.5531937672036197,0.5312167128821994,0.801467381322698,2018-06-17
77,0.29929788302510474,0.5248237228362866,0.3905321970404392,0.5174732628377583,0.47756665801455617,0.5267287963088294,0.5530852973814264,0.5457216738100203,0.8015266822096532,2018-06-24
78,0.2909087327956529,0.5116501235906235,0.38283142505367884,0.5307304851700623,0.46660294020834914,0.5198505016994501,0.5511720078042753,0.5599215015019874,0.7973931801725695,2018-07-01
79,0.28374402223445433,0.4980796379370491,0.37752515446133994,0.5425421573167029,0.45561445743365614,0.5125043477533286,0.5486603613611781,0.5722257137640295,0.7903476700644367,2018-07-08
80,0.2796517302278172,0.48706629891457515,0.3767162996418575,0.5520561187767636,0.4470260887621338,0.5065960135456331,0.5466793833742107,0.58113636466076,0.7816479491181583,2018-07-15
81,0.27894129843497417,0.4796776961320599,0.3806741189181891,0.5589369132302558,0.441724036330163,0.5037768647562032,0.5455463848255115,0.586125489767185,0.7723107494254362,2018-07-22
82,0.2810038121146574,0.47585539678709043,0.38857335710706764,0.5631575062681913,0.43967606248147906,0.5039685355415002,0.5450941625455031,0.5872441088471627,0.7632089107421474,2018-07-29
83,0.28521806542815187,0.4755258976196651,0.39957411027648876,0.5646949913384369,0.44083763734626624,0.506372358799632,0.5451490287246037,0.5845509906725416,0.7552133469980712,2018-08-05
84,0.290960636766674,0.4786089221204046,0.4128332939957343,0.5635297738685501,0.4451562322390009,0.5101872944796908,0.5455355049251936,0.5781090649601242,0.7491884523150489,2018-08-12
85,0.2974217114505102,0.48445442042234077,0.42724027670418074,0.5599208667436575,0.4519064490981226,0.5146126113152947,0.5459274830646529,0.5683312847972984,0.7454501672363045,2018-08-19
86,0.303466743725398,0.4914196924825275,0.4412183104423867,0.5546126683764832,0.4591906274253723,0.5188540044393197,0.5457364304635886,0.5562404084786986,0.7433589251124584,2018-08-26
87,0.3079286024454715,0.49776243000600895,0.4531438744392563,0.5483982835670823,0.46499347513883493,0.522123241032213,0.5443474812428548,0.5429203856755694,0.7421792781836032,2018-09-02
88,0.30964015646486476,0.5017403246978291,0.46139344792369363,0.5420708171155098,0.46729970015659555,0.5236323261171318,0.5411457695233056,0.5294551660591551,0.7411757786898314,2018-09-09
89,0.30765339356211097,0.5018308656094504,0.4645783875820537,0.5362720713324274,0.464420851075602,0.5225954140010518,0.5356338701845783,0.516828049933397,0.7396034039741559,2018-09-16
90,0.30226472702531665,0.4977598202126966,0.4626439718533546,0.5307845677613094,0.4565246780028233,0.5185955104826708,0.5279813305117933,0.5054507272744705,0.7366627533918793,2018-09-23
91,0.29420931287592483,0.4896930571199579,0.4560057752861988,0.5250878743420604,0.44443336549539403,0.5119995597376239,0.5185928499096559,0.4955333574119365,0.7315352544420715,2018-09-30
92,0.28422280140093104,0.47779694073949114,0.445079902241192,0.5186612177222538,0.4289698353634688,0.5032747829273624,0.5078733926934524,0.4872858726410413,0.7234023130257521,2018-10-07
93,0.2730381307141029,0.46225385041665634,0.4302940033138049,0.5109903577107611,0.4109645779675269,0.49288840121333743,0.4962269354601079,0.4808970471486584,0.7114711328790931,2018-10-14
94,0.26131899802291814,0.4436550216672129,0.41237050074543524,0.50172784361375,0.3914413063127251,0.4812896836271336,0.48403223867589407,0.47601549545038313,0.6956075281353359,2018-10-21
95,0.24965581887761876,0.4230244061474757,0.3923437906651356,0.4907027477124113,0.3716282321084743,0.46883458146663676,0.47164137511706894,0.47171814982937477,0.6763743584165345,2018-10-28
96,0.2386354876899508,0.4014067472577982,0.37126325935511095,0.4777526241081631,0.35276339310097077,0.45584881953572426,0.45940513523282195,0.4670544735896291,0.6543679759511617,2018-11-04
97,0.2288448541233133,0.3798467729543957,0.35017825105068706,0.46271506737229173,0.33608472624217867,0.44265810713054926,0.4476742514640581,0.46107394987554307,0.6301847305211833,2018-11-11
98,0.2207258820008972,0.35933920628749666,0.33000197093717215,0.4455587050929699,0.32250381772525116,0.4295672611107755,0.4366116374922451,0.4528903009242236,0.60441305062857,2018-11-18
99,0.2142536985518978,0.3407176495245043,0.31120897063421815,0.42667436627719457,0.3118807191249666,0.41657900314562496,0.4257750362670635,0.44182423372158913,0.5776158416229368,2018-11-25
100,0.20930958691992224,0.3247833162282347,0.2941856230640735,0.40653775139789605,0.30386410119036056,0.40346876590502384,0.4146005385483708,0.42723806359089206,0.5503508781573664,2018-12-02
101,0.20577483024857782,0.3123374199615047,0.27931830114898726,0.3856245609280057,0.2981026346704689,0.3900064315537237,0.4025242350960249,0.4084941058553856,0.5231759348849429,2018-12-09
102,0.2035091675104705,0.3040861037101436,0.2669501068698747,0.3644147771285981,0.29423264897354334,0.3759647251252702,0.3890339399805593,0.3850862529164545,0.49664340773893667,2018-12-16
103,0.20212188669031764,0.29963031500250725,0.2569211175146553,0.3434381580479264,0.29174700542122406,0.3613287828528226,0.37421875075911815,0.3580379807087722,0.4712431650348017,2018-12-23
104,0.20106069449032782,0.29785797203954956,0.24874687831125147,0.32325657514532724,0.29004600527927255,0.3464395968636969,0.3585556898189178,0.32935959325300596,0.44742473468940186,2018-12-30
105,0.19977060459133447,0.2976451092001009,0.24193752561991866,0.30443243510365436,0.2885284071458524,0.331672107945799,0.34252824496100825,0.30107784170458834,0.42563697227962316,2019-01-06
106,0.19769882563129246,0.29786952878265316,0.23600377979403964,0.287526948761523,0.2865944772246291,0.3174012568870349,0.32662012637563115,0.27521559799018336,0.4063272212381048,2019-01-13
107,0.19453162349946113,0.29760158081735355,0.23051996506810943,0.2729710851255062,0.28380867810553906,0.3039951652406222,0.3113392651128613,0.25337323932909406,0.389778134287209,2019-01-20
108,0.190405921300014,0.2962745954322639,0.22518030811741221,0.2609502886637125,0.2800450061229753,0.29179467762102523,0.29723925201839146,0.23635467980430028,0.37596189853317397,2019-01-27
109,0.1855085672497987,0.2933621147429327,0.21969231875720666,0.2516228039241296,0.275211748656846,0.2811338194080194,0.28487873626243493,0.22487559900367918,0.36481630680127675,2019-02-03
110,0.18002640956566268,0.2883376808649082,0.2137635068027514,0.24514687545474567,0.26921719308705944,0.2723466159813803,0.2748163670152051,0.2196516765151084,0.35627915191679466,2019-02-10
111,0.1742293663848038,0.2809298613753821,0.20728929027127313,0.24158949696884485,0.26210261304434196,0.2658019023778817,0.26764343972804283,0.22111353125349476,0.3503572663426798,2019-02-17
112,0.16890331405297843,0.2724512205590404,0.2013322097539971,0.24045089123536637,0.2547352772662621,0.262233394645828,0.2641540202011145,0.2279212327756027,0.34748629681814724,2019-02-24
113,0.16503193117799533,0.264821577564681,0.19740224418385882,0.24101399874534954,0.24829911521574838,0.2625926071464028,0.2652199100531275,0.2380560773144929,0.3482662840826201,2019-03-03
114,0.16359930083900842,0.25996199327205627,0.19701028742765758,0.24256131568523231,0.24397870387203272,0.26783396920962566,0.27171306985906546,0.24949797312941627,0.3532976050327611,2019-03-10
115,0.16556729113888846,0.2597625298686143,0.20163418887602846,0.24439594809186854,0.24294131670679084,0.2788911011395002,0.2844727230094177,0.2602623563451767,0.36317460993311823,2019-03-17
116,0.17124093587319433,0.26519670548036106,0.21177476578888538,0.24643037725641231,0.24584261118748751,0.295845509324237,0.3033701465135053,0.26941512205008156,0.3783134585032687,2019-03-24
117,0.1801754322936906,0.27619171920943913,0.22681746372901762,0.2492727421563947,0.25275418823631135,0.3176461353712295,0.327171617899115,0.277221360486866,0.3989268896291164,2019-03-31
118,0.1918850599193169,0.29261767371127556,0.24608686368615384,0.2535691430231491,0.2637157774698016,0.3431635944579865,0.35458311612105636,0.28401160062266545,0.4252165417515529,2019-04-07
119,0.20588408743531225,0.31434464099028747,0.26890753114636173,0.259965684379431,0.2787670843019763,0.3712684247164879,0.3843106152177244,0.29011639108422504,0.45738402295907504,2019-04-14
120,0.2215370617808151,0.3408190960922192,0.29438977099783387,0.2691677782014038,0.2976133352986379,0.40068099291485115,0.4149921443686042,0.2961379763090331,0.49521147124092063,2019-04-21
121,0.23768273789037267,0.3699999285928288,0.3208914489394284,0.28208911205396187,0.3187851360458211,0.4296580443592296,0.4450271243713168,0.3036327405886158,0.5370079317985389,2019-04-28
122,0.25304451345160967,0.399519656113031,0.3466053476854766,0.29968906856450983,0.340555383679793,0.45636713452696037,0.4727626260337833,0.3143664037421978,0.580759257531144,2019-05-05
123,0.26634578615215,0.42701079627373884,0.36972424995030845,0.3229270303604516,0.3611969753368195,0.4789758188953791,0.49654572016392334,0.3301046855890036,0.6244513013379479,2019-05-12
124,0.2763825465179933,0.45020684296139196,0.3885458966319214,0.35260537761508726,0.3790530873685649,0.49586553506468517,0.5148288215450906,0.35246709151992245,0.6661097763078259,2019-05-19
125,0.28289003417516156,0.4681477807389326,0.40272603971804416,0.3874950998436304,0.3933762102035298,0.5070897932735674,0.5274273476525353,0.38118131812902234,0.7042761302509298,2019-05-26
126,0.2862580412204512,0.48078407329601064,0.4128668143381111,0.42495153253050916,0.4040525253492796,0.5134888320356872,0.5351065776964117,0.4146566810588614,0.7378512208890835,2019-06-02
127,0.28688967519839076,0.48808470604171594,0.4195896077301657,0.46230121275498703,0.41098110538142707,0.5159074741008797,0.5386511137599033,0.45127567635626487,0.7657432173577949,2019-06-09
128,0.28519055444846986,0.49002313082782234,0.4235172119945255,0.4968755494961681,0.41406531767664784,0.5152006703647598,0.5388465195717054,0.48942048736303134,0.7868649555632712,2019-06-16
129,0.2819327048030347,0.487224600266809,0.42547743480290146,0.5267169220167313,0.4138352822194673,0.5124819400126708,0.5366186945416458,0.5274276634813707,0.8008103066126421,2019-06-23
130,0.27863620471225914,0.4816450746527765,0.4267166408649087,0.5513192169644222,0.41210068870347205,0.5091384600111062,0.5331800455219278,0.5635405884751337,0.808563533935289,2019-06-30
131,0.2769123922995099,0.47540285573181107,0.42853225731221867,0.570353399559326,0.41082732962931534,0.5065705564143947,0.5297779322209247,0.5959912802423146,0.8112785237196288,2019-07-07
132,0.2783726056881537,0.47061624524999934,0.432221711276503,0.5834904350215271,0.41198099749765055,0.5061768195053524,0.5276597143470101,0.6230117566809074,0.8101091621540776,2019-07-14
133,0.2843360840491802,0.4691825299295377,0.4388802716764214,0.5905998831420768,0.4172513105059519,0.5088289515482843,0.5279246454966516,0.6430910232493365,0.8062107975177096,2019-07-21
134,0.29413533374613043,0.4714957463257582,0.44822821326917883,0.5929020594963614,0.4264494667333229,0.5141333858601775,0.5306646245013941,0.6564660054627814,0.8007487226082435,2019-07-28
135,0.30627553845004996,0.47732394194761435,0.4594132306101757,0.5921797664260853,0.43860444554070765,0.5215105298703897,0.5355520637609424,0.6641015042317422,0.7948923713569755,2019-08-04
136,0.3192591563132564,0.48643310205569523,0.47158113195569656,0.5902176593204145,0.4527426493601382,0.5303807910082794,0.5422579937255685,0.6669647183678515,0.7898111913376874,2019-08-11
137,0.3315961188756362,0.4985639985263494,0.4838765829071423,0.5887727638892404,0.46788350111772714,0.5401323827270318,0.550440410584327,0.6660126698995132,0.7866499318807209,2019-08-18
138,0.3420548684317124,0.5125852510924461,0.49540472367348587,0.5886463720237185,0.482804996766111,0.5499623385765796,0.5593064444802525,0.6618503573733939,0.7856990093260445,2019-08-25
139,0.349722231236482,0.5262913297712333,0.5052220146669998,0.5894626860242967,0.49598778882210215,0.5589973965598827,0.5675079352452372,0.654649224335893,0.7861966365127634,2019-09-01
140,0.35370464471409235,0.5374105412853838,0.5123819178206181,0.5907734042153018,0.5058942146449072,0.5663641860252313,0.5736625190653537,0.6445540090922495,0.7873162147838115,2019-09-08
141,0.3531085473068383,0.5436711938406218,0.515937895715602,0.5921302247709692,0.5109866128909588,0.5712027802741819,0.5763878330288482,0.6317094499549845,0.7882311452413268,2019-09-15
142,0.34738959817128406,0.5433102763997215,0.5151657844695738,0.5930333652172686,0.5101722655433863,0.5728849756953596,0.5746109562176206,0.6162627830746495,0.7880322370382858,2019-09-22
143,0.33734092121804704,0.5365129515469569,0.5101930786355406,0.5927858796538386,0.5040625230803828,0.5709779985979471,0.568444085729272,0.598370810959656,0.7854939841251041,2019-09-29
144,0.32407577869063786,0.5239307007385443,0.5013511274930519,0.5906436287343432,0.4936766253435741,0.5650551945233836,0.5582830909635544,0.5781926259416418,0.7793151665903477,2019-10-06
145,0.30870743283256674,0.5062150054306997,0.48897128032165704,0.5858624731124463,0.48003381217458596,0.554695281357568,0.54452384132022,0.5558873203522441,0.7681945645225827,2019-10-13
146,0.2923292921431473,0.48406373496128036,0.47339878514547384,0.577740665632474,0.46413488081385323,0.5400620899651773,0.5275941844054168,0.5316246193437026,0.7509425091871382,2019-10-20
147,0.2757476889524052,0.45884550647420086,0.4551798595542946,0.5661894310588957,0.4467139568227001,0.5224224731187691,0.508384358238982,0.5057279938492301,0.727982311455897,2019-10-27
148,0.2595529665335937,0.43243359128346154,0.4350119257016269,0.5515811791691655,0.4283045285427822,0.5031654795553959,0.4881324920278242,0.4786365893503578,0.7009508484284022,2019-11-03
149,0.24433019360474822,0.40671358459727514,0.4135960982281477,0.5342995820975129,0.40943518465968154,0.48368015801210973,0.46808521064666025,0.45079237615595763,0.6715146330671212,2019-11-10
150,0.23066299356575215,0.383567287385049,0.39163338543987675,0.5147285493285843,0.3906339186734171,0.46514591712852427,0.44948692349966557,0.422637973794065,0.6413386485761249,2019-11-17
151,0.21883959975903974,0.3641010447642016,0.36980306326496937,0.49330049935746745,0.3723070817333788,0.44778663747804437,0.4331292483549915,0.3947486873791407,0.6117752304425745,2019-11-24
152,0.20849452138529098,0.34770504994207113,0.3487363119705756,0.4705552053799905,0.354591819782956,0.43155410852338827,0.41880173532079695,0.36799346688241114,0.5834847972957222,2019-12-01
153,0.19917463469788543,0.3335394427437062,0.3290578645102802,0.4470468316909642,0.33758919130276305,0.41640010003905986,0.4061596054559817,0.34328062591889835,0.5570350150122857,2019-12-08
154,0.1904268159502029,0.3207643629941558,0.3113924538376682,0.42332954258519984,0.3214002547734144,0.4022639416090026,0.39485807981944576,0.321518478103625,0.5329935494689829,2019-12-15
155,0.18185244143737556,0.3086269633196113,0.2962996162572073,0.3999858386560777,0.30614383780224164,0.38893246635379164,0.3845607960433282,0.30352298176715864,0.5118376622691345,2019-12-22
156,0.1734594467922958,0.297023494322554,0.28385253419844547,0.3778096035787227,0.29207132210402964,0.37609024718460277,0.3749941777014331,0.2894211434139884,0.49337021733963027,2019-12-29
157,0.16543947447229096,0.2861435062960539,0.27390462751850014,0.3576902360271313,0.279493984941113,0.3634199697896298,0.36591301865669956,0.2790286616031171,0.47708934706134615,2020-01-05
158,0.1579850657963828,0.27617798462334575,0.26630824079511733,0.3405176020219741,0.2687233966395886,0.3506087390516178,0.35707225158545086,0.272159711690538,0.4624916927899051,2020-01-12
159,0.15128957114768726,0.2673186561628718,0.26091279528159705,0.32716089522449165,0.26006473651992523,0.3375831163268551,0.34823153198856494,0.26861751189320593,0.44908191462281977,2020-01-19
160,0.14557947147356026,0.2597876106233882,0.2574480043006784,0.3176427917736658,0.2535614770438453,0.3246267546063999,0.33934391146924237,0.2677565938511463,0.4366930340881601,2020-01-26
161,0.14112528233871474,0.25384729369689873,0.25548447453029066,0.3108608413268137,0.24890924989072868,0.31205243731414767,0.3306194889692827,0.2683351292515224,0.4255945056658998,2020-02-02
162,0.13820056467394543,0.24976294203283916,0.2545818090787042,0.3056347815326406,0.2457796306090295,0.3001729610143299,0.32228614042716114,0.2690700464488198,0.41608596686446714,2020-02-09
163,0.13707887941004734,0.2477997922806457,0.25429961105418936,0.3007843500398524,0.243844194747202,0.2894827217119809,0.31457174178135383,0.2686782737975241,0.40846705519229176,2020-02-16
164,0.13799997502248534,0.2482504781679199,0.25446154530662213,0.29556070854622934,0.24297262976850958,0.28111385532968425,0.30786295004500275,0.2664939891244767,0.40325507365096364,2020-02-23
165,0.14106233927969497,0.25152209215040133,0.25599446626364614,0.2910174097799385,0.2438622894172923,0.2763384160856569,0.3032097732553482,0.26443009741572443,0.4018766819025093,2020-03-01
166,0.14632757586411446,0.2580516125994573,0.26011327830050524,0.2886786224469627,0.24742663646728913,0.27642845819811646,0.301835424700643,0.26507282602914733,0.40599597852577196,2020-03-08
167,0.15385728835064708,0.26827601797358686,0.26803288663224856,0.29006851662535893,0.2545791343223019,0.28252385131779867,0.3049631181741175,0.2710084042856869,0.41727706279184446,2020-03-15
168,0.16367724481279938,0.28258080731727464,0.28087978844803974,0.29664863115773155,0.26615868358285094,0.29457127942503786,0.3137413631616245,0.28468300179649775,0.4372725371832321,2020-03-22
169,0.17523143011812442,0.30051572023649464,0.29834519183190694,0.308863697543845,0.2817936705536553,0.3118844849267898,0.32810585755854005,0.3062689428570928,0.46572487298321763,2020-03-29
170,0.1874914522739181,0.32095190435406645,0.3189549268471517,0.32633285408107726,0.3001296086470982,0.33377139873671224,0.34700756108744396,0.3340923109297603,0.5009068117135622,2020-04-05
171,0.19941526316179536,0.34274088961424043,0.34120113319233564,0.3486513716730331,0.3197835970222933,0.35952342057621167,0.36936896529353114,0.3664258157851947,0.5410486059088879,2020-04-12
172,0.20996160779212808,0.3647343154078179,0.3635769718375189,0.37541368609963516,0.3393733125327674,0.38790399347982824,0.3941121271109254,0.40154261088674836,0.5843801929563504,2020-04-19
173,0.21832998293095193,0.3858170432841566,0.3848856075247351,0.4059607339568076,0.3576917893658701,0.4170505572940025,0.4200271786413367,0.43785053121771944,0.6290358482145586,2020-04-26
174,0.22429802663761755,0.4049537144879335,0.40467464808913955,0.4390246988713137,0.373953164830251,0.445064232835803,0.44558744767897623,0.47408083597865425,0.6729201242359363,2020-05-03
175,0.22772837806748114,0.42112069985591616,0.42260115294729395,0.47324826269902975,0.38743348882799655,0.47004692638791273,0.46921968393469116,0.5090123357442345,0.713903798628048,2020-05-10
176,0.22848367637589848,0.43329437022487066,0.438322181515758,0.5072741072958286,0.397408811261192,0.49060871139414985,0.48935063711932636,0.5414238410891384,0.7498576489984543,2020-05-17
177,0.22650546312470227,0.4406495694290756,0.45152327501781087,0.5397806066643216,0.40326398376836603,0.5067417025923586,0.5045837424253656,0.5701092959425845,0.7788839617530485,2020-05-24
178,0.22238204037411918,0.4439880181056878,0.4621234391340313,0.5697387021905751,0.4052757023364004,0.5186707452727699,0.5149707202784743,0.59398669185616,0.8009826935016644,2020-05-31
179,0.21701850326423133,0.4449083057702339,0.4701560339693154,0.5962626391926377,0.40415750181071564,0.5266206847256134,0.5212726831291367,0.6120347807841618,0.8170833084383955,2020-06-07
180,0.2113221177489934,0.44501448245529696,0.47565520323838695,0.6184676449739076,0.4006259104602458,0.5308858380566703,0.5242556045127108,0.6232327310394927,0.8281216401766398,2020-06-14
181,0.20619546115114748,0.44589728442734433,0.47864841107925804,0.6354624024183488,0.395393555093025,0.5322330401059472,0.5246851464818106,0.6265805700662899,0.8350253565717692,2020-06-21
182,0.20231062998599691,0.44849297814591776,0.4788347711660049,0.6460338879230336,0.3889812769366704,0.5316258933123267,0.5233116594146723,0.622103705465801,0.8383207182414993,2020-06-28
183,0.20000899267503178,0.45279869958890473,0.4754422311600262,0.6485074456373954,0.3816347147837809,0.5300286483427422,0.5208635222250254,0.6112989125794452,0.8379579870814509,2020-07-05
184,0.19960635627262505,0.45873900106361354,0.4676623231667135,0.6411727410020552,0.37357823753605524,0.5283831812737746,0.5180674156924502,0.5957766860596847,0.8338429071036109,2020-07-12
185,0.20141852783314965,0.46623843487735256,0.4546865792914585,0.6223194394576339,0.36503621409519216,0.5271657099685589,0.5156500205965266,0.5771475205589817,0.825881222319967,2020-07-19
186,0.20545947581245225,0.47503068206922605,0.4360034776626557,0.5908293266688407,0.35621014904204334,0.5264124704730041,0.5141791769881001,0.5571853725795746,0.8139123107729203,2020-07-26
187,0.21036740488893016,0.4839794429063864,0.41245496009525007,0.5482830398063641,0.3471973326370552,0.5261424647012145,0.513498737588219,0.5384092487697567,0.7974730580554024,2020-08-02
188,0.21438876453515426,0.49170068653966453,0.38526837355425503,0.4970297266998848,0.33806537962282124,0.5263741049700592,0.5132463963208697,0.5235503123108728,0.7760142136127431,2020-08-09
189,0.21576997587672017,0.49681036419434155,0.3556710928921742,0.43941859078766576,0.32888190259464645,0.527024619277304,0.513059832192615,0.5153397417356786,0.7489865206575543,2020-08-16
190,0.2128365852080436,0.4979778615076594,0.32490060329358567,0.3778372565933197,0.3197168409903408,0.5277961835667858,0.5125875459830957,0.5163396644356896,0.7159042620897833,2020-08-23
191,0.2053641444572546,0.4948517746453621,0.2943796664951963,0.31537743295446397,0.31068277472218453,0.5283634655337397,0.5116763525124007,0.526014266770001,0.6774461152236297,2020-08-30
192,0.19439836696819707,0.4879384588068457,0.2656933409326212,0.2557475854359066,0.30192963547831336,0.5284011328734007,0.5103467837479971,0.5411140317326679,0.6353107319328867,2020-09-06
193,0.18102792456817338,0.4777732796989915,0.24043217412338994,0.20267703910372453,0.29360861823169054,0.5276013164068708,0.5086252469934394,0.5582976613994506,0.5912312609353737,2020-09-13
194,0.1663412595420067,0.46489171069670754,0.22018533904569282,0.15989208299871255,0.2858706711648873,0.5257469227763548,0.5065378712464282,0.5742249735874803,0.5469406247458076,2020-09-20
195,0.15131455895032203,0.4498818790392242,0.20586980533407354,0.12963427139426398,0.2787460523340164,0.5226502617686039,0.5039746830885682,0.5861014271584646,0.5040611237406576,2020-09-27
196,0.13663119720449138,0.43346925717723134,0.19664913075923715,0.11027229541838557,0.27195020508684126,0.5181236582556739,0.5004706921362303,0.5925557608342892,0.46392650547758957,2020-10-04
197,0.12292740551117158,0.4164014303131636,0.1914045715770508,0.09955131036289472,0.26514788720722976,0.5119759069720384,0.49550374982798073,0.5924458631839762,0.4278240601476148,2020-10-11
198,0.11083941507701954,0.3994259836494556,0.1890173840433817,0.09521647151960899,0.25800385647904983,0.503964758457984,0.4885517076023856,0.5846296227765481,0.3970410779417448,2020-10-18
199,0.1009290823642231,0.38320932504712735,0.1883787881127117,0.09508981696772359,0.25020123473931216,0.49380955885616407,0.47914248880616583,0.5681845451151775,0.3727082611228873,2020-10-25
200,0.09308690801007423,0.3676851017856693,0.18846994269864478,0.09768737987184492,0.2415889099615577,0.4812287164556258,0.4672559990744298,0.5441705439659493,0.3545428453478982,2020-11-01
201,0.08684726282006558,0.3523982583241425,0.18831971605936298,0.10189333253215038,0.2321037030218695,0.4659449718016043,0.45311190419684466,0.5146991285307103,0.34151227368079284,2020-11-08
202,0.08174124771472957,0.33689017016053446,0.18695741450696662,0.10659522739986027,0.2216832421717578,0.44800475949647245,0.43693207137406,0.48189146346780304,0.33257710479876,2020-11-15
203,0.07730302710975587,0.320707033147635,0.18342473594399855,0.11068809731674825,0.2102688766172564,0.42799680399523315,0.41894081723959675,0.447863425773926,0.3266987276802689,2020-11-22
204,0.07325057513024576,0.3036842644263355,0.1775068736995517,0.11351579855778787,0.19802521283579322,0.40656156421746087,0.3995094243992435,0.4144136327470919,0.32288834938058625,2020-11-29
205,0.06958677095088873,0.2861055741340844,0.17014143901387152,0.11511786371941207,0.18546290607545707,0.3843394990827301,0.37923697271580337,0.38284894915234996,0.3202343949740144,2020-12-06
206,0.06633900170762903,0.2682932352467431,0.16236517585074323,0.11559366852248062,0.17312237922052212,0.3620147403276119,0.358742137515048,0.3544339384615904,0.31783193194509535,2020-12-13
207,0.06353465453641122,0.2505695207401749,0.15521482817395282,0.11504258868785322,0.16154405515526393,0.3404461109566637,0.3386435941227512,0.3304331641467064,0.31477602777837127,2020-12-20
208,0.0612199507777722,0.2332984817734835,0.14951334542549644,0.1135915825103142,0.1512137822042678,0.320536106791442,0.3195807874481834,0.31188731799725505,0.31032543894828046,2020-12-27
209,0.059534804367446015,0.21705199916968781,0.1450201352616391,0.1115048204998221,0.1423459222004107,0.3031872236535008,0.30229648272771653,0.2987234201950705,0.3045532088397125,2021-01-03
210,0.058648207360900595,0.20246645506953478,0.14116452807562774,0.10908905788942269,0.13507057933918118,0.2892375291034061,0.28756551134805225,0.29052285553547963,0.29778510019312765,2021-01-10
211,0.05872916079445256,0.1901782515351618,0.13737575231553723,0.10665106306455821,0.12951783179288992,0.27884974221891945,0.2761627145996014,0.28686690206347265,0.29034695380197934,2021-01-17
212,0.059955785140164974,0.18081179626132762,0.1331039371053128,0.10449177257844905,0.1257984845046794,0.2717834650190555,0.2688241059576353,0.28731034689413737,0.28256507177942564,2021-01-24
213,0.06269599384912078,0.17474187111291106,0.12823419479015347,0.1027907513511038,0.12362222948911986,0.26779290428515334,0.26547761746463194,0.29085664999437605,0.27477535718801616,2021-01-31
214,0.06749702816560953,0.17210739649442047,0.12306263595951544,0.10161288510178226,0.12231976320109819,0.2666302326077927,0.265287657344525,0.2959883443646146,0.26732278464329495,2021-02-07
215,0.07491315362152424,0.17303805409336087,0.11790147004520621,0.10101856755397617,0.12120693680150665,0.26796432400067205,0.26738872651687823,0.30116755824387914,0.2605526840944442,2021-02-14
216,0.08549836223076737,0.177663487259564,0.11306302250615236,0.10106816141012642,0.1195998503865025,0.2713533383667122,0.270915675240694,0.30485719187191757,0.2548104608439293,2021-02-21
217,0.0995638533823876,0.1860793082930277,0.10896261213180977,0.10179449304009558,0.11703557542709242,0.2763477787920393,0.27531345052242345,0.30620542429326314,0.2505084087430524,2021-02-28
218,0.11673218295535981,0.1982846057149765,0.10630768227140061,0.10315228629011045,0.11367793432336826,0.28249828397050636,0.28090654055208686,0.30630412127601014,0.24824854060629406,2021-03-07
219,0.13650465021340957,0.2142614721023858,0.10585711367946704,0.10508251268386817,0.10980110802110477,0.28961980900685375,0.28817430347104034,0.3065873936973082,0.24866627503645233,2021-03-14
220,0.15838255442026034,0.23399200003222922,0.10836978711055134,0.1075261437450657,0.105679277466077,0.2983433285030397,0.297596097420639,0.30848935243430703,0.2523970306363251,2021-03-21
221,0.1818532256211912,0.25740748956595627,0.11452850636764073,0.11043509823742736,0.10160000561557156,0.3094567999559901,0.309613705511681,0.31337982346857235,0.26003842214165507,2021-03-28
222,0.20626478303437282,0.2839330658401725,0.12425792723059276,0.11387039010023164,0.09798421441886762,0.3237481808626299,0.3242944553259984,0.3219879989824975,0.271811328279592,2021-04-04
223,0.23088543996319008,0.31270331358416326,0.13704753450449345,0.11795565304150957,0.09532937283291248,0.3418269735412758,0.34149073993055656,0.33467535241971746,0.28772038428513214,2021-04-11
224,0.2549824598198467,0.3428493636931463,0.15238163984707975,0.12281526516933153,0.0941338597764218,0.3629075659483904,0.36105239733240146,0.3517989859230938,0.3077676547727272,2021-04-18
225,0.27782528010133706,0.37350239160364535,0.1697422241175165,0.12857219063888792,0.09489239726909302,0.38554792963242457,0.38282264639797625,0.3737019739491474,0.3319456650063716,2021-04-25
226,0.29884577983526617,0.40379690075381897,0.18843711742911845,0.13524374700357847,0.09782647407102457,0.4083022112280214,0.40615014233370567,0.39967928149212195,0.35953418668286286,2021-05-02
227,0.3177479789543781,0.43287297003642233,0.20748239235372437,0.14267026036808123,0.10269982687423024,0.42973449093534477,0.42955498990342245,0.42726995893088987,0.3886189040006601,2021-05-09
228,0.33426185964010485,0.4598712102427076,0.2258662877869202,0.15067517184874382,0.10923252281276716,0.4486624496731109,0.45147825013943754,0.4538455423491195,0.4171715851830688,2021-05-16
229,0.34811740407387826,0.483932232163927,0.24257704262429186,0.1590819225619138,0.11714462902069245,0.4641721686731974,0.47036098407406174,0.47677756783047914,0.443163998453394,2021-05-23
230,0.35901389245419657,0.5039750903700455,0.256708321229902,0.1676246777497423,0.12602144909085794,0.47536262563722054,0.48466392720028695,0.49378477662658227,0.4646009876352628,2021-05-30
231,0.36648380845224715,0.517715177491843,0.2679265393132238,0.17555258819063282,0.13471614854120204,0.48133342301647636,0.49295470164853794,0.5044721925917875,0.47966708837495436,2021-06-06
232,0.37000326254538474,0.5224610775238488,0.276091688691898,0.18195088149973582,0.14183444792018618,0.4813738040754322,0.4938370546486478,0.5090823574982541,0.48660756781065484,2021-06-13
233,0.3690483210248838,0.5155210555984199,0.28106391291116556,0.18590465680698387,0.14598187382551986,0.47522841554877965,0.48591476174579673,0.5078583128134038,0.48366774068272383,2021-06-20
234,0.3631046991378172,0.4943205633788721,0.28268833326185494,0.18652129189282596,0.14581167196300776,0.4627088597658748,0.467858092662791,0.5010238897830691,0.4691599499430509,2021-06-27
235,0.3518877758878204,0.4590743179662358,0.2804525124084807,0.18343843938562732,0.14111289484011172,0.44362673905607364,0.43992000678773824,0.48834567933125367,0.44299193924563635,2021-07-04
236,0.33534697686655485,0.4128395313704848,0.2734796308519945,0.1768341463613969,0.13283207714852874,0.417911372393031,0.40396635672974524,0.4691243062285104,0.40669729907575,2021-07-11
237,0.3134422532859719,0.35880124921941464,0.2608764819786022,0.16691076269333593,0.12196780825020623,0.3861911243279994,0.3619355306634011,0.4426394396619751,0.3618827380381735,2021-07-18
238,0.2861338434671409,0.30014455213414476,0.24175027274818656,0.15387076731983146,0.109518661383948,0.3493513937050578,0.31576596962407316,0.40817116063875386,0.3101552789972454,2021-07-25
239,0.2539415972931205,0.2401227271021375,0.2160143169156451,0.1381682033602184,0.09645178376658736,0.30827797666196033,0.2674991469149388,0.3658022387687877,0.25373447597863513,2021-08-01
240,0.21911304377183258,0.18219963344942708,0.18607060784287008,0.12103376369146307,0.08363730159926228,0.2639056320244618,0.21949462558278252,0.318093570343236,0.1967309398993196,2021-08-08
241,0.1842280766053291,0.12987963965094002,0.15479990212067835,0.10384755027664419,0.07192667652917772,0.21801305083006428,0.1741731616348305,0.2680827847482901,0.14361907639730848,2021-08-15
242,0.15186658949566195,0.08666711418160267,0.1250829563398866,0.08798966507884065,0.06217137020353894,0.17309067712795717,0.1339555110783089,0.21880751137014148,0.0988732911106116,2021-08-22
243,0.12442867796452507,0.05573065103938324,0.09962682395458539,0.07474181116175169,0.05513807721839828,0.13165124112481633,0.10109249920050273,0.17319810623599882,0.0665842908765295,2021-08-29
244,0.10233050801307292,0.03653384066907356,0.07922188284364395,0.06429993821338151,0.050658155367087926,0.09619842268636686,0.07595990132397168,0.13300124941356173,0.04660897228908795,2021-09-05
245,0.08475698926889573,0.02624089282088743,0.06346899331808731,0.056186161115555994,0.047982478414723695,0.06825021060906289,0.05776980868072834,0.09922901394226308,0.03617666589597285,2021-09-12
246,0.07087459140866069,0.021981580495658848,0.05195120084059199,0.049912503041320666,0.046353226488588695,0.04746642461221495,0.04571688455034517,0.07288247099560169,0.03247735041694949,2021-09-19
247,0.05985069751652222,0.020895258026205343,0.0442505268919402,0.044992692227612596,0.045015794975724166,0.033301031058138364,0.0389947839792012,0.05495222565261698,0.032708679981420186,2021-09-26
248,0.05093978812215619,0.02103490214578968,0.03985135174825527,0.0411030422980217,0.04352216850812665,0.025207996309148772,0.03670102251733054,0.04543089457468824,0.0348001929900576,2021-10-03
249,0.04355417042141041,0.022109037310566126,0.03806112299010175,0.03821448297412067,0.04197989288409204,0.02253179488883922,0.03775890421975925,0.042502669573361074,0.0380076533587253,2021-10-10
250,0.03712279775910671,0.024000800383430998,0.038168626915511955,0.03632901745559608,0.04055510953827188,0.02411784352509494,0.04107335886694319,0.04416100593771527,0.041726703441032686,2021-10-17
251,0.031074623480066454,0.02659332822728039,0.039462649822518125,0.03544864894213445,0.039413959905317486,0.02866944989141107,0.045549316239337945,0.04839935895683056,0.045352985590588424,2021-10-24
252,0.024964620024265805,0.029760971990713647,0.04130212967035787,0.03555934701715374,0.038725785805984514,0.03488991137842801,0.0501941541724823,0.05340480514130114,0.04838770433789874,2021-10-31
253,0.019096108475865625,0.03332590995619561,0.043462591289380265,0.03655186763806384,0.03867893415385948,0.04153383609250144,0.054623625471023174,0.05851421642303439,0.050958932005704616,2021-11-07
254,0.014047572613295811,0.03709113679902448,0.04587273566217659,0.038281957361152474,0.039468739905587163,0.047984817897193444,0.05867717826788221,0.06348723667111517,0.05342523593000281,2021-11-14
255,0.01039792152943253,0.04085961754271311,0.048461500533194785,0.040605308629252546,0.041290548819115536,0.05404823234083295,0.06219460645816721,0.068084163226251,0.05614553971913716,2021-11-21
256,0.008711255549431224,0.04443736478797805,0.05116033261105299,0.04337649546994787,0.04432750872413657,0.05953723899736246,0.06502078502606184,0.07207161661927275,0.05946305454598794,2021-11-28
257,0.00914528848146362,0.04771402363681193,0.05396953032989532,0.046419400033812286,0.04842802835037879,0.06426605605348135,0.06714002568209448,0.0753897402060737,0.06328980635304965,2021-12-05
258,0.011411046961764953,0.050671165384413464,0.05696507175710322,0.049524168933526236,0.05307258182430402,0.06810626320702445,0.0686899045645033,0.07816940812901285,0.06706387595153745,2021-12-12
259,0.015196666131473385,0.05329507229180591,0.060226813334146645,0.05247921992777865,0.057722787630896694,0.07101498102879383,0.06981585219400327,0.08055126896127596,0.0701990557617515,2021-12-19
260,0.02019027037714405,0.055572027623549625,0.06383459135263866,0.05507297785843562,0.06184028279662576,0.07295630824985117,0.07066329483010675,0.08267596360564794,0.07210917418403356,2021-12-26
261,0.026014656547253878,0.057494410522775374,0.0677458440034461,0.0571368935541518,0.06499933256823212,0.0738943475551222,0.07135177452561225,0.08463753995389944,0.07242661644925158,2022-01-02
262,0.03207289124444418,0.05907510372016889,0.07150632145798849,0.058647136455861115,0.06715302905868209,0.07384784403004907,0.07191377137948046,0.08637332954103066,0.07151888727253908,2022-01-09
263,0.037721892987714445,0.060331296141359014,0.07457531053766445,0.059610270029674256,0.06833402618110257,0.07302743564171355,0.07236348060543712,0.0877877500921439,0.06990788229194428,2022-01-16
264,0.04231858029606378,0.06128017671197494,0.0764120980638725,0.06003285774170203,0.0685749778486204,0.07168586110109765,0.07271509741720833,0.08878521933234151,0.06811549714551562,2022-01-23
265,0.04527533576480519,0.0619313100927566,0.07652715962081341,0.05992887251821627,0.06792109344817909,0.07007585911918329,0.07297838449494376,0.08927171326291256,0.06663552079777602,2022-01-30
266,0.046684441178951847,0.06220079988163285,0.07505846160591512,0.05940311519238836,0.06657149201494159,0.06843492380696226,0.07310876888053996,0.08917230981178542,0.06561720019929906,2022-02-06
267,0.04709410124771354,0.06194207708962418,0.07256474963035844,0.058621293457611995,0.06482850043891344,0.06686294139421906,0.07302524153322759,0.08842489616800109,0.06497874128033038,2022-02-13
268,0.04706093478609932,0.061007416098529554,0.06961253483022906,0.05775023904982968,0.06299635032198014,0.06538680213785575,0.07264612098047685,0.08696759591686937,0.06463408608464322,2022-02-20
269,0.04714019888667284,0.05925073364338329,0.06676683111439508,0.056956140167247565,0.061378375093179754,0.06403272606607546,0.07189045948306844,0.08473956912420805,0.06449728900097523,2022-02-27
270,0.04771630367227167,0.05673200245426885,0.06440480446869129,0.056324444272288776,0.060165219938965675,0.06282818204579405,0.070769366323442,0.08181001671292482,0.06449649965224419,2022-03-06
271,0.04883852836837144,0.05391539166369169,0.06253514116219375,0.05578221899026295,0.059326482450273776,0.06184052310589738,0.06947452848071389,0.07850322583426689,0.0645875166649586,2022-03-13
272,0.05051718027502328,0.05131207386512082,0.06112367744879035,0.055238114166294816,0.05880605488774754,0.06118439329964631,0.06821863207369022,0.07517314727702024,0.0647293539314065,2022-03-20
273,0.05276256669227844,0.04943322165202513,0.06013624958236902,0.05460077964550916,0.05854782951203055,0.060977180378953943,0.06721436322117713,0.07217373182997089,0.06488102534387563,2022-03-27
274,0.05557833182235844,0.04872666583078977,0.059528477053200135,0.05379078250082231,0.058485398408355815,0.061336211103675486,0.06666456778873697,0.06985735560551731,0.0650084749548624,2022-04-03
275,0.058924819737575906,0.04922861071221635,0.05918958573056979,0.05280613388967523,0.058485417989577015,0.062339352631127,0.06670814477297082,0.06856616168423213,0.06512268245118286,2022-04-10
276,0.06274507146503891,0.05081077168119469,0.058982270112435176,0.05167579218602297,0.05838779668955957,0.06395715546315162,0.06745843953896297,0.06863820395313036,0.06525262408497828,2022-04-17
277,0.06698208257804794,0.05334443202249428,0.05876915500082305,0.05042879705984643,0.058032372677226385,0.06614209838071378,0.06902873032431628,0.07041152555722102,0.06542732338402213,2022-04-24
278,0.07158231758501385,0.05670097517181616,0.058423313170771846,0.04909703915705865,0.057263664424591465,0.06884666016477764,0.07152679775591447,0.0742133447611879,0.06568217578250041,2022-05-01
279,0.07660302837495193,0.060754983085158476,0.058151494311392354,0.047803460741923265,0.05607566524349025,0.07202097434859994,0.07488484526709371,0.0800251656267647,0.06625607628969055,2022-05-08
280,0.08223282847161914,0.06538483023399033,0.05855609195379985,0.046778964835308745,0.05463960216321312,0.07559922308825945,0.07882689276846616,0.08741857564752659,0.06762921126689336,2022-05-15
281,0.08866795264920858,0.07046911112137705,0.06026245382581605,0.04626071805220683,0.05313698483894158,0.07950894600780228,0.08306488191989264,0.0959413800549731,0.07029576615379729,2022-05-22
282,0.0961046334813847,0.07588642122579947,0.06389592653252657,0.04648588834080902,0.05174932393460255,0.08367766084822181,0.08731075556050033,0.10514138553016489,0.07474992486539384,2022-05-29
283,0.10464066314546383,0.08155899110012257,0.07003163121073847,0.04775128416504404,0.050703256210555464,0.08803381784776493,0.09132921082482581,0.11463124464160235,0.08141766416910523,2022-06-05
284,0.114012835911851,0.08756906863872352,0.07906050354499633,0.05057242604351736,0.05039090360360804,0.09252527430412172,0.09507840394479261,0.12426141100803403,0.0904748334616563,2022-06-12
285,0.1238752163324524,0.09403557283396838,0.0913312695274186,0.05551495663230213,0.051242312209687085,0.09711822446907054,0.09856082608158917,0.13393683500170417,0.10203996056928527,2022-06-19
286,0.13388186895917414,0.10107742267822314,0.10719265515012377,0.0631445185874713,0.053687528124719414,0.10177958085471611,0.10177896839640416,0.1435624669948572,0.1162315733182302,2022-06-26
287,0.1437238138561056,0.10881577906707554,0.1269556667158832,0.07401085119700682,0.058153467173967244,0.10647765291233793,0.1047679433386231,0.1530635931009596,0.1331571758346719,2022-07-03
288,0.15359727121049438,0.11740245082159878,0.15041566372465345,0.08844628684410949,0.06502425283503377,0.11142048720667427,0.10800881249596309,0.16264349907041947,0.15277357281464599,2022-07-10
289,0.16406429832996225,0.1270114402428189,0.17699460366632855,0.10662572422907321,0.07465302080756347,0.11732565548491311,0.11230556839206565,0.1727067821379103,0.17492844102044758,2022-07-17
290,0.17569512199251786,0.13781724523203528,0.2061061056296531,0.12872054641711897,0.08739221480637807,0.12497590508839174,0.11846941488745213,0.18366253500375807,0.19946702028992014,2022-07-24
291,0.18905652195950515,0.1499933196320908,0.2371620377668272,0.15489852218639974,0.10359048684222791,0.13515398335844733,0.1273085889647551,0.1959183587331707,0.22623291524032507,2022-07-31
292,0.2041237147801668,0.1635339401495941,0.26927377950357756,0.1847071508252847,0.12294577183976874,0.14839836068399717,0.13912216389076681,0.20962586593877322,0.25478910047318926,2022-08-07
293,0.21961463835703107,0.1780525694331486,0.3009140666656837,0.21637564209912874,0.14377300341346147,0.1639777209849495,0.15312706202344492,0.22439260427334498,0.284102113693369,2022-08-14
294,0.23408640658307128,0.19311395853996696,0.33047394338338226,0.24796457759575508,0.16421020943256387,0.18074945236876463,0.16840178306594694,0.2397565276615534,0.31306219975415617,2022-08-21
295,0.24609613335126101,0.20828285852726253,0.35634445378691054,0.27753453890298774,0.18239541776633417,0.19757073192728533,0.18402482672143072,0.2552555900280663,0.3405596035088436,2022-08-28
296,0.25424236435739167,0.22315390729106538,0.37699582941025733,0.30322551938774167,0.19660260803953894,0.21331599534244414,0.19909595676478598,0.27046239744899725,0.3655582660195992,2022-09-04
297,0.2574187046309455,0.2375345838337055,0.39146224013908193,0.32374304867247833,0.20607394932721426,0.22710922970977732,0.21286637046909374,0.285196333596929,0.3875469607914884,2022-09-11
298,0.2546467661459506,0.25132470499123005,0.3990225118216476,0.3380380055682331,0.21047164477591945,0.23826217847734035,0.22465296219677214,0.29938384280140146,0.4062421517963498,2022-09-18
299,0.2449486791986314,0.2644244614915005,0.3989564609604068,0.34506226234722204,0.2094595983226136,0.2460911701923777,0.23377289232908477,0.3129518028990195,0.4213612249639919,2022-09-25
300,0.22737792336432633,0.27673678024959314,0.3905708157911044,0.3437982831720978,0.20271944911207046,0.2499202479633974,0.23955885550309397,0.32582942660833286,0.4326336225544762,2022-10-02
301,0.20216595394343204,0.2882674027335522,0.37418353573035124,0.33437804840928126,0.19059925174979991,0.24964986532476022,0.2419272591797187,0.3380336618153207,0.4402418136524783,2022-10-09
302,0.1710513051283686,0.2991536093211573,0.35140632940810657,0.31840420676740344,0.17429965962822086,0.24614614545473137,0.2415413014855275,0.34969370304747244,0.4449478609203431,2022-10-16
303,0.13587093602344447,0.30954127098598977,0.323935398146122,0.29757545395221524,0.1550770080028066,0.240367336438096,0.23911295225098372,0.3609460754808995,0.4475516793499238,2022-10-23
304,0.0984618057329687,0.31957625870163064,0.2934669432661496,0.27359048566946775,0.13418763212903087,0.23327168635963907,0.23535418130655075,0.3719273042917127,0.448853183933073,2022-10-30
