,0,1,2,3,4,5,6,7,8,9,10,date
0,0.650744659381,0.663057571792414,0.6648020669273571,0.6522677920826623,0.638047506695338,0.635136965918536,0.6330693698317987,0.6336825372354131,0.6277100284582934,0.6350275385285213,0.6664527774090612,2016-01-01
1,0.6210547576568681,0.6207196219700759,0.6172365277270925,0.6136632743843654,0.6011197441968237,0.6100426571697587,0.606924577248338,0.6010519660413325,0.5980487537253755,0.6034818400615651,0.6187933299592919,2016-01-08
2,0.5919155317932294,0.5781780214492,0.5695126099123756,0.575307759604566,0.5652463244947328,0.5850480442362314,0.5811201746615301,0.568671013476368,0.5688726525481032,0.5726751810727958,0.5709528809738078,2016-01-15
3,0.563507002356191,0.5355599865668849,0.5217653387813073,0.5374201794954468,0.5307437041218305,0.5600164760247847,0.5557387222787339,0.5368341743851021,0.5403783935711266,0.5428409580442876,0.5231032072252045,2016-01-22
4,0.5360091899118601,0.4929927336602285,0.47412973963198823,0.5002194658091909,0.4979283396108817,0.5348113014422492,0.5308627803073084,0.5058359436121171,0.5127626454390954,0.5142125674581145,0.47541608548607817,2016-01-29
5,0.5096013666130658,0.4506057157253476,0.42674294219161346,0.46392559564225405,0.46711496919170303,0.5092980820180444,0.5065746626314668,0.47597156730107404,0.4862217997961059,0.48702231843596283,0.42806587418165537,2016-02-05
6,0.48441283221180004,0.4086777300100721,0.379882591297548,0.4288283449102311,0.43850359806330785,0.4834901185937057,0.48294023586045104,0.4475864566846175,0.46093375264605096,0.4614299158169061,0.3813993116024652,2016-02-12
7,0.4604923656819604,0.367728212898043,0.3340527444832715,0.39532995671326054,0.41210936152135036,0.4576387650994221,0.4599988650275127,0.4211068542528555,0.43704659787574424,0.43747807679821993,0.3360408925736318,2016-02-19
8,0.4378814486165486,0.3282984092486026,0.28977797845411407,0.36384286674901134,0.3879306406008705,0.4320169495746063,0.43778751339956523,0.39696632801469967,0.4147057284865263,0.4151989163028036,0.29264028424569977,2016-02-26
9,0.4166215626085662,0.29092956392109326,0.2475828699154063,0.3347795107151523,0.36596581633690867,0.40689760005867126,0.4163431442435221,0.3755984459790618,0.3940565374797378,0.3946245492535564,0.2518471537692141,2016-03-04
10,0.39675388445371423,0.25616192092037576,0.2079916010990433,0.3085433870714708,0.3462126037933809,0.3825620047682239,0.39571601006986734,0.357402082011993,0.37524098721064203,0.37578665756730095,0.21430960302115015,2016-03-11
11,0.37831564729985445,0.22452277460377135,0.1715232503061911,0.28542235900539736,0.3286601013057111,0.359399620839583,0.3761283074863706,0.3423272166288077,0.35835665230545816,0.35871132067200684,0.18065548144278704,2016-03-18
12,0.3613413360096095,0.19653039486023244,0.13869333896426306,0.26562370474215297,0.31329140230505953,0.33787528715141424,0.35792205906998276,0.3300110014564744,0.34347017406535013,0.3434207136821642,0.15149852477348513,2016-03-25
13,0.34586537953771085,0.17270286799551232,0.11001731614380539,0.24935306318100664,0.30008947806585773,0.318455376060134,0.3414417249966264,0.3200842242979784,0.3306475645201994,0.32993693228748955,0.1274521816400075,2016-04-01
14,0.33192220683888995,0.1535582803153644,0.08601063091536465,0.23681607322122789,0.2890372998625371,0.3016062599221584,0.32703176544222423,0.3121776729563053,0.3199548356998875,0.3182820721776994,0.10912990066911765,2016-04-08
15,0.3195462469105635,0.1395235674684876,0.06713296020976223,0.2281533791833686,0.28011783901970067,0.28771478192964395,0.31498777076758844,0.30597546707726675,0.3114348779398567,0.3084782290860961,0.09701813834241318,2016-04-15
16,0.3087719289447061,0.13061020540797608,0.05358977460383357,0.22320938366288068,0.27331406709063033,0.2768052957059075,0.3053825853965715,0.3014048099212402,0.3050251941604295,0.3005474989446466,0.09102452790883914,2016-04-22
17,0.29963368218869335,0.12671136598469884,0.045514158219587375,0.22174413303077278,0.2686089556937252,0.2687989342647552,0.2982256257999051,0.2984621239510692,0.30063327771983694,0.2945119777418876,0.09089187997964426,2016-04-29
18,0.29216593588990486,0.1277202124891707,0.04303918994122813,0.22351766755412994,0.26598547644738946,0.26361682315106366,0.2935263038587444,0.29714383663822264,0.29816661980485115,0.2903937614663601,0.096362993239693,2016-05-06
19,0.28640316552326417,0.13352834099499933,0.04629687486931766,0.22828994833979693,0.26542668811388187,0.2611800132009069,0.291293836726418,0.29744673218590134,0.2975327734656059,0.288215048504478,0.10717848818873682,2016-05-13
20,0.28238425456453875,0.14387790650904642,0.055316828082753955,0.23581338821540737,0.2669239590076169,0.2614024314354572,0.2915188733963522,0.2994016107464158,0.2986451906974813,0.2880078013329114,0.12287128573787842,2016-05-20
21,0.28015607409548793,0.1582402663676723,0.06994312677615139,0.24582672199845296,0.2704837149329995,0.2641850960247763,0.2941584160568718,0.3031009117522244,0.3014280127974389,0.28982167564314476,0.14259794060922898,2016-05-27
22,0.2797663376593037,0.17605821658440007,0.09000027926304183,0.2580672418719201,0.27611396982416947,0.26942766362845444,0.2991659181314207,0.30864357579724866,0.30580650847462576,0.29370819324914194,0.1654753117763766,2016-06-03
23,0.28126275879917817,0.19677455317275278,0.11531279385695709,0.2722722400187952,0.28382273761526705,0.2770297909060822,0.3064948330434427,0.3161285434754102,0.3117059464381884,0.2997188759648671,0.19062025821290962,2016-06-10
24,0.2847041481022807,0.21986384005035298,0.1456961513367765,0.28820839620372707,0.2936304379113868,0.2869081578354633,0.3161063778718249,0.32565527552822116,0.31907288493450003,0.30791825607359813,0.21719924145720793,2016-06-17
25,0.2903192337144658,0.24528707019828638,0.18082760317886248,0.3060923718388999,0.30574744552792865,0.2992401048619515,0.328080646522663,0.33733119717935217,0.3281798668774166,0.31857008172075446,0.24513823582700983,2016-06-24
26,0.2984695561781067,0.27338544338824206,0.22027635690532876,0.32649254679020606,0.3205326096752106,0.31440671206582,0.34259065041119185,0.3512699589182471,0.33955423406827734,0.3320938138355328,0.2749568724298155,2016-07-01
27,0.30952019055059277,0.30451027777427203,0.26360874468185713,0.34998666115035826,0.338348730888819,0.3327944816175824,0.35981187375142043,0.3675853769063503,0.35373010923036385,0.3489130573064807,0.3071905812660946,2016-07-08
28,0.3238362118893131,0.33901289151042824,0.31039109867412934,0.3771524550120691,0.3595586097043404,0.3547899156877521,0.3799198007573578,0.386391267305106,0.3712416150869578,0.3694514170221453,0.34237479233631685,2016-07-15
29,0.34172023903523785,0.3770501821468639,0.36004495008724047,0.40834671035199105,0.3843317237173932,0.3805636529633795,0.40294472953301413,0.40769146930390887,0.3924208375921076,0.39391307652779833,0.3808279352781856,2016-07-22
30,0.36315023450081924,0.4177684211812906,0.41123913406294355,0.4427776373179108,0.4118326302849571,0.40916424293014336,0.4281622600574316,0.43091814609232065,0.41654964673280886,0.421361635904153,0.4217404408671278,2016-07-29
31,0.38799900155192485,0.4599865288019938,0.46239868038952747,0.47928141281026293,0.44090038362148704,0.43927677979916857,0.4546035384695474,0.45531828961217957,0.4425697376399233,0.4504912494911062,0.4639373704091162,2016-08-05
32,0.4161392895023946,0.5025232572494324,0.5119484937707681,0.5166940228575543,0.4703738709418144,0.46958617131058755,0.48129958549107854,0.4801387968030806,0.46942263091735553,0.4799958820841493,0.5062435977570522,2016-08-12
33,0.4474420866442918,0.5441968466909889,0.5583145820500056,0.5538505267960283,0.49909381008022957,0.49877982908112783,0.5072829584585833,0.5046274846613711,0.49605130014408194,0.5085716252126274,0.5474833597010121,2016-08-19
34,0.4815213903230341,0.583750809004961,0.600083937383731,0.5894507491084844,0.5261680664067442,0.5259105626035429,0.5318104573092134,0.5281664366978926,0.5216107557087846,0.5352249307625419,0.5863879246303035,2016-08-26
35,0.5174665286178687,0.6197760917979915,0.6361722153406992,0.6219184206166657,0.5512499101134278,0.5507771727682461,0.5545966926626864,0.5504118531367412,0.5456888995039169,0.5595958781569733,0.621498757895468,2016-09-02
36,0.5543028218836868,0.650845030395661,0.6655351672194025,0.6496435897292359,0.5740591487784009,0.5732694686775506,0.5754121263613206,0.5710533754347176,0.5679264445962009,0.5814018470524105,0.6513341695731045,2016-09-09
37,0.5910555904753809,0.6755299601235507,0.687128544318333,0.6710163048548593,0.5943155899797842,0.5932772594337695,0.594027220247434,0.5897806450486227,0.5879641040523591,0.6003602171053426,0.6744124697398126,2016-09-16
38,0.6267604116249262,0.69247650115539,0.6999779485671647,0.6845083392280636,0.6117477228026602,0.6106950097338523,0.6102193169496548,0.6062916261632354,0.6054537865396222,0.6161987778685493,0.6893318836706656,2016-09-23
39,0.6606408246221132,0.7016732526975695,0.704389027300107,0.6900891116452541,0.626243128997467,0.6255025002184869,0.6238918527158984,0.6204368008364167,0.6202525653277491,0.6288360851009759,0.6961551199364309,2016-09-30
40,0.6920850178780193,0.7042852232818907,0.7017887092073871,0.689039933465791,0.6378287507146017,0.6377542457344645,0.6350587180200942,0.6322002522052864,0.6323972317206501,0.6383578000326497,0.6962277305209629,2016-10-07
41,0.7204867484475707,0.7015172091080217,0.6936418461486722,0.6826864859332614,0.6465362434514127,0.647507288735003,0.6437375390393522,0.6415705819663243,0.6419306553159878,0.6448552356143374,0.6909386548129444,2016-10-14
42,0.7452397733856929,0.6945740063756308,0.6814132899836295,0.6723544502912526,0.6523972627052484,0.6548186716733199,0.6499459419507827,0.6485363918160101,0.6488957057114251,0.6484197047968053,0.6816768322010578,2016-10-21
43,0.7658205428418671,0.684583347044008,0.6664551831791814,0.6592693646556865,0.6554559290440466,0.6597483939135034,0.6537119561815641,0.6531016024235643,0.6533459747034667,0.6491506698259085,0.6697215593379626,2016-10-28
44,0.7821965695709545,0.6722153267139883,0.6494503575621094,0.6440620796967373,0.6558303852993062,0.6623740140652333,0.6551253895589975,0.6553611042629579,0.6553987265261683,0.6471959865177228,0.6557010331937877,2016-11-04
45,0.7945159266997788,0.6579717712175412,0.6308355440001363,0.6271447835653218,0.653665991784158,0.6627795471530762,0.6542987654069079,0.6554432367851417,0.6551946373347579,0.6427213046741496,0.6400040458245548,2016-11-11
46,0.802926966444357,0.6423542462948246,0.6110470929667845,0.6089293264293012,0.6491081508813461,0.6610490181811718,0.6513446421600894,0.6534763911425993,0.6528744194718847,0.6358923016009613,0.6230190192420523,2016-11-18
47,0.8075781363484678,0.6258638530258296,0.5905209840074542,0.5898272234153178,0.642302305787419,0.6572665270132778,0.6463756235037241,0.6495889698834315,0.6485787881109788,0.6268746736635202,0.605134058641511,2016-11-25
48,0.8086414264851285,0.6088869381375793,0.5696015907591849,0.5701672465163077,0.6334039792409896,0.6515346611467205,0.6395154883418017,0.6439121898633798,0.6424491575266238,0.615838824260502,0.5866590269206662,2016-12-02
49,0.8063430930690514,0.5915453365913909,0.5484221328596885,0.550087442651775,0.6225919275870674,0.6439986225546417,0.6309137747480733,0.6365837549904324,0.6346285534397291,0.6029660066246917,0.5677234364482465,2016-12-09
50,0.8009170122876983,0.5739237409908627,0.5270861800089669,0.5296990774035983,0.6100481695999056,0.6348095970729439,0.620723637861471,0.6277422800750263,0.6252602278481553,0.5884389975068117,0.5484314750338063,2016-12-16
51,0.7925970603285315,0.5561068439395938,0.505697301907022,0.5091134163536561,0.5959547240537576,0.6241187705375302,0.6090982328209271,0.6175263799275985,0.6144874327497628,0.5724405736575845,0.5288873304868998,2016-12-23
52,0.7816171133704903,0.538179338039807,0.48435906825402497,0.48844172508445843,0.5804936097204892,0.6120773287811342,0.5961907147628623,0.6060746693558146,0.6024534201396189,0.5551535118260992,0.5091951906168374,2016-12-30
53,0.7682110474030055,0.5202259158631479,0.46317504875392446,0.4677952691925633,0.5638468453188806,0.5988364575660324,0.582154238767853,0.5935257631057098,0.5893014419506781,0.5367605887251298,0.48945924322751316,2017-01-06
54,0.7526127382295476,0.5023312699512564,0.4422488131143746,0.4472853142883138,0.5461964495156203,0.5845473425853629,0.5671419598616773,0.580018275862845,0.5751747500549457,0.5174445810318152,0.4697836761175065,2017-01-13
55,0.735056061645774,0.48458009284451137,0.4216839310431849,0.42702312598263137,0.5277244409752077,0.5693611695293584,0.5513070330678103,0.565690822310239,0.5602165963218658,0.4973882654217971,0.45027267708517266,2017-01-20
56,0.7157748934473426,0.4670570770832919,0.40158397224816544,0.407119969886438,0.5086128383621425,0.5534291240882524,0.5348026134097279,0.5506820171309117,0.5445702326208831,0.4767744185707171,0.43103043392886775,2017-01-27
57,0.6950031094039136,0.4498469152135964,0.38205250645134387,0.3876871116266414,0.48904366034240115,0.5369023919481911,0.5177818559101074,0.5351304750049714,0.5283789108188439,0.45578581715999933,0.41216113445862373,2017-02-03
58,0.6729745851083244,0.43303429981964203,0.36319310347145306,0.36883581693887657,0.46919892559200055,0.519932158767525,0.5003979155861971,0.5191748105927281,0.5117858827649236,0.4346052379103963,0.3937689665638894,2017-02-10
59,0.6499231960797782,0.41670392350156105,0.34510933316749526,0.3506773516040551,0.4492606527911387,0.5026696101930285,0.4828039474529843,0.5029536385462472,0.49493440030093866,0.4134154575590376,0.37595811816718405,2017-02-17
60,0.6260828178372362,0.4009404788595383,0.3279047653986062,0.33332298140323824,0.42941086062002787,0.48526593187143874,0.465153106525449,0.48660557351756684,0.4779677152686816,0.39239925284310706,0.3588327771911366,2017-02-24
61,0.6016873258996009,0.38582865849384645,0.3116829700240615,0.31688397211763697,0.40983156775895874,0.4678723094495316,0.44759854781862934,0.4702692301587671,0.4610290795099905,0.37173940049989473,0.34249713155850114,2017-03-03
62,0.5769705957571344,0.3714531550475324,0.2965475169716576,0.30147158960181525,0.3907047929266132,0.45063992859313023,0.4302934263758608,0.45408322314226357,0.4442617448889501,0.35161867731856544,0.32705536925338813,2017-03-10
63,0.5521665028253916,0.3578986612752204,0.282601976347927,0.2871970999016764,0.3722125549418163,0.43371997501774273,0.41339089731429324,0.43818616719351844,0.42780896332767654,0.33221986022359923,0.31261167841995424,2017-03-17
64,0.5275089225078996,0.34524986994949836,0.26994991828817794,0.27417176909392926,0.3545368726395161,0.4172636344468764,0.39704411576296045,0.4227166770465341,0.4118139867576285,0.3137257261612617,0.2992702472281234,2017-03-24
65,0.5032317302081859,0.3335914738429544,0.25869491292771896,0.26250686325528266,0.3378597648546607,0.40142209260403866,0.38140623685089636,0.40781336743531305,0.39642006711026506,0.2963190520778186,0.2871352638478198,2017-03-31
66,0.47956880133072693,0.3230081657325312,0.24894053040795838,0.2523136484689122,0.322363250426856,0.3863465352159385,0.3666304157109477,0.3936148530970289,0.3817704563204062,0.2801826149251928,0.27631091645465855,2017-04-07
67,0.45675401130606497,0.3135846385146791,0.24079034103769903,0.2437033909954578,0.30822934832353766,0.3721881480971535,0.3528698075806038,0.3802597488558853,0.368008406415116,0.26549919181055975,0.2669013933804387,2017-04-14
68,0.4350212355933926,0.30540558521720707,0.23434791530973847,0.23678735729062256,0.2956400776526482,0.35909811715884354,0.340277567812374,0.3678866696317461,0.35527716952285043,0.25245156001174346,0.25901088312863124,2017-04-21
69,0.4146043496533699,0.29855569887465555,0.2297168237263031,0.2316768138201058,0.2847774575293299,0.34722762831711756,0.32900685176466116,0.35663423034937713,0.3437199977772607,0.24122249681531288,0.2527435742115043,2017-04-28
70,0.3957372289466574,0.29311967252156534,0.2270006367896194,0.2284830270496067,0.2758235070687254,0.3367278674880848,0.3192108147958686,0.3466410459335445,0.3334801433119985,0.2319947795078372,0.24820365514132625,2017-05-05
71,0.3786537642211083,0.28918220753105217,0.2263029512011539,0.22731728731744894,0.26896020567114365,0.3277500286001336,0.3110426310219704,0.338045749117875,0.3247008832696995,0.22495120417537212,0.2454953458304543,2017-05-12
72,0.36358796573571517,0.2868280704649571,0.22772756848094877,0.22829107159167827,0.26436922225705645,0.32044536821948527,0.3046556212005568,0.33098711186085483,0.31752569030647626,0.22027471387327913,0.24472311166865157,2017-05-19
73,0.35077389998075514,0.28614205855712244,0.23137838651840303,0.23151594465164532,0.2622320796628111,0.3149651723841394,0.3002031750856863,0.3256039716277734,0.3120981290696486,0.21814832080756874,0.24599153354545794,2017-05-26
74,0.3404456337741635,0.28720896922011513,0.23735930376445663,0.23710347178837388,0.2627302998735287,0.3114607273038268,0.29783868283345716,0.322035166265626,0.308561764742566,0.21875503758718995,0.24940519302342623,2017-06-02
75,0.33283725871294884,0.2901136237325704,0.2457742556387501,0.24516523426154674,0.266045387572952,0.3100833451135221,0.2977155657556094,0.3204195686157283,0.30706020524845545,0.22227789953956606,0.25506871998586084,2017-06-09
76,0.3282144798687812,0.29497129202354416,0.25677434272560895,0.25583318636055924,0.2723367741151068,0.31101741372239644,0.3000269939495809,0.32094069774289075,0.3077915866198573,0.22892892652684055,0.2631483925791945,2017-06-16
77,0.3269365399937644,0.30198733523045057,0.2706502174981997,0.2692995619221538,0.28169858047345053,0.3145451853595036,0.3050837458824698,0.3239141715789586,0.31111538219621193,0.2390058976064104,0.2739928933074175,2017-06-23
78,0.32937989917848376,0.3113836974423161,0.28771821953348353,0.28576769034761346,0.2942129060390851,0.3209669259903182,0.31321824801498865,0.32967992329319024,0.31742076242950085,0.2528223774002256,0.2879844795670136,2017-06-30
79,0.3359210175135249,0.3233823227481671,0.3082946884084213,0.30544090103822097,0.3099618502031128,0.33058290158031445,0.3247629268078501,0.33857788605484407,0.32709689777170525,0.27069193053023616,0.3055054087544665,2017-07-07
80,0.3469264646490326,0.3382004899199854,0.33268403543197056,0.32851143698813046,0.3290239284199584,0.34368944467068624,0.3400435325542581,0.3509427284778969,0.3405278436062026,0.2929192984568257,0.3269279876269038,2017-07-14
81,0.3624206915910144,0.35589410049368553,0.3607780631015,0.3547880530548386,0.3513536847633903,0.3604468273521425,0.3591548813044101,0.36692701378619474,0.3579207207960181,0.31950402206916173,0.35228032196624426,2017-07-21
82,0.3820067932242368,0.37632030248089665,0.39196040152617334,0.38360719696913986,0.37675297914046,0.3808477485513666,0.38190736860537594,0.3864590227151621,0.3792647362012809,0.3500697547358338,0.381166596817182,2017-07-28
83,0.4052619105941043,0.39932400147696,0.4255833794435427,0.4142762242458192,0.40501426672873725,0.40487458536331533,0.4080938708472056,0.40945322110260457,0.4045356740575501,0.38421699666867093,0.41316488541503776,2017-08-04
84,0.4317631847460199,0.4247501030772155,0.46099932559115836,0.4461024903996601,0.43593000270578997,0.4325097148829442,0.4375072644199475,0.4358240747863264,0.4337093186003831,0.4215462480794999,0.44785326099513034,2017-08-11
85,0.4610026919363436,0.45237766260575496,0.4974927431333608,0.47838099972849885,0.4692005645777948,0.46361264476517994,0.469829084565807,0.46537471656494234,0.4666088200540802,0.4615412599038562,0.48470862497064954,2017-08-18
86,0.49170465715651995,0.4813913271169063,0.5337358965777045,0.5102952662453707,0.5036951756537108,0.4969337815197345,0.5037358274012824,0.4969033133054521,0.5016795527155461,0.5026319265934438,0.5222946347149215,2017-08-25
87,0.5221859882471138,0.5106604317107654,0.5680762801061158,0.5409696624247964,0.5378421621898765,0.5306351938633803,0.5373708523640511,0.5286749340228366,0.5366360308949424,0.5426891100893185,0.5586905048747037,2017-09-01
88,0.5507598531760202,0.5390514163808573,0.5988584059498177,0.5695280177201587,0.5700658022486523,0.5628735485590864,0.568872623779247,0.5589497529760302,0.5691860583495256,0.5795785394516754,0.5919710020785218,2017-09-08
89,0.5757394925145339,0.5654307505615794,0.6244268675454875,0.5950941894749324,0.5987904281813349,0.5918055778850624,0.5963796812519421,0.5859880091058163,0.5970375376246286,0.6111660348531047,0.62021097796544,2017-09-15
90,0.5958791682438841,0.5888437390451136,0.6436195319814757,0.6169614503482459,0.6227701445418031,0.615985979283405,0.6184878441376932,0.608442844169616,0.6184984486297982,0.6358708687461849,0.6420016713915295,2017-09-22
91,0.6114165250913015,0.6089372022828338,0.656933400364269,0.6349929041922021,0.6418682500962889,0.6353080125524213,0.6353309997331703,0.6262889349930536,0.6338951413316555,0.6539738594050266,0.6576711980871122,2017-09-29
92,0.6229007501061723,0.6254842919685273,0.6652139276745618,0.6491713316810692,0.6561809982827487,0.6499460644119277,0.6473660627258497,0.639778509226089,0.6439778668755601,0.666146789815715,0.6679124553307376,2017-10-06
93,0.6308810303378821,0.6382581597959807,0.6693065688930483,0.6594795134891144,0.6658046425391388,0.6600745215817397,0.655049947803207,0.6491637945186816,0.6494968764068714,0.6730614429643349,0.6734183404009559,2017-10-13
94,0.6359085803982203,0.6470422511550527,0.6700577868528051,0.6659094049622267,0.670845835374882,0.6658765305655715,0.6588451842784409,0.6547031439032609,0.6512059256256848,0.675395203143305,0.674886626788698,2017-10-20
95,0.6386254111875602,0.6520809735236988,0.6683591770326925,0.6688638124913324,0.6718769102039092,0.6679275098216293,0.6594657300652397,0.6569292112148306,0.6500157077264471,0.6740762867898482,0.6732334496914851,2017-10-27
96,0.6397989180837392,0.65425529663862,0.6651646605120589,0.6693129042439335,0.670113279114262,0.6673445829240975,0.657972751583096,0.6567534439960998,0.6470536376003891,0.6703792951758308,0.6696764893248769,2017-11-03
97,0.6402056683696916,0.6544927549209468,0.6614327175031243,0.6682683510398182,0.6668173955557841,0.6652844993084687,0.6554528136383562,0.6551149986418511,0.6434629833837013,0.6656041677082267,0.665455483996023,2017-11-10
98,0.6406222293283517,0.6537208827918093,0.6581218282181088,0.666741823698775,0.6632517129783189,0.6629040084102358,0.6529924810373662,0.652953031546867,0.6403870132125739,0.6610508437940095,0.6618101720120732,2017-11-17
99,0.6417486786022703,0.6528092460842163,0.6561150818189565,0.6656641543549328,0.6605875367704516,0.6612733013076006,0.6515874951632906,0.6511347455471141,0.6388590100779209,0.6579087622817514,0.6598732160807262,2017-11-24
100,0.6434833158286613,0.6520197735874733,0.6555053050790358,0.6651188096715244,0.6590407421425142,0.6605552489932504,0.6512815701350574,0.6497731134864314,0.6387593731297301,0.6562090755271128,0.6596548934452229,2017-12-01
101,0.6452458575139413,0.6512516941454803,0.6559136153389817,0.6646834619182084,0.6582569058395242,0.660371141019285,0.6515501528134636,0.6485309065960279,0.6392803425084334,0.6552915520208342,0.6604955268901302,2017-12-08
102,0.646449614904114,0.6503993822989813,0.6569548166752095,0.6639290139141596,0.6578739718464868,0.6603350185206782,0.6518610844845625,0.6470648706992331,0.6396049481726198,0.6544867069109969,0.6617264726642219,2017-12-15
103,0.6465078995914461,0.6493572125977176,0.6582437130755939,0.662426368740475,0.6575298841830471,0.6600609226347901,0.6516822066598904,0.6450317518746351,0.638916220681203,0.6531250557697406,0.6626790871303309,2017-12-22
104,0.6449527899990399,0.6480226456055305,0.6593647396224902,0.6598362677868244,0.6568744683958685,0.6591637131534729,0.6505587006659682,0.6421758487354978,0.6366030996425288,0.650682564608103,0.6627238487071523,2017-12-29
105,0.6417712243097521,0.6463049608732833,0.6597860228887852,0.6561635201524101,0.6556030545591561,0.6572613851967063,0.6483319481187065,0.6385767734216674,0.632843126500124,0.6471922535508626,0.6613810676208409,2018-01-05
106,0.6370590168803689,0.6441162669690451,0.6589478496017098,0.6514952916958165,0.6534218648050493,0.6539726843631027,0.6449142297485979,0.6343943994130152,0.628002604065668,0.6428204803489026,0.6582069181492278,2018-01-12
107,0.6309119820676773,0.6413686724608852,0.6562905064884954,0.6459187482756286,0.6500371212656875,0.6489163562512751,0.640217826286135,0.6297886001894125,0.6224478351508408,0.6377336027531063,0.6527575745701442,2018-01-19
108,0.6234254080006985,0.6379632970148951,0.6512455788747002,0.6395189544089953,0.6451516012888565,0.6417115003105164,0.6341531456923567,0.6249124170384932,0.6165363955620633,0.6320913736725975,0.644588857081301,2018-01-26
109,0.6146630091425488,0.6331419261785097,0.6427225679855106,0.6322548941269538,0.6382613951611307,0.6319984470309574,0.6265182297610682,0.6195089597136457,0.610102240790251,0.6256572555109366,0.6332353410732265,2018-02-02
110,0.6046395607741921,0.6251243776152474,0.6288217446905363,0.6238901267070672,0.6285422282242067,0.6194504350160288,0.6169369527268629,0.6126859440901787,0.6021677148372855,0.6175804603880614,0.6181986724853155,2018-02-09
111,0.5933656283544708,0.6120425577728046,0.6075737686460034,0.6141714006954164,0.6151422675449524,0.6037435336746049,0.6050182066687024,0.6034964285055012,0.5916853456629803,0.6069573616898336,0.5989776646160041,2018-02-16
112,0.5808517773422281,0.5920283730988789,0.5770092995081393,0.602845464638083,0.5972096801902363,0.5845538124155614,0.5903708836655496,0.5909934712970224,0.5776076612271499,0.5928843328021159,0.5750711307637298,2018-02-23
113,0.5671197074586818,0.5633814172302165,0.5354134419032922,0.5896845239374225,0.5740050619769828,0.5616174680466385,0.5726503860472427,0.5743097771673481,0.5589913447123972,0.5745381662759503,0.5461104916721693,2018-03-02
114,0.5523276063370446,0.5264568554732961,0.48419038114044183,0.5747728435684687,0.5461672019805803,0.5354077613002771,0.5520822560248874,0.5535543854623209,0.5361698525982801,0.5520814625740271,0.5133527192626245,2018-03-09
115,0.5367251868967736,0.48298826667113026,0.42683587787852373,0.5584039476362184,0.5152590702579911,0.506892209035357,0.5292743569622045,0.5294910404491644,0.510332812726087,0.5263378796107655,0.4791448383018229,2018-03-16
116,0.5205638511661657,0.43473466843437225,0.36688429302082703,0.5408752221450492,0.48286069272396215,0.4770474496598588,0.5048416080002325,0.5028955690436876,0.482685653670162,0.49814327518578994,0.44585399059707165,2018-03-23
117,0.5040950011735176,0.38345507837367493,0.3078699874706407,0.5224840530993389,0.4505520952932402,0.4468501215817626,0.4793989282800093,0.4745437981616998,0.454433804004849,0.4683335070987249,0.4158473179556781,2018-03-30
118,0.4875489433868173,0.3311541523604129,0.253197504113293,0.5035283005704164,0.4198661562057719,0.4173779588310235,0.4536684154857662,0.4453955581840365,0.4268423990968472,0.43791740902037807,0.3910731714779709,2018-04-06
119,0.47106393206772224,0.2809084089482715,0.2057049142732857,0.48430789325960144,0.39213002095844285,0.39014983446952295,0.42883984965893374,0.41721359369145883,0.40143710979465175,0.4086586090119645,0.3716524746917249,2018-04-13
120,0.45475311979308125,0.23608665256089978,0.16807581833803464,0.4651233239622216,0.3686147338564682,0.36680491561158957,0.40623054298372224,0.3919795956645834,0.3798146522785996,0.38252655976007743,0.3572078305220369,2018-04-20
121,0.4387296585786231,0.2000576941556853,0.14299381324192612,0.4462750854862154,0.3505913379509826,0.3489823720605973,0.38715781049518716,0.3716752599783393,0.363571744317171,0.36149071855229975,0.3473618307545835,2018-04-27
122,0.4231070053571091,0.1761687314019993,0.13311657212248168,0.42806377371840165,0.3393180403309869,0.3383058782683005,0.3729280992637213,0.358265499207704,0.35428925140970874,0.3475046879021194,0.34173526288051304,2018-05-04
123,0.4080242670251968,0.16594882786655074,0.1389210291608759,0.4107986556570645,0.33497327251045195,0.3350956222760588,0.3639336309459401,0.3523033958546491,0.3522145283420258,0.3411883488896658,0.3397971351054964,2018-05-11
124,0.39366523744294163,0.16775952249784187,0.15708486945099231,0.3948041049744101,0.3358542979910235,0.33740087861649914,0.35897387807148984,0.3518823642886232,0.3552717085228306,0.3408379941051948,0.34075202815288574,2018-05-18
125,0.38021819461840856,0.17964450652918384,0.18390453948958002,0.38040601123355766,0.34006961301073335,0.3430430452444319,0.3566884875232099,0.35484900157209753,0.36115179990938273,0.3445167538492975,0.34377798856517594,2018-05-25
126,0.3678714165596635,0.19964747119388726,0.2156764857733866,0.3679302639976275,0.3457277138076133,0.34984352011466724,0.3557171061839399,0.3590499047675434,0.3675458104589414,0.35028775842256493,0.34805306288486204,2018-06-01
127,0.3568499108557215,0.22581659087321232,0.24880720912197452,0.3577134987938523,0.3510228482008738,0.3557197854274385,0.3547671640977923,0.3624302910424525,0.37225660090985413,0.35629265851391534,0.35279919930498127,2018-06-08
128,0.3479097782382187,0.2562648642418469,0.28129454612978144,0.35024773293449063,0.35538919312284967,0.35997865815179864,0.3535262051900061,0.36436137971697624,0.37470437266927903,0.3618084741445013,0.3578731440464704,2018-06-15
129,0.3422067008711967,0.28915406218022405,0.3123336153317027,0.3461418891693748,0.359193817707529,0.36297225660314225,0.35241918699016084,0.3652872790963503,0.3755261745281318,0.36696644932685213,0.3636092497704929,2018-06-22
130,0.340906118886813,0.32264714660917704,0.3411487734555396,0.3460077451345749,0.36282657275897234,0.36507822585157046,0.3518890750178385,0.3656782979437404,0.37538877126763914,0.37191868862855937,0.37035353251403025,2018-06-29
131,0.34517347241722574,0.35490707944953936,0.3669643772290938,0.3504570784661617,0.36667730908124063,0.36667421096718394,0.35237883479262144,0.36600474502231234,0.3749589276690276,0.3768172966172148,0.3784520083140642,2018-07-06
132,0.35595734102483767,0.38449849103004413,0.389362473167022,0.36002002562796986,0.3712163506161623,0.3682874944743421,0.35441676182166304,0.36685920427891705,0.3749949405025804,0.38194121984481416,0.3882406087116525,2018-07-13
133,0.37312751013045414,0.4119841505102845,0.4097044706575861,0.37482059107735477,0.3773143428102009,0.3711897450677462,0.35895563399173397,0.3694425295361676,0.3767104413819538,0.38820039273652457,0.4000050989352976,2018-07-20
134,0.3962189542218305,0.4385469627184916,0.42990401618505547,0.3948567335037284,0.38596617354989105,0.37688365663831547,0.3670799701178343,0.37514435521604905,0.3814603781162498,0.39670058099839733,0.41401567476492335,2018-07-27
135,0.4247665443795432,0.46537002401331734,0.4518749267934797,0.42012637266695696,0.3981667690943492,0.38687199442966713,0.37987432970347257,0.38535437404589773,0.39059974216042365,0.4085476108194548,0.43054252717179053,2018-08-03
136,0.4582993596998912,0.49362927584588173,0.4775201127533308,0.45062075083997544,0.41490532739337094,0.40264951886890454,0.39841607520413974,0.40145428771205566,0.40547578345653795,0.424841104828255,0.44985282199807425,2018-08-10
137,0.4956197945087072,0.5236029772689149,0.5073740782978228,0.4854933269342123,0.43645235053288167,0.42470667511369375,0.42287959956858673,0.4238232109615224,0.4264644717688928,0.44590236294122804,0.47183418067939403,2018-08-17
138,0.5341047889981207,0.5538085067751841,0.539287082549131,0.5222541763689119,0.4616685573865214,0.4515638582937637,0.45166804407179884,0.45087359878019706,0.45203652798271104,0.47052593871593335,0.49562971593832567,2018-08-24
139,0.5709655191987627,0.5825584724038713,0.5707972373427717,0.5582222676871568,0.4892507250169972,0.4815123690465877,0.4829785734921731,0.48078920591133506,0.48044111413019996,0.497328842410558,0.5202959625714155,2018-08-31
140,0.603413161141264,0.6081654821941579,0.5994426545142607,0.5907165694320293,0.5178956304870161,0.5128435080096393,0.5150083526081068,0.5117537870981922,0.5099273922435671,0.5249280842832894,0.5448894553752099,2018-09-07
141,0.6287793614100191,0.6290091868907001,0.6228562443648411,0.6171608232011605,0.5463047988333467,0.5438637434691067,0.5459788392145742,0.5419744243200729,0.5387665991496869,0.5519524202052145,0.568474457050511,2018-09-14
142,0.6464722249098638,0.6446248008116404,0.6403048854707692,0.6367846631864977,0.5732615922715524,0.5731409768115889,0.574530211157441,0.5700602731906791,0.5656104579405772,0.5772330561472597,0.5902484302427764,2018-09-21
143,0.6576510937216076,0.6555221140078341,0.6524335076599908,0.650340771847247,0.5976183926110239,0.5994635960859768,0.5996557851403195,0.5949595889767593,0.5894315850707175,0.5997719398369388,0.6095211753663546,2018-09-28
144,0.663530144042477,0.6622414320993111,0.6599301898117627,0.6586295207889741,0.6182297427781597,0.6216268931412156,0.6203599352253033,0.615631244712952,0.6092126446935737,0.6185763652070014,0.6256060103159125,2018-10-05
145,0.6653235520696983,0.6653230607061009,0.6634830108053417,0.6624512816172446,0.6339501856993579,0.6384261598262504,0.6356470354744852,0.6310341134338957,0.6239363009626114,0.6326536261901974,0.6378162529861164,2018-10-12
146,0.6642134949175756,0.6653717334296143,0.6638281437513452,0.662653509042364,0.6439200697465262,0.6489677697626979,0.6448214654440485,0.6404362342352338,0.6328779326573157,0.6412658273499258,0.6456513577328703,2018-10-19
147,0.6612004197326351,0.6633580848256445,0.6619748996855299,0.6603510532849478,0.6489028965091393,0.6541247997199692,0.6488914031680257,0.6448614696042508,0.6369753105602567,0.6451221999629048,0.6496678896169671,2018-10-26
148,0.6572207017646283,0.6603817538649708,0.6590288889230638,0.6567530392619864,0.6502344370084866,0.6553932067942562,0.6494657289285757,0.6459527265175775,0.6377523091666802,0.6454421836910076,0.6507951155094203,2018-11-02
149,0.6532106440831227,0.6575425248482747,0.6560958302650519,0.6530686980956131,0.6492511069558886,0.6542696497874771,0.6481539997288726,0.6453536093363095,0.6367334632468705,0.643445792971278,0.6499627221484042,2018-11-09
150,0.6501048693878572,0.6559378462855763,0.6542792563431673,0.6505049015569319,0.6472880036663573,0.6522490219993464,0.6465634508316729,0.6447051337167754,0.6354411036181188,0.6403518508358457,0.6480996423030316,2018-11-16
151,0.6484945711206231,0.6561877843631748,0.6542358966311426,0.6497863238914322,0.6454107743264185,0.6504653883561184,0.6458268067250218,0.6451192431180591,0.634947123385606,0.637135684332515,0.6459807146667691,2018-11-23
152,0.6482109036113882,0.6578559162556592,0.6556336659706947,0.6505704938681774,0.6440887493219888,0.6492542689014013,0.646026657875428,0.646536997757416,0.6353265574348894,0.6342337425091042,0.6440397542093295,2018-11-30
153,0.6489831365216829,0.6603641948040921,0.6580079267475398,0.6523718874036226,0.6437113216534359,0.648844137239567,0.647104822314226,0.648742498757475,0.6365208099375204,0.6320102368068362,0.6426648610306467,2018-12-07
154,0.6505405395130377,0.6631345728495366,0.660894041347394,0.654704980414223,0.6446678843211282,0.6494634669749878,0.64900311807275,0.6515198472408653,0.6384712850650507,0.6308293786669342,0.6422441352306544,2018-12-14
155,0.6525926714367266,0.6655887736009072,0.6638287123721529,0.6570787172485427,0.647308941799182,0.6513110887298174,0.6516451273764475,0.6546424131478903,0.6411021520533347,0.631029638428251,0.643138868137306,2018-12-21
156,0.6544388713122857,0.6671437411809285,0.6663765348973578,0.6588869196995608,0.6511756536140431,0.6539689057132898,0.6545749102938702,0.6576602298968824,0.6439788880129574,0.6324137646330279,0.645152409026047,2018-12-28
157,0.6549908778510884,0.6672119041449714,0.6681284584810601,0.6594146348629615,0.6550444616289511,0.6564359111023561,0.6569779315903045,0.6599123091611419,0.6463280562148174,0.6342783237294419,0.6475609300473825,2019-01-04
158,0.6531452474216543,0.6652055141731819,0.6686764649890278,0.6579426491186526,0.6576618536397617,0.6576882654296777,0.6580256098171278,0.6607293968711017,0.6473629446408007,0.6359000549623971,0.6496199537710852,2019-01-11
159,0.6477985363925027,0.6605368229457054,0.6676125362870289,0.6537517488465414,0.6577743174423301,0.6567021292279156,0.6568893635257173,0.6594422389571947,0.6462968412727937,0.6365556975767979,0.6505850027669277,2019-01-18
160,0.6378932962558952,0.6526846421844441,0.664505265891185,0.6461682247108081,0.6542514307913634,0.6525480410904982,0.6528253766802674,0.6554405305582753,0.6424228149625639,0.6355348465168665,0.6497280651247606,2019-01-25
161,0.6226709777374619,0.6415603239293954,0.6587712581672351,0.634814076889546,0.6467626713297193,0.6449098552781563,0.6456406811359298,0.6484970481438185,0.6355523904090458,0.6322106394669698,0.6464281300886422,2019-02-01
162,0.6014924738591384,0.6272480664612637,0.6497663815167252,0.6194294732221814,0.6352971624831449,0.6337165114298502,0.63536243155068,0.6385376502547566,0.6257042710189298,0.6259895983948996,0.6401069453380477,2019-02-08
163,0.5737189914088503,0.6098325221149155,0.6368463447923612,0.5997548919657589,0.6198448673629795,0.6188975930055202,0.622018360828652,0.6254885975671878,0.612897704441895,0.6162783329664672,0.6301863708756673,2019-02-15
164,0.5387138975150477,0.5893984243882813,0.6193673930708224,0.575531497076568,0.6003962815236323,0.6003831367944001,0.6056362845044628,0.6092763886741946,0.5971521096127742,0.6024841342833224,0.616088925893548,2019-02-22
165,0.49666294299893693,0.5660614033807078,0.5968898975127979,0.546761479821225,0.5771445873146851,0.578275749888561,0.5862754733209135,0.5899180907833363,0.5785521091302288,0.5842736977935894,0.5974880652907699,2019-03-01
166,0.4498098586679113,0.5400144066139569,0.5694850460659016,0.5141002411362816,0.5507901821139458,0.5531098891754681,0.5640739133327456,0.5676574151828058,0.5573454949703901,0.5619628672177562,0.5746851998311087,2019-03-08
167,0.4007150607990968,0.5114622793466009,0.5373026320360116,0.47830369897621255,0.5221115144127155,0.5254864653255317,0.5391817034411348,0.5427729495384184,0.5338051678914463,0.535967378319451,0.5480783711976476,2019-03-15
168,0.3519389656696137,0.4806098668372092,0.5004924487290028,0.4401277712954888,0.4918870327022926,0.49600638900915967,0.5117489425472539,0.5155432815159866,0.508204028651583,0.5067029668622983,0.5180656210734672,2019-03-22
169,0.3060182051599422,0.44768667033194837,0.4592499898764764,0.4003519223699388,0.460904823075727,0.46528713049639336,0.48195760512865676,0.4862737661531325,0.48083508879228004,0.4746152868290102,0.48506579203974454,2019-03-29
170,0.2648822031881139,0.41355165047478365,0.41493746631451955,0.3603567464525507,0.4301990164851435,0.4343689212860183,0.4508034388299363,0.45595312084208867,0.45250478165535923,0.4409137946699764,0.45002876688594273,2019-04-05
171,0.22981774035392383,0.3797299612093528,0.3701518930942999,0.32215904843105203,0.40106414739257834,0.40473942554513065,0.4201434545212921,0.42629330489264944,0.424562924579275,0.4076163231788755,0.41446645897864165,2019-04-12
172,0.20208071864154142,0.3477787666570312,0.32754961684899564,0.2878062027223248,0.37480726248833685,0.377907806304964,0.39187604624045635,0.39904102894329896,0.39838544416884714,0.37677954713479755,0.3799177869074951,2019-04-19
173,0.18292704003513494,0.3192552309391938,0.2897869842117843,0.2593455837432507,0.3527354084627243,0.3553832265967515,0.3678996080251609,0.3759430036325211,0.37534826702889523,0.3504601413168321,0.34792166926215673,2019-04-26
174,0.17345804288476208,0.29566218722243665,0.2593609526275922,0.2386560428574685,0.33601635221359816,0.338514027820664,0.3499212088787423,0.3585738915877496,0.356722894664235,0.3305182874654001,0.31997710087172726,2019-05-03
175,0.17362205195178282,0.2780971706903963,0.23757946829041093,0.2263592833839656,0.3247788614314927,0.3274488543909846,0.3382206715717171,0.34722491191628035,0.3430018383599148,0.3173483688168153,0.2972852533503557,2019-05-10
176,0.18284639433439553,0.267474579654709,0.22521321392285398,0.22250895705939588,0.31868222437985816,0.3217942588227544,0.3324329071759512,0.34160735033924094,0.3343256169456443,0.31068243678165197,0.2809127247039113,2019-05-17
177,0.20055584793403314,0.2647079163540429,0.22303024346356587,0.22715593619286611,0.317383432199677,0.32115414122196406,0.33218967126582294,0.3414296550135672,0.3308330269823151,0.31024930203781276,0.2719254544811675,2019-05-24
178,0.22617486732299702,0.2707099952931886,0.231797788630223,0.24035063439634224,0.3205395345706919,0.32513244036621114,0.33712267836385224,0.34640023522839875,0.33266269144841326,0.31577765988664186,0.2713887422408532,2019-05-31
179,0.25884089879218547,0.2857831529847948,0.2515532235281482,0.2617362954177783,0.32785954404007656,0.3333674225034667,0.346827202652211,0.3561929986503449,0.3397991501190051,0.3268937897787274,0.2797997901267487,2019-06-07
180,0.2968773342910882,0.3084982000865413,0.2802637946863984,0.2898012890277296,0.3391998577448101,0.3455947184112259,0.3607951609565626,0.37038399446099773,0.35178990973279656,0.3429334845364356,0.2960444803418889,2019-06-14
181,0.3384642267663183,0.33712105951474153,0.3155322397707891,0.3228306343407252,0.3544428243573727,0.3615671028509495,0.37850027089931204,0.3885320408821069,0.36810552408264174,0.36318138798443006,0.3187249732517504,2019-06-21
182,0.3817816291644882,0.3699176541857085,0.3549612964471351,0.3591093504712936,0.3734707925502439,0.38103735058409793,0.39941625010286397,0.4101959561354218,0.38821654696139385,0.38692214394737406,0.3464434292218095,2019-06-28
183,0.4250272403150319,0.40516613292763626,0.3961763153983533,0.3969372454544182,0.39615825953807215,0.4037534214173105,0.4230164649418101,0.43493099865939,0.4115913434048736,0.4134410855698488,0.37780828735882055,2019-07-05
184,0.46696231560689627,0.4415351035163517,0.4375248392344081,0.4350864410775185,0.4221289705266821,0.42930949994503986,0.44876306398926785,0.46217873809307086,0.4376283761154709,0.44204556080657453,0.4116285109296543,2019-07-12
185,0.5070163247195321,0.47815614455866445,0.47821072029672274,0.472889085967648,0.45070935171666693,0.4571174380524978,0.4761048947660903,0.49124594220136086,0.46564322394417224,0.47206902077883117,0.44695082657580554,2019-07-19
186,0.5446575053369425,0.5141876949897831,0.5174874917252887,0.5097098200100951,0.48120857965576347,0.4865785091691529,0.5044900331016839,0.52143155790524,0.49494665704276114,0.5028464310437565,0.48283575533335554,2019-07-26
187,0.5793540951431264,0.5487881937449123,0.5546086866600929,0.5449132830901439,0.5129358308917051,0.5170939867244706,0.533366554825452,0.5520345321256854,0.524849445563018,0.5337127571584849,0.5183438182383815,2019-08-02
188,0.6106055534564032,0.5811566125069682,0.588862697505014,0.5778852782287501,0.5451806461823384,0.5480452732415508,0.5621708700110094,0.5823408434193905,0.5546576235569668,0.5640021619568505,0.552567149570616,2019-08-09
189,0.6381798234899194,0.6108404758200692,0.6198376815911754,0.6081935963925872,0.5770637124294719,0.5786428955526197,0.5902390715122486,0.6115249516148289,0.5836364979802916,0.593041905422061,0.5848697350669514,2019-08-16
190,0.661981719333875,0.6375649976046117,0.6472746139392996,0.6354988045033226,0.607619636230593,0.6080102694708447,0.616856111291139,0.6387044652118277,0.6110306134505823,0.6201557285209549,0.614754148096858,2019-08-23
191,0.6819171459971207,0.6610568080403068,0.6709156875915848,0.6594622089461373,0.6358823380868391,0.635270116497812,0.6413065336951604,0.6629965395811344,0.6360843491008332,0.6446673441723262,0.6417240666317229,2019-08-30
192,0.6978920119688109,0.6810425437687286,0.6905031084376808,0.6797451301775916,0.6608857694697343,0.6595451802541736,0.6628749006129578,0.683518375708964,0.6580421124951874,0.6659004851009083,0.6652831801652372,2019-09-06
193,0.7098234942401722,0.697269763602742,0.705820679745549,0.6960544488560196,0.6817641575218683,0.680029821297716,0.6809025685775203,0.6995348679776439,0.6762403653443978,0.683243011545695,0.6849724850183968,2019-09-13
194,0.7176650780373702,0.7095534396729583,0.7167862356752017,0.7082438451433213,0.69797482757591,0.696149157083894,0.6949138921172482,0.7107867935879777,0.6903121769794205,0.6962894089776174,0.7004531838219731,2019-09-20
195,0.721377547314116,0.7177220956208223,0.723344553446959,0.7161965090242222,0.7090400545734361,0.7073746921130815,0.7044700122502153,0.7171105923099034,0.6999502411720862,0.7046756989344021,0.7114106432319406,2019-09-27
196,0.7209216860241204,0.7216042550877799,0.7254404102811413,0.7197956304834492,0.7144821134560246,0.7131779308856533,0.7091320699944966,0.7183427039133593,0.7048472516942268,0.7080379029537767,0.7175302299042756,2019-10-04
197,0.7162724693444449,0.7210430942553288,0.7230344797063885,0.7189395042241615,0.7138443053676491,0.7130510054796997,0.7084816557894051,0.7143389623947416,0.704713461745932,0.7060307841226886,0.7185144046966582,2019-10-11
198,0.7079859923416618,0.716481799765428,0.7167383770839639,0.7141449517734999,0.7075309385770714,0.7073307317181692,0.7029377484457651,0.7057493806917834,0.6999781698666526,0.6990765578289532,0.7147656231297497,2019-10-18
199,0.697390730286555,0.7091610463693655,0.7080288999770916,0.706750893305096,0.6970907063085046,0.6974766145887124,0.6940323194856561,0.6942795337767678,0.6920263747810795,0.6886174784842872,0.7076167202044155,2019-10-25
200,0.6858685750711342,0.7003766618635685,0.6984426806129627,0.6981531040644369,0.684151445681058,0.6850258025265175,0.6833743132869617,0.6817079976609384,0.6823091699616999,0.6761663448228517,0.69846487452849,2019-11-01
201,0.6748014185874096,0.6914244740444648,0.6895163512187682,0.6897473592970095,0.6703409938138412,0.6715154439667734,0.6725726742275654,0.669813348355539,0.6722776488810009,0.6632359555788075,0.6887072647098078,2019-11-08
202,0.6654636484477285,0.683512093223013,0.6826627664602445,0.6828064190895415,0.6572009987202727,0.6584100797136285,0.6631185178841995,0.6602241007826201,0.6632729141718168,0.6512489500960998,0.6796512898048613,2019-11-15
203,0.6580583138966762,0.6769679946916649,0.6780612705692073,0.6773771308505909,0.6454141872982704,0.646450676205916,0.6553287320177654,0.6530733298420676,0.655539950182265,0.6407294805676927,0.6717096470192505,2019-11-22
204,0.6521735244209191,0.6716160371887322,0.6751831825349808,0.6728026777979912,0.6351702725122156,0.6359628739140987,0.6488462069010347,0.647635739677259,0.6486945780260113,0.6316859746612802,0.6647814817656466,2019-11-29
205,0.6473900793367235,0.6672740807624923,0.6734914046115859,0.6684178782568005,0.6266531065640045,0.627267376071192,0.6433058205805015,0.6431758304458722,0.6423451395630319,0.6241207293071778,0.6587598345479598,2019-12-06
206,0.64328877881446,0.6637599842411483,0.6724488392973539,0.6635575562031247,0.6200465394820609,0.6206848832591644,0.6383424541895335,0.6389581068351762,0.6360999808456288,0.6180360410504058,0.6535377454181848,2019-12-13
207,0.6394886312392365,0.6608370265523406,0.6715293182743546,0.6578093344962266,0.6154371912166373,0.6164175017545171,0.6337290797207898,0.6344497042071194,0.6297549910633489,0.6134169702383001,0.648988038007468,2019-12-20
208,0.6357487611076246,0.6580683327174501,0.6702467524258824,0.6516878930885495,0.612555122256515,0.614232432067076,0.6297450721581583,0.629860839546132,0.6237938124269912,0.6101853691093541,0.6449093988459067,2019-12-27
209,0.6318604032587674,0.6549711585824307,0.6681242375666991,0.6459203651653203,0.6110486805284064,0.6137972075591254,0.6267858586179887,0.6255720214983754,0.618857699179878,0.6082486045298433,0.6410835244994385,2020-01-03
210,0.6276147925318079,0.6510627599932356,0.664684869511567,0.6412338839117655,0.6105662139590239,0.6147793615929493,0.6252468662166303,0.6219637587100112,0.6155879055653315,0.6075140433660435,0.6372921115340013,2020-01-10
211,0.6227954166213528,0.6458548201215322,0.6594401624111499,0.638340166573244,0.610750007228245,0.616838204219781,0.6255100537680477,0.6194075110185338,0.6146106433425081,0.6078817566560102,0.6333030756084149,2020-01-17
212,0.616765979958606,0.6385570637352536,0.6512740716132384,0.6371156092628094,0.6109138046703815,0.6191874608844254,0.6272275927559982,0.617784423615276,0.6157370390396867,0.6088564869957861,0.6281376063928974,2020-01-24
213,0.6082641813815208,0.627928917398126,0.6381346997174541,0.6361909278900141,0.6098814118540465,0.6203763749519872,0.628963352698866,0.6162444555350259,0.6175627159529121,0.6093534398620335,0.6197033316645605,2020-01-31
214,0.5959766521249076,0.6126930737369318,0.6178938053462082,0.6340952196201668,0.6064366666563172,0.6188999833914817,0.6291924228014634,0.6138779179038809,0.6185841403781138,0.6082397281137534,0.6058170382600423,2020-02-07
215,0.5785900234235771,0.5915722253784547,0.5884231471219137,0.6293575816185769,0.5993634069542708,0.6132533231719244,0.6263898922686018,0.6097751218479385,0.6172977786112209,0.6043824646099463,0.584295513015982,2020-02-14
216,0.5549095892546329,0.5634900248792537,0.547893061073273,0.6206027062542441,0.5875509914769455,0.6020523136310147,0.6191267086057561,0.6030709484669828,0.6122812552040937,0.5967253448819043,0.5532307440181642,2020-02-21
217,0.5251200979743169,0.5297062839795219,0.49794484557708946,0.6075665801390646,0.5711154588574168,0.5853181316423948,0.6070881720636061,0.5934184048049013,0.6030556594337882,0.5851023380263021,0.5139139338736751,2020-02-28
218,0.4902962685060621,0.49298801389276936,0.44245912955733524,0.5907021539126117,0.5509642541184647,0.5639785718448331,0.5906785201478038,0.5808047727082295,0.5897507674968424,0.569921783181998,0.4697002945581885,2020-03-06
219,0.45152765261608835,0.456127345823728,0.3853538641137694,0.5704743276149206,0.5280180123893645,0.5389765391731844,0.5703139726515843,0.5652229052702142,0.5725065003717862,0.5516015923218875,0.4239794382035216,2020-03-13
220,0.4099038020706113,0.42191641097712607,0.3305470003461446,0.5473480012860238,0.5031973687993889,0.5112549385623006,0.5464107493681808,0.5466656555841009,0.5514627790371476,0.5305596774188638,0.3801409769414867,2020-03-20
221,0.3666282185351798,0.39274370751324317,0.28160731396592864,0.5219352700335341,0.47745620778790115,0.4818760070727278,0.5195640798877026,0.5253174231906775,0.5269830784841365,0.5073460671764094,0.3412239254925121,2020-03-27
222,0.3233804602996872,0.369311447024772,0.24064480575250619,0.49546317630072567,0.45188732180923846,0.45240052410043474,0.4911170558003683,0.5021628448907813,0.5003648312525153,0.4830627437894387,0.30880258275759154,2020-04-03
223,0.28196438712356786,0.3518815407542024,0.20938858089740142,0.46931932926517206,0.4276197731005948,0.4245194416758039,0.462608040310892,0.4783955046195146,0.47314933225016914,0.4589558080862266,0.2840688008456728,2020-04-10
224,0.24418385912865082,0.34071589866033325,0.18956774348163963,0.4448913385725739,0.4057826240049055,0.39992371220873124,0.4355753971932961,0.4552089869211591,0.4468778770959576,0.43627136131522126,0.26821443075068274,2020-04-17
225,0.2118376158729287,0.33606503402629306,0.18288621292457835,0.4235585597140312,0.3874975956584507,0.38029181425696756,0.4115498825622549,0.433790942100883,0.42308499358305773,0.4162493740133204,0.2624111203125917,2020-04-24
226,0.18634180271579243,0.33732793242638087,0.18916618121316076,0.40608362085067273,0.37333789478284507,0.36637021505797196,0.39149382951828304,0.41488563072601337,0.40279953651146894,0.3996717471090212,0.266320994252772,2020-05-01
227,0.16847159881103796,0.34247700138828463,0.2050773521452166,0.3921959369427396,0.36295779309136567,0.35734396831569604,0.3754172829570813,0.3984944954149837,0.38620319859432695,0.38655297015901247,0.27707724896822794,2020-05-08
228,0.15894103512152175,0.349348552860819,0.22698868207190875,0.3815263543870456,0.35592389587609286,0.35224916884662966,0.36323943945743387,0.38454811393660476,0.3733968532619519,0.3768343216572407,0.2915718210349169,2020-05-15
229,0.158464142610099,0.3557788987927986,0.25126912734439943,0.3737057195804044,0.35180280842910655,0.350121911467262,0.3548794955981244,0.3729770640596865,0.36448137394466357,0.37045708009765177,0.3066966470287962,2020-05-22
230,0.16762743444298622,0.3597311242371815,0.2744416423474917,0.36836245316271665,0.3501615791056275,0.3500159338075789,0.35023896618938677,0.3637063746614321,0.35951535731228124,0.3673231164547075,0.3195075962451059,2020-05-29
231,0.1852741924587566,0.3609013652599554,0.2951344107258195,0.3650918144775504,0.35057331315307605,0.35122615948105784,0.3489776475231404,0.35658521852730113,0.3579794558160411,0.36679558142759106,0.3293015793035845,2020-06-05
232,0.20898534977551192,0.36024073464426437,0.31350010310420484,0.36346504934867696,0.3526155018748115,0.3532221652368951,0.3505802971242339,0.3514078377867723,0.35893580766109856,0.3678475152124171,0.33699834115676686,2020-06-12
233,0.23631365013439903,0.35872836992677604,0.3297254332664292,0.363052867356474,0.35586573451874876,0.35547742798515347,0.35452776374515593,0.3479672479186029,0.36143720525484857,0.36944324648854804,0.3435538661005678,2020-06-19
234,0.2648118372765629,0.35734340864415814,0.34399711499627217,0.36342597808131966,0.35990160033280266,0.3574654246358957,0.36030089613839533,0.34605646440155047,0.36453644100468585,0.3705471039353463,0.34992413843090175,2020-06-26
235,0.2924452019124793,0.3571119207170927,0.3566912217594608,0.36436824388284617,0.3644070142727155,0.35885377137504926,0.36745611850835197,0.34557394272644204,0.3675024543952443,0.3704613293756691,0.3570123378040118,2020-07-03
236,0.3191433426899457,0.3592834406928118,0.36908544733142956,0.36667843627594987,0.3695721522714117,0.36023446233547896,0.37590970126141615,0.3469201821949088,0.3706333511661821,0.3700971098416116,0.3654702189947491,2020-07-10
237,0.345419862525648,0.36517394091751654,0.3827255443289904,0.37145706728573485,0.3757377056500749,0.3624743165167748,0.3856848999228144,0.3506449436999595,0.37453321631576275,0.3708439844875383,0.37587478617432896,2020-07-17
238,0.3717884604783058,0.3760994046747674,0.39915730949829353,0.37980469861150745,0.3832443905085696,0.3664401981617261,0.39680498763025895,0.35729801270687694,0.37980618521425835,0.3740915712168028,0.38880303120810644,2020-07-24
239,0.3987623486061177,0.3933685896677429,0.41991893367834016,0.3928180526493056,0.3924343974377539,0.37299878940324915,0.40929556557650126,0.3674287084211263,0.3870574651425289,0.38122670002065373,0.40482967305937745,2020-07-31
240,0.42680169874814644,0.4175033009212798,0.4457202328668295,0.4111757054553278,0.40381050684606357,0.38299693841697924,0.4234357881708447,0.38153556874157013,0.3970090073470217,0.39333256370382896,0.42428188429806585,2020-08-07
241,0.45626669432100697,0.4475418247618482,0.4757094176433096,0.43476796724606237,0.41817823398699205,0.39724410352361017,0.4399827940116544,0.40002140151881704,0.4106028421979188,0.41091995541336757,0.4470201770284966,2020-08-14
242,0.48750644173402297,0.4823580990139582,0.5088616994121856,0.46339782186318046,0.43637663195776516,0.416545600887318,0.4597466741713855,0.42327840935122085,0.4288053810687167,0.4344362562029068,0.4728533653558204,2020-08-21
243,0.520870047396515,0.520826061502117,0.5441522895778597,0.49686825314835115,0.4592447538556072,0.4417067466722773,0.48353751972249126,0.4516987948371335,0.45258303533291033,0.46432884712608213,0.5015902633851858,2020-08-28
244,0.556620385832191,0.5617721099833588,0.5805284171397765,0.5348903019772605,0.4875185056053523,0.4734123329166162,0.5120644800731494,0.4855752631949781,0.48278054232637446,0.5009135878996087,0.5329907704880054,2020-09-04
245,0.593620371722953,0.6032508373902629,0.6164830215623863,0.5756823309755791,0.5202592165165141,0.510390463187203,0.5443979340613817,0.5235851967811588,0.5182672822969581,0.5423711119405483,0.566020663740723,2020-09-11
246,0.6295962272030364,0.6426901723997497,0.6501401834946943,0.6162507278307049,0.5551685492122593,0.5497805146196449,0.5782776664332931,0.5630944221456206,0.5563087511424873,0.5851483630629378,0.5990009353711935,2020-09-18
247,0.6622413133213928,0.6774999272089658,0.6796133201032923,0.653566842776953,0.5899088591847015,0.5886759352415785,0.6114049952748326,0.6014308495633232,0.594124077446671,0.6256421651763426,0.6302339372722545,2020-09-25
248,0.6892489911269767,0.705089914015061,0.7030158485547752,0.6846020260486422,0.6221425019259574,0.6241701730806438,0.6414812386719518,0.6359223893092301,0.6289323897932214,0.6602493421903329,0.6580220213367476,2020-10-02
249,0.708723918973081,0.7233775596112,0.7188622515051616,0.7068674945125789,0.6497893782948058,0.6537305711870156,0.6665011087386796,0.6642498000988759,0.6582866640808025,0.6859525228979111,0.6808862001723308,2020-10-09
250,0.7210052350576591,0.7330380394353493,0.727845904452834,0.7208074312776874,0.6721685715050401,0.6768557548076201,0.6860532571441259,0.6860107818004905,0.68155358879162,0.702916873860079,0.6985354177320112,2020-10-16
251,0.7271872777463706,0.7356785812973163,0.7313965960009517,0.7278572911366427,0.6890720545804386,0.6937308734645113,0.7002650485926453,0.7014509140487992,0.6987128434136094,0.7123831824638068,0.7110801100446249,2020-10-23
252,0.7283649773410954,0.7329071435623048,0.7309446919633371,0.7294533058544228,0.7002921712022823,0.7045416147868611,0.7092642700392385,0.7108162842955508,0.7097445879054414,0.7155930791823799,0.7186310278339889,2020-10-30
253,0.72563374824883,0.7263315051111812,0.7279195951983208,0.7270314383199071,0.7056249508888686,0.709476488526309,0.7131812531340863,0.7143558325704279,0.7146323630678991,0.7137888787571167,0.7213015779305789,2020-11-06
254,0.720172085060448,0.7175286424409328,0.7235854499946852,0.7219815079815805,0.7054989717642817,0.7092083258042197,0.7125830399356637,0.7128080469182556,0.7139399163020617,0.7083303272723326,0.7196609975654535,2020-11-13
255,0.7133350568038659,0.7080100662137394,0.7188551684035909,0.7155952633445201,0.7016871988901232,0.7054393099799711,0.7089648348017803,0.7079518760707088,0.7094641368851609,0.7008267534722912,0.7152473229373063,2020-11-20
256,0.7065003189153712,0.6992789130705815,0.7145967348248095,0.7091519082305865,0.6961345637399351,0.7000032933588778,0.7039405673886403,0.7016993586356653,0.7031596506641161,0.692919411310671,0.7097225135571659,2020-11-27
257,0.7010455268312515,0.6928383196524397,0.7116781336581122,0.7039306464616399,0.6907859977872592,0.6947341282462545,0.6991241673524488,0.6959625332210032,0.6969810834858464,0.6862495547411509,0.7047485289360605,2020-12-04
258,0.6982860432555915,0.6901297475911203,0.7109241050752603,0.7011619804014957,0.6875191338349289,0.6914013744029663,0.6960731583951876,0.6925854354061789,0.6928207335608734,0.6823947936079111,0.7019243670935448,2020-12-11
259,0.6983216980379596,0.6913911794398525,0.7123155543726472,0.701126089314902,0.6868983897661691,0.6905200359247918,0.6952444014589488,0.692085141551975,0.6913546851513733,0.6816908351550173,0.7016204435364206,2020-12-18
260,0.7001464550123742,0.6957656980060629,0.7150656837706546,0.7032385686627657,0.6882934483771908,0.6914637487663842,0.6960933978465326,0.6937714886603198,0.6921525368592496,0.6833435299756117,0.7030894354535953,2020-12-25
261,0.7027139801381209,0.7023564878344771,0.7183597203082647,0.7068835083806118,0.6910304561910964,0.6935645573064484,0.6980391592094266,0.6969103218030425,0.6947435668317538,0.6865175565668099,0.7055432895312891,2021-01-01
262,0.7049779393744857,0.7102667334698207,0.7213828910244595,0.7114449984039647,0.6944355597309886,0.6961545059236895,0.7005006971991183,0.7007674860519723,0.6986570532161375,0.6903775934257281,0.7081939524557224,2021-01-08
263,0.705855483242408,0.7183715802208441,0.723268378280993,0.7161965346969812,0.69773836362544,0.6984898742850569,0.7027966124930352,0.7045182405136358,0.7032594782789563,0.6940291008647692,0.7102523576195284,2021-01-15
264,0.7040369600692691,0.7241297916882283,0.7228261080994834,0.7197246995118058,0.6995688380897189,0.699356357460999,0.7036218399931052,0.7067752029415755,0.7069061776453502,0.6962097272570706,0.7109231447155075,2021-01-22
265,0.698125769305235,0.7244571349641409,0.7187420801171227,0.720352733838021,0.698327072233631,0.6973592430856039,0.7014322206221085,0.70593529196778,0.7075648448996487,0.6955161133662584,0.7094085406285169,2021-01-29
266,0.6867251326050874,0.7162682668069964,0.709702040563125,0.716403340177967,0.6924126850999615,0.6911034498910196,0.6946831063970753,0.7003949851569173,0.7032023809653896,0.6905446116198355,0.7049107673096404,2021-02-05
267,0.6684415633403402,0.6964821802674489,0.6943946815388178,0.7062015070020393,0.6802278385261766,0.6791962391372381,0.6818325368472105,0.6885533455240533,0.6917889179059241,0.6798936845943844,0.6966336457369535,2021-02-12
268,0.6428807652102861,0.6633341363548005,0.6724029054200382,0.6887661212402526,0.6609465517289459,0.6609559390914481,0.6621543374241374,0.6695942414731892,0.6722753901778034,0.6628023240256775,0.6842663765351921,2021-02-19
269,0.6120478976804973,0.6182202821033123,0.645456971237094,0.6647823976621323,0.6355963823227678,0.637408434412442,0.636881361985958,0.644586173158191,0.6459680312156784,0.6400476884449012,0.6686637510675463,2021-02-26
270,0.578300899670819,0.5630014931171865,0.6156028526583122,0.6351805425199065,0.605477403995847,0.6098306628604838,0.6075344901097116,0.614874728299849,0.6145193617664405,0.6126330850167327,0.6508519314181826,2021-03-05
271,0.5439977101010998,0.49953864500063105,0.5848865233520226,0.6008907620658064,0.5718896904363912,0.5794995621958408,0.5756346013724407,0.5818054946189567,0.5795819025769839,0.5815618209058516,0.6318570796712697,2021-03-12
272,0.5114530952664705,0.42975500814245177,0.5553168919676378,0.5628644198406547,0.5361464140829303,0.5476955337917848,0.5427019578095228,0.5467354475926224,0.5428173269058361,0.5478537637669914,0.6126856429412184,2021-03-19
273,0.48195422973291435,0.35705896913675556,0.5280206482223341,0.5225564636567802,0.4998725228933393,0.5157814196908741,0.5102421227737346,0.5112926132601748,0.5061051554395148,0.5129229528559969,0.5938748140407781,2021-03-26
274,0.4557410860973721,0.28637237227720014,0.5032254269102495,0.4819350358431206,0.4650106901715679,0.4852040758769668,0.4797456804301877,0.4773812408675199,0.471546913624874,0.47858512127766695,0.5754835763783769,2021-04-02
275,0.4330065418447149,0.22268512557588427,0.48111843023122924,0.44299135828154335,0.4335178780705393,0.45741413663657693,0.45270254129502874,0.44691800206164145,0.441254110980013,0.44667406724495834,0.5575494071715119,2021-04-09
276,0.4139434744598113,0.17098713704489987,0.4618868603851158,0.4077166528539119,0.40735104874317324,0.43386223625621523,0.4306026158844016,0.42181956848952035,0.41733825702302785,0.41902358897082426,0.5401097836376787,2021-04-16
277,0.3986798948793686,0.13569868219097864,0.44565498900990635,0.3779585454835399,0.38817169855759087,0.41578533520708216,0.414680107362294,0.4037129005618215,0.40155339183780175,0.3972423425312698,0.5231902904902447,2021-04-23
278,0.3868818626120137,0.11718336082617842,0.4320989235705651,0.3545420339441332,0.3755371446847626,0.4028987017026443,0.4043481820124615,0.39216176089102334,0.3931078132064532,0.38133561933084353,0.5067318191850859,2021-04-30
279,0.3780150266587711,0.11404484653281394,0.4207003424125699,0.33784846454715767,0.36809183858001693,0.3942574412222601,0.39822997733349924,0.385834825522308,0.3901053878477734,0.37061311572200584,0.49063851831358357,2021-05-07
280,0.3715442245239562,0.12487968664835947,0.4109401366043619,0.3282573871827934,0.36447653534795665,0.3889139861325194,0.3949454318611947,0.38339714614097065,0.39064551044869544,0.3643817114728818,0.47481438768892514,2021-05-14
281,0.3669345084975453,0.14828324773616175,0.40229942071011665,0.32614719632854716,0.3633323855325181,0.3859209205364991,0.39311493521806384,0.3835140300450491,0.3928281255149717,0.3619481518838202,0.45916359681217805,2021-05-21
282,0.3637898892376182,0.18208697923209993,0.3944039027570092,0.3311487772557631,0.36355637428073206,0.38442899642498257,0.39165071343355995,0.3850161565104352,0.3951088899649988,0.3625321865845592,0.44370009695827495,2021-05-28
283,0.36209229675154897,0.22204473663030405,0.38727253565695785,0.3408600452416738,0.36474126957047404,0.3838559489488888,0.39025868799078584,0.38718396016863743,0.3969108771121531,0.3651169666632929,0.4287364083700313,2021-06-04
284,0.3618873012427748,0.263560516424458,0.3809904932804341,0.3525365710679026,0.366597006589647,0.38366447221847116,0.3887784357000428,0.38937361276032545,0.3978200695497025,0.36864580090429483,0.4146353291807448,2021-06-11
285,0.3632204729147327,0.3020383151082454,0.37564294949790944,0.3634339255160725,0.36883352052615365,0.38331726034398284,0.3870495333716317,0.3909412860261689,0.3974224498709154,0.37206199809183826,0.4017596575237133,2021-06-18
286,0.3661583889808392,0.33301050800399623,0.37134429289216914,0.37089828738418074,0.37118670863180947,0.3823141048063876,0.38494406644686996,0.39128416837724966,0.3953447557060269,0.37435638370181124,0.39049627656252583,2021-06-25
287,0.3713887447989891,0.35580527097466086,0.36907270884154825,0.37495485942745466,0.37416009329784683,0.38125166189907367,0.3832953090653294,0.3910121956953282,0.3924187363915562,0.37592471800835214,0.38194419600042895,2021-07-02
288,0.38030829899852736,0.37408403398795925,0.37079248591129543,0.3786871957120518,0.3791335113452749,0.3819787595983054,0.3840338203339011,0.39211976621710787,0.3908517725351246,0.378766623083999,0.3780153832337968,2021-07-09
289,0.39435250299022984,0.39174468779121946,0.3785217232032015,0.3853457410790089,0.3875346190832375,0.3864125554740372,0.3891500369601316,0.3966768267254588,0.39292631138825407,0.38496924192714904,0.380666167841616,2021-07-16
290,0.4149568081848715,0.4126851231317676,0.394278519819057,0.3981809403693622,0.4007910728208778,0.39647020709622327,0.4006343956515671,0.406753324003251,0.4009248002024671,0.39661971753619907,0.3918528794028736,2021-07-23
291,0.443272982416297,0.44035579165809896,0.41973257194730035,0.4200272289090188,0.4201481763099333,0.4138323758331922,0.4201986114059582,0.42415718545225284,0.4168468705276117,0.4155427333715752,0.41320232318333777,2021-07-30
292,0.4781274483255396,0.47453950105848575,0.45369772825607657,0.45030902535447476,0.4453564952304204,0.43824117126427353,0.4472697262942026,0.44854857400065884,0.4403739226663991,0.44141160046837347,0.4436402042090335,2021-08-06
293,0.5172076392876079,0.5132225915052349,0.49358900007915457,0.48678047059210156,0.475434449934224,0.46848917096549325,0.48015571501255366,0.47853564503433754,0.4700518521737671,0.4728458550899926,0.48076918773149036,2021-08-13
294,0.5581931837920597,0.5543790929377164,0.5368118132647468,0.527184259986302,0.5093954437721122,0.5033624458769164,0.5171568838859018,0.512719345093029,0.5044187735967465,0.508457812543823,0.5221828729168982,2021-08-20
295,0.598763840447543,0.5959830727889399,0.5807716972193423,0.5692631243513988,0.5462527394418607,0.5416469314001021,0.5565734903812303,0.5497005405747929,0.5420127125869929,0.5468596955571673,0.5654749000368433,2021-08-27
296,0.6368529862253045,0.636081678272749,0.6230760293660615,0.6108288908177275,0.5847454493700099,0.5818643814391712,0.5966105617901757,0.5879238917178568,0.5811984265911935,0.5864832766856225,0.6083190289091921,2021-09-03
297,0.6711769896938284,0.6729476745501144,0.6619553490289342,0.6499067063805049,0.622766306578426,0.6217209469170013,0.6351791229262743,0.6253518061769721,0.6198057451148411,0.62520322778154,0.6486363710454013,2021-09-10
298,0.7006028485280008,0.7048972303509422,0.6957600771764543,0.6845627557430665,0.6580452206642448,0.6587658759893519,0.6701336394641035,0.6598539175899529,0.6555615901506912,0.6607870476683441,0.6843956225858133,2021-09-17
299,0.7239975604027038,0.7302465144051347,0.7228406347771114,0.7128632236087438,0.6883121012245981,0.6905484168119775,0.6993285770782363,0.6892998595946087,0.6861928836914947,0.6910022351694545,0.7135654796707659,2021-09-24
300,0.7402581400815389,0.7473521024513244,0.7415875595038738,0.7329176860829174,0.7113391480403835,0.7146634716524066,0.7206631118857798,0.711600302648616,0.7094699457589789,0.7136591728273123,0.7341597021998625,2021-10-01
301,0.7494095198702678,0.7560888978181579,0.7518988081914634,0.7444661879685962,0.7264876503800701,0.7304214347108885,0.7337164527653406,0.7262079104867363,0.7247938140849042,0.72817963526206,0.7458853590097351,2021-10-08
302,0.7529196675155062,0.7582743221845314,0.7556008999970448,0.749334763538706,0.7351519472374309,0.7393274667063966,0.7402172093504717,0.7345481426069125,0.7336518344525024,0.736046980312752,0.7506159049688946,2021-10-15
303,0.752350793100402,0.755852659995773,0.75464630539836,0.7494856797019493,0.7388591528319706,0.7430300650487519,0.7420343652001038,0.7381752986429287,0.7376676060868339,0.7388792045210033,0.7503662781524978,2021-10-22
304,0.7492651067081029,0.7507681956972095,0.7509874948731504,0.7468812033670285,0.7391363813831938,0.7431777271477754,0.7410369038731669,0.7386436782285694,0.7384647282129594,0.7382943044284292,0.7471514166357008,2021-10-29
305,0.745147432249063,0.7448659338781323,0.7464707655566192,0.7433753271240364,0.7374510077068657,0.7413458892840327,0.7389865982919575,0.7374352954672645,0.7375852308487529,0.7358469886560153,0.7428797363666491,2021-11-05
306,0.7407488742813888,0.7390495798086347,0.7419357562442108,0.739795465297719,0.7347040010827788,0.7384172752989956,0.7366287281715533,0.7353468056874984,0.7357977641719333,0.7324919158349451,0.7384496880332786,2021-11-12
307,0.7364156306204355,0.7337033779594309,0.7376665762252842,0.7364025097948551,0.7314837570254111,0.7348923321642682,0.7341476162995012,0.7327966455047126,0.7334441847762898,0.7288526039687478,0.7342023678766314,2021-11-19
308,0.7324896527474902,0.7292061251169746,0.7339415088455469,0.7334514112938127,0.7283753930286794,0.7312674978411704,0.731721702601294,0.7301992850827271,0.7308618733900752,0.725549098326172,0.7304730270555959,2021-11-26
309,0.7293128757795317,0.7259366014948816,0.7310388244718377,0.7311971066393927,0.7259640090940451,0.7280391944888738,0.7295294170529456,0.7279691795459435,0.7283881975887141,0.7232014228222303,0.7275969014786937,2021-12-03
310,0.7270010800889224,0.724044550684503,0.7290574255053774,0.729703352773143,0.724592959494306,0.7254854585778983,0.7276116878257819,0.7263129392553038,0.7261787528606686,0.7221344927424698,0.7256984669750937,2021-12-10
311,0.7248758370595672,0.7228753867266559,0.7274663109121242,0.7283625221037191,0.7237566371817661,0.7231174009183209,0.7255265650095867,0.7247072664744288,0.7237507884790221,0.7216368625103631,0.7241620532863231,2021-12-17
312,0.7220844709175799,0.7215980560822822,0.7255962806639767,0.7264196872127264,0.722763175447455,0.7202778710457787,0.7227261566379701,0.7224687237389137,0.7204815024012303,0.7207697119700381,0.7222096042403826,2021-12-24
313,0.7177743058890744,0.719381505212324,0.7227781347328339,0.72311992068177,0.7209207075824025,0.7163097184959086,0.7186625707445429,0.7189138735843537,0.7157480925847491,0.7185942209656226,0.7190630636652728,2021-12-31
314,0.7111063344545441,0.7154059595844979,0.7183527322527988,0.7177210656636457,0.7175478190036969,0.7105679313242901,0.7127989488340044,0.7133721008917286,0.7089411452928187,0.7141857319855582,0.713957625205217,2022-01-07
315,0.7019134446142952,0.7094060910434534,0.7121554143767048,0.710108733080898,0.7124768942190975,0.7030041953754014,0.7051408088979929,0.7058031033953228,0.7001093807701457,0.7073157859499994,0.7067798087024292,2022-01-14
316,0.6909926598512273,0.7019121734425356,0.7047310784989491,0.7010693482889638,0.7062775929817442,0.6944264271035377,0.6964719512660418,0.6970710453261969,0.6902459076449285,0.6987549326891859,0.6983507535637863,2022-01-21
317,0.6792155199094283,0.6935159712535273,0.6966794623130146,0.6914589589368026,0.6995765576947723,0.6857087194546917,0.6876363282805666,0.6881099954702454,0.680416824589523,0.6893509335977261,0.6895638342262516,2022-01-28
318,0.6674535645329881,0.6848092489482116,0.6886003035123853,0.6821336126733746,0.6930004307613181,0.6777251653748568,0.6794778922839843,0.6798540226133644,0.6716882302762862,0.6799515500702293,0.6813124251267891,2022-02-04
319,0.6565305889548657,0.6763533456931435,0.6810557364570956,0.6738970353139329,0.6871349773363244,0.6712880431525033,0.672783063719893,0.6731748218903958,0.6650505191513456,0.6713564291400076,0.6744301190679598,2022-02-11
320,0.6467435658067778,0.66837388167766,0.6741929727134576,0.6669756229685366,0.6821149147429519,0.6665275556311896,0.6677034444135357,0.6682558449434954,0.6606587499029977,0.663834314237515,0.6690908661960807,2022-02-18
321,0.6380625137239414,0.6608881248658081,0.6679017165477417,0.6612374722855932,0.6777950332646585,0.6631505994179843,0.6639966582479871,0.664853409195503,0.6581495593374882,0.6573244620659819,0.6650592325456017,2022-02-25
322,0.6304525547044643,0.6539102228277904,0.6620678156598068,0.6565453138300277,0.6740259308485337,0.6608577314604078,0.661414428682923,0.6627174350798004,0.6571518200989703,0.6517611947600063,0.6620936529965736,2022-03-04
323,0.6238788107464539,0.6474543231338096,0.6565771177495107,0.652761878166765,0.670658205441667,0.6593495087059804,0.6597084791780183,0.6615978430297698,0.6572944048315972,0.6470788344541855,0.6599525624290472,2022-03-11
