,0,1,2,3,4,5,6,7,8,9,date
0,0.23179231123157112,0.3040289693064741,0.21461586517021064,0.18804423655614505,0.18912719614540352,0.23950739524565812,0.1552422782202315,0.29359711588520854,0.27332159147042184,0.20351469740453593,2017-01-01
1,0.2717746528785248,0.31349241423474716,0.24406729926506127,0.20331503158398267,0.21986081665780682,0.2573410013416562,0.1873161629290433,0.3030838654429685,0.2966805558539417,0.21877160169369902,2017-01-08
2,0.3087622307863585,0.3232395388522869,0.2733730800384443,0.21980415029141415,0.25009935753036105,0.27547838185900203,0.21933758704029016,0.3131083658756131,0.31830679167447445,0.23515120406168738,2017-01-15
3,0.34142226170669837,0.3334985770363648,0.3025383462240686,0.2381562565456951,0.27968792437165324,0.29414327339094787,0.2513179434124726,0.32401776389535386,0.3374961722489537,0.25324756896629685,2017-01-22
4,0.3684219623911708,0.3444977626642526,0.3315682365556429,0.259016014214081,0.30847162279027057,0.3135594125307463,0.28326862490409077,0.3361592062144024,0.35354457089431257,0.2736547608653232,2017-01-29
5,0.3885704053388744,0.35650917413947697,0.3605032559414917,0.2830223609364491,0.33634989579700153,0.3339785208059734,0.31522303728174833,0.3499119385872976,0.36586359556713305,0.2969675044809334,2017-02-05
6,0.40327623580276695,0.3706083612644318,0.3900320109395196,0.310709298564456,0.3642179446485713,0.35616515672178567,0.3476179831229486,0.36624343669472537,0.3759857454904336,0.32379262418793664,2017-02-12
7,0.41622524674649175,0.38857469067211026,0.42141082570100974,0.3425189083487441,0.3938432249391781,0.3813331085837828,0.3812436285042846,0.38663644797796937,0.3873013569817355,0.35474754329370706,2017-02-19
8,0.4311802471814568,0.41221133298081014,0.4559152253122932,0.3788901626676741,0.4270226930202184,0.410711358223924,0.4169020907077956,0.41259114702822486,0.403263600785039,0.39045004357507235,2017-02-26
9,0.45190315761436306,0.4433207762795651,0.4948201936303755,0.4202616245388365,0.4655526012319666,0.4455283915689193,0.4553951696837133,0.44560706909553366,0.42732465219046456,0.43151750726030724,2017-03-05
10,0.4810223323307028,0.4828347286683684,0.5387102068794885,0.46654958901897925,0.5103310150837757,0.4863800119770277,0.49711980920541604,0.48636806941163757,0.46166667307785725,0.4780575671750057,2017-03-12
11,0.5178121395044831,0.5291084418084471,0.5861266731623329,0.5161250691562955,0.5595984525151537,0.5319900469943674,0.5412750680273849,0.5331445760951483,0.5047141204309833,0.5286696139398146,2017-03-19
12,0.5609295841906168,0.5800229229454648,0.6352349361418337,0.5670746402914353,0.6111062607289612,0.5807377524282844,0.5868395120317388,0.5837627814089688,0.5541997762122562,0.581675418328117,2017-03-26
13,0.6090316714440165,0.6334591793250859,0.6842003394809163,0.6174848777650488,0.662605786928059,0.631002384086125,0.6327917071005973,0.6360488776160027,0.6078564223840898,0.6353967511132961,2017-04-02
14,0.660684801615435,0.6872851755118626,0.7312155409475488,0.6655010995023725,0.7118924795403954,0.681145479607955,0.6780873973611837,0.6878519883168503,0.6634044548287569,0.6881494171623928,2017-04-09
15,0.7133447090347319,0.7392089940546583,0.7748080247256559,0.7099887117870141,0.757302396144831,0.7293113807770358,0.7214025694167084,0.7373023379426926,0.7184124362707331,0.7381760890529135,2017-04-16
16,0.763722343940652,0.7868315047313498,0.8137298009891525,0.7502959936504863,0.7975341129239631,0.7734987834166722,0.7612256116641387,0.7827186499178167,0.7703471140207656,0.7836703987283957,2017-04-23
17,0.8085149115027457,0.8277515986967826,0.8467370235628516,0.7857801355919481,0.8312928963795723,0.8117036954385698,0.7960414503556986,0.8224231264353692,0.8166733563753699,0.8228250730822885,2017-04-30
18,0.8444268917005147,0.8595741648883619,0.8725890917702517,0.8157998875753578,0.8572877640260255,0.8419269940484543,0.824338501735115,0.8547418041438397,0.8548614407894956,0.8538373074470322,2017-05-07
19,0.8696495697042349,0.8811299021686668,0.8907087108251805,0.8400327185928,0.874994354776909,0.8631647290645559,0.8453184566905483,0.8787843948868136,0.8834871533007438,0.8758175441444311,2017-05-14
20,0.8856646611600374,0.8939623344296922,0.901986540136068,0.8588614508392473,0.8855849080359655,0.8766153547043085,0.8597615455464365,0.89539495254617,0.9035728675388527,0.8898973212958143,2017-05-21
21,0.8943949700907345,0.8999786448466873,0.9075100211243645,0.8727634604294501,0.8904590956847156,0.8837725616255971,0.8686596047992929,0.9056500228068808,0.9164689267890034,0.8974791087051198,2017-05-28
22,0.897763300519139,0.9010860165949013,0.9083665952115199,0.8822161234781593,0.8910165896046798,0.8861300404863063,0.8730044709456309,0.9106261513539178,0.9235256743363769,0.8999653761762856,2017-06-04
23,0.8975822848648272,0.8990996792406369,0.9056272016720244,0.8876825063621712,0.8886095662057861,0.8851350793079781,0.8737527765508973,0.9113920245548053,0.9259722092872202,0.8987185235226702,2017-06-11
24,0.894717157956565,0.8950441265796081,0.9002208730293249,0.8895026218685694,0.8841817745533526,0.8818359363750286,0.8715584253602274,0.9089487442253674,0.9239950168649951,0.8947563770793145,2017-06-18
25,0.889550179138644,0.8895407418279824,0.8930042989146116,0.8879537510784623,0.8784687508181851,0.8770774479002138,0.8669209924608914,0.9042629581339222,0.9172490663277011,0.8889211024615762,2017-06-25
26,0.8824597582369309,0.8832076952404984,0.8848335923556957,0.8833126750747893,0.872204371626456,0.8717028287365356,0.8603388228756303,0.8983010394354896,0.9053850905267947,0.8820534651947495,2017-07-02
27,0.8738246645329943,0.876660818982244,0.8765631377868675,0.8758592876921085,0.8661187707216356,0.8665499458922505,0.8523112034980526,0.8920257949147933,0.8880653064390646,0.874990664836355,2017-07-09
28,0.8640505248323849,0.8703412497035846,0.8689181639726135,0.8661060588538606,0.860662424127401,0.862057090383985,0.8434077951768164,0.8861335621496702,0.8658099927438988,0.8683034618124176,2017-07-16
29,0.853587960781927,0.8643974538533619,0.8624075231094864,0.8549550969404943,0.8558172927980021,0.8579931371521742,0.8343161573777216,0.8808742585760172,0.8405769526720028,0.8621162467928065,2017-07-23
30,0.8428918865373507,0.8589499771363759,0.8575194250644183,0.8433456818503313,0.8515206413391533,0.8540630988279928,0.8257350970973889,0.876455213137792,0.8144611293297588,0.8565108267622576,2017-07-30
31,0.8324172162543859,0.8541193652574264,0.854742079704341,0.8322170934816935,0.8477097343565684,0.849971988042616,0.8183634213324391,0.8730837547789521,0.7895574658235486,0.8515690087055066,2017-08-06
32,0.8224380228270325,0.8498477591073842,0.8543439300947906,0.8223331844657744,0.844183390097141,0.8453765980835847,0.812716646397449,0.870765040336181,0.7677060380985646,0.8472451809150614,2017-08-13
33,0.8121051502712232,0.8449692037970193,0.8552284187731792,0.8133682055887362,0.8398805182514824,0.8396342255487326,0.8081718460569803,0.8682485090789537,0.749163908617453,0.842702317415766,2017-08-20
34,0.8001388317332532,0.837892935124567,0.8557756897079907,0.8045786883212842,0.8334103664275594,0.8319873493593473,0.8036696507593055,0.8638021973817582,0.7335812619164837,0.8367999887207692,2017-08-27
35,0.7852584198348179,0.8270273202268412,0.8543648168128282,0.7952203099705182,0.8233815081315137,0.8216782136544668,0.7981497985017553,0.8556931572335943,0.7206070415717447,0.8283971449356216,2017-09-03
36,0.7662108469978111,0.8108116743134486,0.8493863224759381,0.7845556240964534,0.8084229369921817,0.8079656805877544,0.7905566459383706,0.8422147021318104,0.7098684807484925,0.8163707108542156,2017-09-10
37,0.7427793800050105,0.7888482126515497,0.839660915220634,0.7721055652886869,0.7879309500506899,0.7907330482929034,0.780008099662483,0.8226469440014331,0.7001770255296867,0.8002730254149133,2017-09-17
38,0.7160731513655765,0.7622269418888814,0.824559675220516,0.7577216357261948,0.7622835171889868,0.7706625059714801,0.765844102634263,0.7975324851986547,0.6893004201070178,0.7805205390813386,2017-09-24
39,0.687287883758559,0.7321350339485484,0.8034896265413547,0.7412769264284784,0.7319227197720857,0.7484884171228817,0.747419098653856,0.7674963793103947,0.6749382461710409,0.7575861360586982,2017-10-01
40,0.6576192998630079,0.6997596607536558,0.7758577932489203,0.7226445284150392,0.697290639165,0.7249451452465047,0.7240875315214075,0.733163679923573,0.6547900854123114,0.7319427005521995,2017-10-08
41,0.6282522005972092,0.6662170177602915,0.7413825411716457,0.7018488111266231,0.6590289377371346,0.7007459438426713,0.6955163743815143,0.6952547383411197,0.6271907968856876,0.7040849289270765,2017-10-15
42,0.6003216060928995,0.6322997935806545,0.7012013148163337,0.6796036627509962,0.618688957129695,0.67650784819372,0.6627970919898047,0.6549242676288449,0.5933707990301108,0.6746069361776611,2017-10-22
43,0.5749483611687276,0.5987085567316981,0.6568556480173597,0.6568193151819347,0.5780810744347402,0.6528204949919056,0.6274267797875122,0.6134506674073359,0.5553850344369144,0.6441311472204839,2017-10-29
44,0.5532533096176319,0.5661438690646672,0.6098871038485585,0.63440601452043,0.53901568548785,0.6302735189469512,0.5909025625668598,0.5721123462470026,0.5152885053590924,0.6132799890205507,2017-11-05
45,0.5363127977880411,0.5352853114928723,0.5618257289458954,0.6132483353754125,0.5032878585468356,0.6094390833869675,0.5547248590620232,0.5321643375300976,0.4751422289167657,0.5826608810851888,2017-11-12
46,0.5242137315225519,0.5063459349958055,0.5139454916415943,0.5936600237527357,0.47235183945898584,0.5905008598322748,0.5204673317546985,0.4943419064083705,0.43714096818418613,0.5525475386679124,2017-11-19
47,0.5160721047381462,0.479080997008293,0.46726907736857615,0.575394686574658,0.4473274340108257,0.5732613030175814,0.48977551528819807,0.45887028314963757,0.4036107276201084,0.5228862218212961,2017-11-26
48,0.5109631200384762,0.45322652150079823,0.4228086143102221,0.5581823974147737,0.42932039702406133,0.5575068514634175,0.46429796389987493,0.4259532697209493,0.3768830255803733,0.4936094330908217,2017-12-03
49,0.5079619794457488,0.42851855908068853,0.38157620383019075,0.5417532290389175,0.4194363750360399,0.5430239435038869,0.445683121578512,0.39579466124568585,0.3592892173665761,0.46464969880755075,2017-12-10
50,0.5061403530560568,0.40485496331647675,0.3444210338256224,0.5258323475659105,0.41812325309111603,0.5295978850476789,0.4349097394368202,0.3685566817262617,0.35217020310637354,0.4360840282075809,2017-12-17
51,0.5045580312740763,0.38267781469039686,0.3116443300768954,0.5101284155268628,0.42361652466328625,0.5170101730720252,0.4307040456144663,0.34426173001786536,0.3535354707043229,0.4084754011479205,2017-12-24
52,0.5022723095134501,0.36254349305680245,0.28343223451919075,0.49434662934405116,0.43368703335165415,0.505041504596524,0.4313191899174067,0.32290283868355363,0.36069483975426314,0.3824888617816249,2017-12-31
53,0.49834048318782137,0.3450083782700471,0.2599708890876892,0.4781921854397523,0.4461056227553234,0.49347257664077304,0.435008322151598,0.30447304028638333,0.3709581298500335,0.3587894542617491,2018-01-07
54,0.4918831014430493,0.33062270656762166,0.2414475235887817,0.46140586394132765,0.4586975519828101,0.48210996406193957,0.4400627040776447,0.28898551922751076,0.38170673639903224,0.3380477154412686,2018-01-14
55,0.48293533380879705,0.31984788026345756,0.2280650979549515,0.444242969271566,0.47007490381863887,0.4711344235543702,0.4453246790977586,0.27674484638049895,0.39135700872797474,0.32101360413188584,2018-01-21
56,0.4722204877207514,0.3130784652099061,0.22003840707909034,0.42734592129210136,0.47944174785017213,0.46100823703366023,0.45005121090210753,0.26827482464185254,0.3991039700653183,0.30849683427577895,2018-01-28
57,0.4604786752686756,0.3107073950812238,0.21758253486943657,0.41136659340720927,0.4860166102633008,0.4522005613948467,0.4535093884049627,0.26410461065806745,0.4041616592255573,0.30130857906375696,2018-02-04
58,0.44845129497467606,0.31312758008463404,0.22091254700699153,0.3969575772709053,0.48902032717861066,0.4451810437439178,0.4549683792898119,0.2647633363805803,0.40574633488498263,0.30025972640749343,2018-02-11
59,0.43736945564921537,0.32072299715733615,0.23023657055227753,0.38504488294841027,0.48855306489812483,0.4406059413475306,0.4544886829243193,0.2707707330142067,0.4039192975648058,0.3060525661035206,2018-02-18
60,0.42968974513564406,0.3338552681107144,0.24574536896510335,0.377238738374378,0.4869154758601769,0.4395984954109311,0.4541110723401415,0.28262300679777524,0.4008565288282456,0.31911762581414527,2018-02-25
61,0.42805733008069335,0.35288257471127016,0.2676270337647888,0.3752546600960012,0.486746827062228,0.44335380742417885,0.4561810484572953,0.3008127439082312,0.39905942096341407,0.339843613981025,2018-03-04
62,0.43511737713109455,0.3781630987255051,0.29606965647065436,0.3808081646604731,0.49068638550173926,0.4530669788773337,0.46304411219579783,0.3258325305225198,0.40102936625842345,0.3686192390458177,2018-03-11
63,0.45325343488001446,0.40997662669691015,0.3311916376750371,0.39546356385770776,0.5012021216976228,0.4698164645894036,0.4768815063145684,0.3580816625103846,0.40915602244485805,0.40568910448321366,2018-03-18
64,0.48224188633273657,0.447821694315288,0.3724168701404743,0.4192783321835911,0.5190549439912588,0.4935182721301937,0.49823755204013054,0.3970297473072048,0.4247155518865777,0.4498617297293507,2018-03-25
65,0.5203626220476111,0.490748405453476,0.41877060462284954,0.45144503143350767,0.5440259205224722,0.5234211735335406,0.5267169905735445,0.4416127585329651,0.44834497940464924,0.49912133332945174,2018-04-01
66,0.5658777428488765,0.5378015331971047,0.46927335297320344,0.49114594164899616,0.5758844714627378,0.5587660089905246,0.5619133937452099,0.4907603261714306,0.4806737319956596,0.551442334852669,2018-04-08
67,0.6170429472958404,0.5880214555301152,0.5229413199390955,0.5375560423144286,0.6143897774980656,0.5987886220085902,0.603410771479847,0.5433980244530809,0.5223175164789288,0.6047998135342535,2018-04-15
68,0.6714166502325106,0.6399698709584851,0.5783216148542222,0.5890551943616683,0.6581858160942702,0.6421806571019257,0.6497517270766527,0.5980097072563517,0.5723977472191077,0.657240694188007,2018-04-22
69,0.7252427866641674,0.6913060984987677,0.6330770348986575,0.6425243461798961,0.7038142466551397,0.6866078656092526,0.6975156629409376,0.652246522224933,0.6272188829260289,0.7069473408505851,2018-04-29
70,0.7746196697090225,0.7395894889517773,0.6847724105885723,0.6946783922816294,0.7475838276951601,0.7296223474493604,0.7430644923918814,0.7036673673919039,0.6827733117960364,0.7521171219083729,2018-05-06
71,0.8156456124852879,0.7823793931183287,0.7309725724401371,0.7422322271793862,0.785803317728817,0.7687762025410395,0.7827601287486649,0.7498311407903441,0.7350534220254746,0.7909474057477563,2018-05-13
72,0.8449642600715499,0.8174929702796093,0.7694837158525186,0.7822104682591128,0.8152215183080558,0.8018586130139387,0.8133983131546231,0.7885389485480166,0.7803830144412345,0.8218642708402244,2018-05-20
73,0.8631028752970205,0.8445833799210681,0.7998309322590268,0.8138434449068315,0.8357210266826613,0.8283471576979777,0.8348643203968689,0.8193167978148301,0.8174460669151913,0.8449225697082943,2018-05-27
74,0.8722735686987511,0.8641003019208333,0.8222850296462231,0.8373184006659585,0.8485439890687128,0.8484519003103742,0.8483837718188089,0.8424390174654413,0.8459504837557743,0.8608837733942956,2018-06-03
75,0.8746952730527515,0.87649664140548,0.8371198355356081,0.8528264537903747,0.8549380567305376,0.8623858705259879,0.8551877160582281,0.8581829664582354,0.8656083153261536,0.8705122141608163,2018-06-10
76,0.8725770894091804,0.88223594054269,0.8446215363091956,0.8605727201051052,0.8561510897400548,0.870370607762788,0.8565069948277669,0.8668372645330846,0.8761519215626685,0.8745771233379851,2018-06-17
77,0.8676448169737887,0.8823046305293243,0.8456838475021595,0.8614503993030092,0.8534412126024508,0.8730459680804438,0.8535622779429042,0.8692440818994833,0.8783120277263434,0.8740885575610637,2018-06-24
78,0.8609307416853738,0.8784394614014456,0.8420722577096211,0.8573400560055932,0.8480812787562506,0.8716520703850485,0.8475596390703277,0.8670399051947494,0.8742519619245328,0.8704021453807946,2018-07-01
79,0.853413549115698,0.8724351739605299,0.8356196332658328,0.8501985664567876,0.841345280012193,0.8674754267959461,0.8397040237671858,0.8619226123144547,0.8662457755081661,0.8649002239667601,2018-07-08
80,0.8460719248365238,0.8660865090080532,0.8281588405050468,0.8419828069005226,0.8345072081810169,0.8618025494324806,0.8312003775906264,0.8555900811541706,0.8565675198281723,0.8589651304885418,2018-07-15
81,0.8397501896572908,0.8608989566901961,0.8213250979465471,0.8343963534587523,0.8286513380717425,0.8556693813992039,0.8231085865655385,0.8495763368738228,0.8472190188872738,0.8537747836510186,2018-07-22
82,0.8345942171724281,0.8568744409566262,0.8157262225533506,0.8278260920610172,0.8238757684365146,0.8488093722932601,0.8157344965609997,0.8445636747236083,0.8387870200719874,0.8494445057989758,2018-07-29
83,0.8305236473364888,0.8535278664860879,0.8116372462351538,0.822232420266058,0.8199591663022001,0.8405340817811536,0.8091397127283982,0.8409585066034453,0.8313999141074981,0.8457454342950033,2018-08-05
84,0.8274580040346916,0.850373888091734,0.8093330301660385,0.8175755168224464,0.8166800348109867,0.8301548530784528,0.8033857149112442,0.8391671028710989,0.8251858565587723,0.8424485299173348,2018-08-12
85,0.8252804519214857,0.8469097392885483,0.809053109773302,0.8137908708130076,0.8137884456860865,0.8170007397264833,0.7985101909896172,0.8395613778108904,0.820233555052005,0.8392984281417949,2018-08-19
86,0.8228763750505403,0.8421545732530334,0.8100676010519834,0.8101364303220446,0.8102542473702437,0.8008868071843149,0.7938979228534833,0.8415704363331641,0.8155491753880304,0.8353173378279943,2018-08-26
87,0.8180344286812665,0.8346020524147567,0.810581064899899,0.8051254118548048,0.8041896916191433,0.7821623297983477,0.7882160388337585,0.8435870771832319,0.8089489877233536,0.8287333994089561,2018-09-02
88,0.8084870637238253,0.8227189092406336,0.8087434554322745,0.7972328664612417,0.7936630807052744,0.761203958658469,0.7800948894804847,0.8439509912515433,0.7981882833191372,0.8177340594839949,2018-09-09
89,0.7919667337758358,0.8049718782884483,0.8027047282914807,0.7849338465704399,0.7767427192933979,0.738388344944941,0.7681648269590886,0.8410018706341286,0.781022355952805,0.8005067668375652,2018-09-16
90,0.7671276798103858,0.7805448536236823,0.7911386436936301,0.7671764410336603,0.7523174520223797,0.7141231378922426,0.7516102738785987,0.833492916945068,0.7560695668875943,0.7759884641800285,2018-09-23
91,0.7361544549356868,0.7513683463519548,0.7747250575037133,0.7447203996838709,0.7224186727837972,0.6889347047927036,0.7317376623947331,0.8217610133592992,0.7252537008495588,0.7459865474002689,2018-09-30
92,0.7020766350825004,0.7200303035207747,0.7546240087950705,0.7187591152778572,0.6898299825653389,0.6633778295387998,0.7103613532621519,0.806522116349348,0.6912897355690417,0.7129954900035594,2018-10-07
93,0.6679237961815881,0.6891186721776507,0.7319955366410411,0.6904859805724044,0.6573349823546927,0.6380072960230068,0.6892957072355146,0.7884921823877398,0.6568926487763862,0.6795097654951732,2018-10-14
94,0.6366335337845356,0.6611428878813115,0.7079964424785467,0.6610883855064673,0.6276392539827227,0.6133728219183086,0.6702808825739935,0.7683962255470315,0.6247097039299815,0.6479573667386602,2018-10-21
95,0.609558048359346,0.6372591440161025,0.6837277230945821,0.63165025406287,0.602103623053337,0.589936802367097,0.6537780661671089,0.7471153787882642,0.5962210256396244,0.6196204108848884,2018-10-28
96,0.5867124546344974,0.617482340649498,0.6602433109182491,0.6031682494173987,0.580954778706403,0.5680879866984259,0.6391697898755282,0.7256624421513189,0.5719224004616765,0.594814609870932,2018-11-04
97,0.5680700009847225,0.6017916420780203,0.6385956647161912,0.5766363024664427,0.5643838984036698,0.548212818269799,0.6258048110967929,0.7050543383888803,0.5522787937090051,0.5738254158970765,2018-11-11
98,0.5536033351314306,0.5901657833025992,0.619836766119012,0.5530479644715357,0.552581594252351,0.5306975998716473,0.6130318865570258,0.6863075212747721,0.5377546302939188,0.5569379377435183,2018-11-18
99,0.5427519252526216,0.5822024282154594,0.6045950593087309,0.5330597977328785,0.5452366323510005,0.5158038576796815,0.6001991769865642,0.6700221479851791,0.5283346399166338,0.5441324418475098,2018-11-25
100,0.533442958696126,0.5764183917907648,0.592297690382567,0.5163725477859409,0.5406143706648799,0.5034392084129803,0.5866531526664163,0.6556176151587592,0.5226429714326245,0.5345245567637045,2018-12-02
101,0.523337339817063,0.5711401727076969,0.582160280406953,0.5025186595810643,0.5367295329053337,0.49344895227679764,0.5717399862226188,0.64230541066264,0.5190642020966838,0.5270776652744118,2018-12-09
102,0.5100959729705514,0.5646942696454375,0.5733984504483215,0.49103057806859035,0.5315968427837061,0.4856783894763873,0.5548058502812092,0.6292970223639501,0.5159829091636042,0.5207551501619412,2018-12-16
103,0.4916230274568052,0.5555420230701583,0.5652574490296561,0.4814366833975139,0.5233742578156801,0.4799423984008547,0.5352670763229735,0.6158467460009123,0.5118683592691289,0.5145646887085702,2018-12-23
104,0.46865062756276277,0.543712309221794,0.557326943856344,0.47321810240117823,0.5118848284923732,0.47570220382657646,0.513355592515153,0.6017065188132288,0.5061743331025469,0.5080288817587034,2018-12-30
105,0.44373538466357243,0.5302453177427067,0.5494188085579036,0.46582547590282897,0.4980258588374412,0.4721908669088146,0.48982951843560485,0.5869493370738144,0.49898978171027397,0.5010025389065051,2019-01-06
106,0.4194643182525195,0.5161980934986317,0.5413486201959227,0.45870893662554346,0.48271255710008243,0.4686376460758126,0.4654557435190305,0.5716535480394704,0.4904142423113447,0.49334600655863525,2019-01-13
107,0.39841873151011875,0.5026252332548059,0.5329317839615574,0.45132002920236514,0.4668594573814412,0.4642740738273424,0.44100214385135844,0.5558979968796811,0.4805478635669372,0.4849197287877176,2019-01-20
108,0.3821989168845161,0.4901612005612325,0.523954209330036,0.44335260460710746,0.45126539919021647,0.4587219497226611,0.41740592065557897,0.5398469785468396,0.4695957273931708,0.4756009107083732,2019-01-27
109,0.37032017603880785,0.4785475289995137,0.5141391170680143,0.4350154995023179,0.4364833305772789,0.4524325272667228,0.3959641502700121,0.5238463986567834,0.4579859355594433,0.46530238050942496,2019-02-03
110,0.36203111034748353,0.4674115335743709,0.5032017091553084,0.4265834246219299,0.4230347465418887,0.4459631590457288,0.3780199422326486,0.5082653934394615,0.44617511727981074,0.45394152308289065,2019-02-10
111,0.3565803211850333,0.45638052929052564,0.4908571875717338,0.41833109069987684,0.41144114208330645,0.43987119764588045,0.36491640608148,0.49347309912482296,0.43461990176832965,0.44143572332078784,2019-02-17
112,0.35337430612422616,0.4453149335331975,0.47706460245656024,0.4106852008808583,0.4023250969096976,0.4348427212559849,0.35787332894399687,0.47995115550337175,0.4239283071108859,0.4279664507311613,2019-02-24
113,0.3531138328172119,0.43598589643354513,0.4637818195008726,0.40531833523182814,0.3971377788500605,0.4326189677059211,0.3570996280992268,0.46910339044763455,0.4159492811262913,0.41587986796016685,2019-03-03
114,0.35713362198784154,0.4311004739377378,0.45394575450208563,0.4045133231907232,0.3977362107344059,0.4354580079860107,0.36230908147643387,0.46278533350863527,0.4131395977961394,0.4085824371123638,2019-03-10
115,0.366772738501963,0.4333721352549104,0.4505000321653771,0.4105571759086695,0.40598019650042166,0.4456214546683389,0.37321207407922263,0.46285560950788274,0.4179601962102607,0.40948788595851393,2019-03-17
116,0.3833638963844804,0.445491713687872,0.4563658638191472,0.42571715983108616,0.42370994003320833,0.4653471677853921,0.3895226538986454,0.47115801611596897,0.43284990004273693,0.42197982004392365,2019-03-24
117,0.40781575682938576,0.4686386174789895,0.47296789428088415,0.4509421650774238,0.4514569275442837,0.4952870234429651,0.4111994507394912,0.48854632537128917,0.4587708616515833,0.44743054986018727,2019-03-31
118,0.4403537025944524,0.5015568881510178,0.49931934330324784,0.48505677543384496,0.48764390194651963,0.5335373939551034,0.4385951902998795,0.5142790760854518,0.4943058655564233,0.4839715761721511,2019-04-07
119,0.48114119275607414,0.5427698565108541,0.5342148896906249,0.5266930545343123,0.5305024964364332,0.5779630532212422,0.4720983141255811,0.5474702353862158,0.537822060588558,0.529440693901927,2019-04-14
120,0.5303416863906443,0.5908008533653948,0.5764492122474018,0.5744830660127883,0.5782643442105415,0.6264287751408174,0.5120972637623671,0.5872337704013401,0.5876865955792883,0.5816756979716271,2019-04-21
121,0.5875824073833869,0.6439359565544174,0.6245707418558067,0.6268488542999099,0.6290635891797494,0.6767484053022893,0.5586199997291468,0.6324593201737839,0.642070168810674,0.6383618819988927,2019-04-28
122,0.6493062139661634,0.6990523468290836,0.6756655968933217,0.6809652910397654,0.6804554473185142,0.7264333578854314,0.609553811026939,0.6807043794559333,0.6979768815344265,0.6962789296674311,2019-05-05
123,0.710785094830916,0.7525091630868499,0.7262822133993957,0.7335486709459813,0.7297822667461595,0.7728838451030027,0.6619988763346096,0.7290366226270133,0.7519818852279891,0.7518735380626389,2019-05-12
124,0.767289228875817,0.8006647434964091,0.7729681963267407,0.7813145799173732,0.7743860665556698,0.8134999072847131,0.7130541577075595,0.774522966958963,0.8006596683482019,0.8015918895780096,2019-05-19
125,0.8141635088302358,0.8399382368782495,0.8123240034384525,0.8210315321995952,0.8116508328390032,0.845731341700211,0.7598442968086965,0.8142671114034064,0.8406408101588247,0.8419405422753337,2019-05-26
126,0.8493372416141993,0.8688522835874979,0.8427783156121904,0.8512988780223013,0.8404122254404727,0.8687490799740725,0.8003822144989008,0.8466450641137531,0.8704961180587221,0.8715144993063627,2019-06-02
127,0.8739227198099219,0.8885202013635364,0.8650114682715342,0.872970840192441,0.8612937974749906,0.8838438168842543,0.8337748435669333,0.8715998196660211,0.8911860002923708,0.8914809098827345,2019-06-09
128,0.8892282950916927,0.9002148832343987,0.8798424896878466,0.8870405325825131,0.8750292290792544,0.8924368160781254,0.859196503528378,0.8891708926862426,0.9038180548882855,0.9031653570498224,2019-06-16
129,0.8965623191338011,0.9052092222281185,0.8880904081324899,0.8945010690650166,0.8823522003899618,0.895949341203055,0.8758215138988189,0.8993977978004504,0.9094998798749812,0.9078934238529993,2019-06-23
130,0.8973688686331923,0.9048644262669849,0.8907241946252271,0.8964595769783813,0.8841588307195631,0.8957781046849658,0.883371930020699,0.9026677227560469,0.9094810082381339,0.9070833510999585,2019-06-30
131,0.8936842675467243,0.9009270725523548,0.8893671076572585,0.8945206907637765,0.8820540560368625,0.8932126876828662,0.8839598974075017,0.9008849554596252,0.9056303177814948,0.902557699338185,2019-07-07
132,0.8877063395349514,0.8952488245031092,0.8858208231476423,0.8904247099048594,0.8778360992833939,0.8895134577670594,0.880349314447833,0.8963674813437468,0.8999855752364223,0.8962492829273723,2019-07-14
133,0.881632911868581,0.8896813478872181,0.8818870210037661,0.8859119369179338,0.8733031877214141,0.8859407818548093,0.8753040940995331,0.891433295088736,0.894584551109605,0.8900909186918189,2019-07-21
134,0.8775723868556222,0.8860022944333359,0.8792977552204793,0.882653521369771,0.8701755914421205,0.8836977115577537,0.8714831153417498,0.8883107421978942,0.8913834005076569,0.8859424156586166,2019-07-28
135,0.875772061518504,0.884448941509052,0.8783360307806855,0.8808814070840782,0.868551142028145,0.8827944568577465,0.869359298255649,0.887362396558038,0.8906397052542667,0.8841441503253715,2019-08-04
136,0.8747207489488364,0.8838031283708693,0.8779157042251161,0.8794676899533738,0.8669946938210367,0.8821141594002954,0.8673401378089904,0.8871879390957714,0.8910061332295218,0.8836008481774842,2019-08-11
137,0.8728383822467078,0.8827896846188507,0.8768970024130271,0.8772312004906471,0.8640110542904236,0.8804958134514,0.863752226061178,0.8863179980440536,0.8910724876737521,0.883161000106558,2019-08-18
138,0.8685449320133382,0.8801334682425309,0.8741401817462271,0.8729908044204275,0.8581050870787801,0.8767784698031386,0.856922244955056,0.8832832363620824,0.8894285911695771,0.8816731144303813,2019-08-25
139,0.860381789714731,0.8746512564379849,0.8686011512673044,0.865679375110165,0.8479635318196349,0.8699841989312523,0.8454679003182992,0.8767267533462294,0.8847268926088498,0.8780421218293498,2019-09-01
140,0.8472815769251884,0.8654559992311668,0.8595440223453434,0.854597129897115,0.8328591506872406,0.8597247789435934,0.8289446058937957,0.8656539293592026,0.8758216290833977,0.8713547514504814,2019-09-08
141,0.8282555607927308,0.8517201836868007,0.8462948615729006,0.8391181300703263,0.8121825088519626,0.845730531725883,0.807096274661605,0.849142970964212,0.8616076014055283,0.8607342777996633,2019-09-15
142,0.802315008465379,0.8326162968696107,0.8281797355425322,0.8186164369188482,0.7853241714841673,0.8277317791638421,0.7796668196017866,0.826272084724468,0.8409796103875494,0.8453039753827837,2019-09-22
143,0.7686544103043749,0.8074313214532075,0.80463276150256,0.7925572095297269,0.7518299512918821,0.8055189710350177,0.7465235997073636,0.7962749680615981,0.8129796108095206,0.8242811739718988,2019-09-29
144,0.728973008585254,0.7770174516938114,0.7765651625882218,0.7616509589293738,0.7133679715807489,0.7797045351267607,0.7092215420029822,0.7605109553098778,0.7786612249468065,0.7981689853305739,2019-10-06
145,0.6867838440874954,0.7433603188202589,0.7459577977867389,0.727510009003036,0.6731432119673623,0.7514961288281833,0.6705376140489558,0.7218786458422005,0.7405348099604071,0.7684016112194649,2019-10-13
146,0.6456404613348462,0.7084708647236148,0.7148154120114237,0.6917668219243822,0.6343949714455033,0.7221147015382424,0.6332760726647061,0.6833110121976913,0.7011432532053588,0.7364340454723559,2019-10-20
147,0.609092806717971,0.6743593528781437,0.6851412105049682,0.6560533392070974,0.6003593646122074,0.6927804345448997,0.6002384131605873,0.6477389314522819,0.6630276574822186,0.7037210932075164,2019-10-27
148,0.5795986245743013,0.6428301154585133,0.6584710363046479,0.6218434576535851,0.5733058923837201,0.6644803514438091,0.5733878833995553,0.6174572093778562,0.6281874296562815,0.6716602755385152,2019-11-03
149,0.5569928451069511,0.6151929611932175,0.6352184087947242,0.5902315454786812,0.5531828294737736,0.6376415709219138,0.552674763729453,0.5932331900447271,0.5973211479125585,0.6415115517635454,2019-11-10
150,0.5407247798500102,0.5926849916102598,0.6156318379721657,0.5622561707904281,0.5395971728261646,0.6126088917705711,0.5377533783936452,0.5756096428037728,0.5709361363865434,0.6145146561852657,2019-11-17
151,0.5302437403375688,0.5765433082376432,0.5999598338339404,0.5389559016968686,0.5321559193846893,0.5897271127811388,0.5282780516354963,0.5651293370058712,0.5495397192137302,0.5919093231063352,2019-11-24
152,0.5249216420490143,0.5677599496113656,0.5883510608719318,0.5212148327365104,0.5303564351847615,0.569300135630443,0.5238241880130055,0.562098782603763,0.5335167922746704,0.5747690364368231,2019-12-01
153,0.5233965874173712,0.5650034453830863,0.5800075211863385,0.508452452518291,0.5326566457998089,0.5512441053284226,0.5232189330810673,0.5645844499338905,0.5220914758643194,0.5625910148945503,2019-12-08
154,0.5239017204273958,0.5656600850521504,0.5736087964392504,0.4992799994469542,0.536940856316898,0.5352611814034193,0.5248765018718754,0.5694166321189342,0.5138473103884358,0.554002607263196,2019-12-15
155,0.5246659381875309,0.5671027110214051,0.5678289895702029,0.49230023565353637,0.5410873561558907,0.5210512792773059,0.5272067789366479,0.5734126582558797,0.507361118369573,0.547622039834897,2019-12-22
156,0.5239243146109082,0.5667141470724142,0.5613483302328943,0.48612025392854596,0.5429828844140511,0.5083140909319699,0.5286246733800032,0.5734061330800924,0.501214375619283,0.5420704474306166,2019-12-29
157,0.5205009092691179,0.5628289856133454,0.5534312573862722,0.47976009460566926,0.5413198943174882,0.4967280023579568,0.528024207706162,0.5677826154635639,0.4944322696452177,0.5362463059646987,2020-01-05
158,0.514287064962799,0.555506490406448,0.5444008381320764,0.472988087863991,0.5362508494758793,0.48593279159855485,0.5251675914267253,0.5577399137761894,0.4868440245983304,0.5295506528204115,2020-01-12
159,0.5052866920076926,0.544987828164765,0.5346917942258516,0.46565148682093127,0.5280822023712346,0.4755641646751487,0.5199086026748226,0.5447724473803446,0.47836366724290524,0.5214375310820437,2020-01-19
160,0.4935037007195399,0.53151416560134,0.5247388474231429,0.45759754459391033,0.5171204054855649,0.46525782760912326,0.5121010195835839,0.5303746356384056,0.4689052243432262,0.511360983833884,2020-01-26
161,0.479111803904989,0.5155992335330174,0.5151023711677813,0.4488975083792808,0.5039030157238726,0.4548792736194401,0.501880474401353,0.5160875991315403,0.4586052940264215,0.4990937551986595,2020-02-02
162,0.46343963867536764,0.49961062785472027,0.5071973682317681,0.44114613780528666,0.4905394639584147,0.44585691068542677,0.49129965115996455,0.5037701002632066,0.4491143101419411,0.4865762581787049,2020-02-09
163,0.44829678003249107,0.48668793787798487,0.5027947293224209,0.43657261923459695,0.47979374668697133,0.44026998158555475,0.48320953975162156,0.49541317503031174,0.44271310366213523,0.4766515745434847,2020-02-16
164,0.43549438737231605,0.4799732961571878,0.503666517578614,0.43740822907522975,0.47443201679791436,0.44019987319811216,0.48046375999466373,0.4930082951897873,0.4416845823296154,0.47216575980010156,2020-02-23
165,0.4268510108475252,0.4825734536775377,0.5115637974244732,0.4458619830600341,0.47719231950172786,0.4477071852130219,0.48588515570055624,0.49852363963893626,0.44828983682518075,0.47593251390881963,2020-03-01
166,0.4245161661482833,0.49601073908544235,0.5272972896668949,0.4631460414447319,0.48955400985510755,0.4639216460677118,0.5009183900647651,0.512884309537218,0.46381296780586245,0.4893166228218346,2020-03-08
167,0.4310964134279486,0.519619484467861,0.5503791544015237,0.4890959641299447,0.5112582638582829,0.488687504281868,0.5251049377374674,0.5355749753926474,0.48818890862760544,0.5116820051803002,2020-03-15
168,0.4492317457537949,0.5525739694299673,0.5802265616913707,0.5234466123646856,0.5419191092897125,0.5217549752057777,0.5578470546627301,0.5659749398598914,0.5212539007293362,0.5422462156937302,2020-03-22
169,0.48156215619309617,0.5940484735769351,0.6162566815994467,0.5659328473979677,0.5811505739278551,0.5628742741897279,0.5985469967846209,0.603463505593617,0.5628441855499812,0.5802268090716388,2020-03-29
170,0.5295557768335035,0.6427529574911363,0.6575745224032061,0.615785648500674,0.6280637978691448,0.6113361967607368,0.6461489774842162,0.6470655956560494,0.6122519221223275,0.6244622261580782,2020-04-05
171,0.5888512025581246,0.69508758130483,0.7017322130075652,0.669729384697859,0.6792682571875385,0.664146109543572,0.6973186325564705,0.6940432371220997,0.6660626782673391,0.6719049687463958,2020-04-12
172,0.6532777926272157,0.7467356432263533,0.7457999358815208,0.7237104818622767,0.7305970198979886,0.717600081110966,0.7480144260958078,0.7411113305782938,0.7200220132315235,0.7189222249089107,2020-04-19
173,0.7166643475141735,0.7933802200594806,0.7868477246437312,0.7736751255970304,0.7778829142199145,0.7679939609672084,0.7941946037849379,0.7849846076297999,0.76987522682268,0.7618810019423639,2020-04-26
174,0.7729520215875907,0.8308117727414878,0.8220045840363914,0.8156574660611249,0.8170548417707529,0.8116946916737434,0.8319126763133627,0.8224434669742088,0.8114635471374404,0.7972342597504807,2020-05-03
175,0.8189503278627565,0.8575622444458635,0.8499050325340604,0.8479373601074289,0.8464944269813426,0.8468841985734615,0.8596542392171622,0.8519447669638991,0.8430772204952326,0.8236293005249833,2020-05-10
176,0.8545045292670008,0.8750650476121615,0.8707769608996132,0.8711714259140442,0.86717915274451,0.8736653082973391,0.8784789041400526,0.8737196601997821,0.8655984308948953,0.842035825860278,2020-05-17
177,0.8796057546411766,0.8848930084911242,0.8849248204530039,0.8861304835768773,0.8802112313533631,0.8922331456001413,0.8895699626143575,0.8880845530286037,0.8800339033443604,0.8535351272116798,2020-05-24
178,0.8942451454137765,0.8886189534235904,0.8926530689556883,0.8935853582436776,0.8866928776761959,0.9027828437711055,0.8941107082604391,0.8953558590442529,0.8873903665040053,0.8592084982852405,2020-05-31
179,0.8989769495383881,0.8878197392216991,0.8945543239679512,0.894532868632935,0.8878415072041406,0.9058913246594897,0.89337784284202,0.8961741918699204,0.8888379407253578,0.8602379192444196,2020-06-07
180,0.8964204236893121,0.8840870031307961,0.8922779347181046,0.8907985908538052,0.8852969959756527,0.903535594593733,0.8889906118903483,0.8923690625361766,0.8861459318640748,0.858174604852771,2020-06-14
181,0.8896680616064689,0.8790157696210701,0.8877154211278373,0.8843980269521896,0.8807960351117343,0.8980135165959544,0.8826467615288311,0.886042441126548,0.8812209608325932,0.8546543871914027,2020-06-21
182,0.8818123570297793,0.8742010631627098,0.8827583031188383,0.8773466789739894,0.8760753157333875,0.8916229536882726,0.8760440378808761,0.8792962977245611,0.8759696485433501,0.8513130983414234,2020-06-28
183,0.8758161729340765,0.8711604527347834,0.8792228779766307,0.8715824135334892,0.87279058704956,0.8865652665725949,0.8708097096087455,0.874151069901066,0.8722162759539255,0.8497065918911304,2020-07-05
184,0.8725378391032923,0.8701540307306741,0.8777042164174775,0.8677826993562607,0.8712835202388864,0.8834751173685269,0.8674268559063247,0.8713035288970157,0.8704483490069774,0.850092284344342,2020-07-12
185,0.8711269168817484,0.870420885782715,0.877805818471949,0.8656016294649438,0.8708288253719078,0.8817150927048286,0.8654495352892093,0.8703756996586118,0.8700679837989818,0.8516733307086117,2020-07-19
186,0.8706835681648648,0.8711705899299123,0.8791025184694681,0.864663711717464,0.8706703673270852,0.8806110042870152,0.8644049488542465,0.8709585368749987,0.8704459184708048,0.8536224079374124,2020-07-26
187,0.8703074541603633,0.8716124096626102,0.8811686189466275,0.8645929007338136,0.8700516992347785,0.8794884561316213,0.8638199164734766,0.8726423818864709,0.8709525690456652,0.8551117889486938,2020-08-02
188,0.8687743096791106,0.8707579328040097,0.8832343721752067,0.8646552266812965,0.8680146847496115,0.8775386851767768,0.8629746196883337,0.874620762044249,0.8707499533588527,0.8550523506410009,2020-08-09
189,0.8639789002547014,0.8670811286497164,0.883594331095036,0.8631432873380551,0.8630526609677145,0.873587495752771,0.8604784679328474,0.87500800604035,0.8684333172789789,0.8516440619271999,2020-08-16
190,0.853667639510103,0.8589654335587008,0.880385480400095,0.8581857581315625,0.8535665951772327,0.8663991547140953,0.8548279151427172,0.8717367095743142,0.8625024644086015,0.842967177490981,2020-08-23
191,0.8355869410682828,0.8447942838899332,0.871744804784364,0.8479113144892911,0.8379574546663113,0.8547379289152414,0.8445194152536413,0.8627394683456815,0.8514571983502781,0.8271019520160352,2020-08-30
192,0.8077727026117546,0.8231546476369805,0.8559855219498924,0.8306189215343823,0.814833273163896,0.8374693198949756,0.8281690152341706,0.8461467220744094,0.8339490448486079,0.8023827759294091,2020-09-06
193,0.7714550475394085,0.7948793020526289,0.833365440286497,0.8064865553655429,0.7850868974253894,0.8145758731923674,0.8057123757878326,0.8222719614534164,0.8103036624781998,0.7699482248977436,2020-09-13
194,0.7298464835693305,0.7621948072512053,0.8053492102887702,0.7768583344346832,0.7510291633898392,0.786733388582936,0.7779041296658107,0.7927835113047849,0.7818857017212948,0.7326771939453864,2020-09-20
195,0.6861892076625099,0.7273485973811636,0.7734195567611388,0.7430958419624006,0.7149921435571863,0.7546280483867055,0.7455111749806604,0.7593699871677735,0.7500753735560584,0.69347464204586,2020-09-27
196,0.6437196834928747,0.6925845226329321,0.7390587863041748,0.7065612543469554,0.6793040422326903,0.718947651159997,0.7093013743391539,0.7237189738250681,0.7162528223385386,0.6552395917492875,2020-10-04
197,0.6048376997486229,0.6596234159473535,0.7036881758332767,0.6687033121001705,0.6457285670036081,0.6806158574465306,0.6701833417487832,0.6873676348033464,0.6817884700685124,0.6200047463531045,2020-10-11
198,0.5702349007007466,0.6291183252708348,0.6686044048780124,0.6311474838658621,0.6148769565369671,0.6410378604566878,0.6293530473869454,0.6515460356126587,0.6480328897137319,0.5880341434001392,2020-10-18
199,0.5403945432721208,0.6015920327004162,0.635088952544289,0.5955407984711611,0.5872198525223642,0.601677598618424,0.5880415178288503,0.6174467769324167,0.6163342327329097,0.5593760497041202,2020-10-25
200,0.5157998843856211,0.5775673203331375,0.6044232979380133,0.5635302847431988,0.5632278966493964,0.5639990103596948,0.5474797796497074,0.586262459442032,0.5880406505847586,0.5340787320787769,2020-11-01
201,0.49679864064091345,0.5574312140484905,0.5777432347361526,0.5365728419315161,0.5432624715808166,0.5293637730172132,0.5088824673196424,0.5590535235083378,0.564316733676753,0.5121185897135482,2020-11-08
202,0.48267891101830696,0.5405094343030101,0.5550456273012615,0.5146389876273809,0.5268308024329241,0.4983341143506965,0.4733360662609223,0.5358472158885288,0.5448920417220737,0.4929101801321964,2020-11-15
203,0.47223023293887023,0.5256283458641284,0.5357914614256584,0.49699988076320323,0.5130382239509854,0.4710961124406204,0.44186676638170774,0.5161846545631467,0.5288209369594212,0.47560370827339093,2020-11-22
204,0.46423923872415207,0.5116114037723922,0.519438600357317,0.48292260513469937,0.5009877290801373,0.4478336535573768,0.4155004062504586,0.499604124858571,0.5151538472771181,0.45934783870319573,2020-11-29
205,0.457501923373007,0.4972937843865156,0.5054487448914615,0.47167594146682873,0.48979234948688544,0.42872755209621316,0.39525371214250526,0.48564844862387524,0.5029487866090424,0.44330350756231285,2020-12-06
206,0.45137604252263475,0.4822139431552276,0.49351384865831716,0.4626304862391303,0.47916744011986717,0.4137743099436897,0.3815966727454063,0.47413263906975467,0.49171893162240976,0.42736794546972223,2020-12-13
207,0.4460900807996704,0.46700041811678145,0.483682757182362,0.4553146503507419,0.4697619570150239,0.4026847445979016,0.3741518334856747,0.4652936060174187,0.48168296122110915,0.4125796394857351,2020-12-20
208,0.441947424249195,0.4523755178547654,0.47603501636607415,0.4492704201347455,0.462305165979248,0.39514509855578606,0.3724688414447871,0.45940455146962655,0.47312024267347474,0.40007524926776655,2020-12-27
209,0.4392514589162897,0.439061550952768,0.470650172111932,0.44403978192422294,0.45752633281943167,0.39084161431428005,0.37609734370422016,0.4567386774291373,0.4663101432478405,0.39099143447323154,2021-01-03
210,0.4381460773788569,0.4276821469009618,0.46754191665795497,0.43923256779455017,0.4559415695022996,0.38944826748523004,0.38442242876838906,0.4573801134307481,0.46139823139590425,0.38626940485808786,2021-01-10
211,0.43786937304792306,0.41830051448900296,0.46634994451386946,0.43484392100615266,0.4568564395360354,0.39056936728917646,0.3958946200799471,0.4603392040637755,0.457770202085001,0.385740366357838,2021-01-17
212,0.4373400849020699,0.4107822769475312,0.46658209112326204,0.43100483263132805,0.45914970760844287,0.3937846609116422,0.40863494475852596,0.4642477133288451,0.45454384435563094,0.3888441747576906,2021-01-24
213,0.4354765921511974,0.4049928349172084,0.4677460433839105,0.4278464467817037,0.46169965759718684,0.3986738678677936,0.4207640587297303,0.4677369787366845,0.45083664543891755,0.39502024496740923,2021-01-31
214,0.43123864348029245,0.400814770545403,0.46937136350656333,0.42551575840273104,0.46341870510794947,0.40483525262340436,0.43044881208352137,0.46947677375243846,0.44580050053042997,0.4037208268559363,2021-02-07
215,0.42490720450019837,0.3986793917591818,0.47168624557231564,0.4246659905197131,0.4643093307441043,0.41245934973180076,0.4373313579369238,0.46936440091747855,0.43968619198624037,0.4148080803835328,2021-02-14
216,0.41832982010435604,0.3996686357815884,0.4757472580138381,0.4265506055332162,0.46566651538558745,0.42243895393591413,0.44280313002282434,0.4687526554950524,0.4340474629600514,0.428630199744672,2021-02-21
217,0.4134449239229727,0.40490218760590135,0.48265902932639837,0.4324578901257192,0.4688602273187893,0.4357076032351609,0.4483570506532021,0.4690787765402624,0.43051365090345295,0.4455635775391442,2021-02-28
218,0.4121909495862557,0.4154997322253992,0.49352618800526393,0.44367613097970104,0.4752604348301001,0.45319883562895724,0.4554860421400361,0.4717800031082111,0.4307140932680347,0.4659846063667403,2021-03-07
219,0.4164989520982981,0.4324752011724348,0.5093175968717931,0.46127030364708566,0.48619811974323224,0.4756882835505194,0.46574828857636486,0.4783285877999077,0.4362617662425104,0.49022159170297747,2021-03-14
220,0.42826916025043715,0.45640071220052003,0.5304349208050569,0.4853724408372273,0.5028413873552234,0.5032918860831519,0.48097462285415526,0.4903430618051877,0.4487012924003576,0.5184019420134525,2021-03-21
221,0.44939375391010095,0.48773302262248747,0.5571317256258623,0.5158709778376667,0.5263158148465308,0.535953332101579,0.5030670682335818,0.5094801506013377,0.46955944674317346,0.5506006102526266,2021-03-28
222,0.4817649129212509,0.5269288894148378,0.5896615767232354,0.5526543492257392,0.557746979273621,0.5736163099783318,0.5339276481823739,0.537396579776999,0.5003630042205208,0.5868925492220282,2021-04-04
223,0.5270872594924907,0.5743303179924404,0.6282001042602938,0.5955420922228226,0.59813053016336,0.6161616208097113,0.5752910149269979,0.5755991548803387,0.5424807126472326,0.6272906839472391,2021-04-11
224,0.5834055592194297,0.628040139337796,0.6714021698567609,0.6430093336063222,0.6459268103486757,0.6622429313589075,0.6256258659755641,0.6226692561602338,0.5941976988862633,0.6705975767535781,2021-04-18
225,0.6454349177587786,0.6841240310167412,0.7165390721596202,0.6923080840400677,0.6972895943937694,0.7093974875943462,0.6804296024882999,0.674526773962186,0.6509936768470207,0.71451462764752,2021-04-25
226,0.707769107606421,0.7385734365088487,0.7608316926345909,0.7406457837071663,0.7482886052708343,0.7551218529924477,0.7350913512718167,0.7269946136577312,0.708246130893756,0.7567031101640134,2021-05-02
227,0.7650025190506923,0.7873802915667683,0.801501198670989,0.7852301467594272,0.7949940025720346,0.7969128386686367,0.7850007714215264,0.7758961107971996,0.7613330419161533,0.7948245525544553,2021-05-09
228,0.8129336970934913,0.827496033705416,0.8363260584880851,0.8238028865946321,0.8343269727898928,0.8327499351112309,0.8265850194402605,0.817893073171754,0.8066001809381216,0.8270369572672821,2021-05-16
229,0.8510787528183512,0.8588343536838234,0.864805285546862,0.8557543232738815,0.8658360630905193,0.862102800512716,0.8594742996852222,0.8522359094622972,0.8433811607755031,0.8530310829777955,2021-05-23
230,0.879668969296383,0.881878809882413,0.8867688856116576,0.8807919298767428,0.8895752628335875,0.8847277661671218,0.8839150073357855,0.8786730140755292,0.8715843844982958,0.87279255448961,2021-05-30
231,0.8989356295986985,0.8971129606816066,0.9020468644468094,0.8986231794827836,0.9055985613787703,0.9003811633684775,0.9001535375713247,0.89695278141815,0.891118255176498,0.8863069966063403,2021-06-06
232,0.9091986827887055,0.9050837207743226,0.9105609835345874,0.9090516635455559,0.9140465477690383,0.9089198321033952,0.9085225084815483,0.9069371318297537,0.9019821512086277,0.8936346391389957,2021-06-13
233,0.911925291006632,0.9071577463159216,0.913420194132712,0.9131246099196935,0.9161802889955998,0.9115010532995742,0.9104701411928504,0.9099568513491785,0.9053525436286347,0.8958009956320965,2021-06-20
234,0.9093820966944905,0.9052729623611706,0.9125607871266774,0.9127559231263862,0.9140417009314459,0.9101883710166827,0.9082221084406277,0.9083663625272957,0.9032262065113068,0.8945042753535373,2021-06-27
235,0.9038520059838326,0.9013789151892775,0.9099358838289671,0.9098771383403911,0.9096885841233501,0.9070637652685776,0.9040198985239264,0.9045409115755401,0.8976166012143498,0.8914563721039948,2021-07-04
236,0.8976152500439796,0.8974225194734587,0.9074959164535505,0.9064170629944074,0.9051762884591354,0.9042062933704367,0.9001018282955078,0.9008525338514465,0.8905349584142939,0.8883669413124736,2021-07-11
237,0.8922914405601075,0.8947007778348807,0.906527206576244,0.9036308503172544,0.9019549391868791,0.9029732111584756,0.8979229814149269,0.8988802992555479,0.8834416107482719,0.8863928410925532,2021-07-18
238,0.8879774441389522,0.8930126287254981,0.9067852834937102,0.9012208630915896,0.9000796030321014,0.9030580033024834,0.8971330686775557,0.8983754717032333,0.8765270565564472,0.8854167173802407,2021-07-25
239,0.8845563057363814,0.8919466546038033,0.907810724875516,0.8986714235223332,0.8994094546300619,0.9039205301430635,0.897128293044976,0.8988326572498582,0.8698034858924873,0.8851422930894168,2021-08-01
240,0.8819110703082633,0.8910914379282884,0.9091441083912277,0.8954668538144055,0.8998036686160203,0.905020652020819,0.897304857478769,0.8997464619507781,0.8632830888100598,0.8852732911339615,2021-08-08
241,0.8798472445821186,0.889977228503944,0.9102591561189547,0.8910749415573305,0.901042513695522,0.9057291910011929,0.8969778860846187,0.9005308480495939,0.8568915461101276,0.8854367631003569,2021-08-15
242,0.8774704237546807,0.8876077268751268,0.9100261071793561,0.8848142219238568,0.9021940012626979,0.904613250560815,0.8947306313823459,0.899871833201326,0.849773648640683,0.8845676742678478,2021-08-22
243,0.8735149254281638,0.8827073183666476,0.9069950749473071,0.8759240571115235,0.9019483161298493,0.8998135907154645,0.8887581146511867,0.8960692869495495,0.8406599535493564,0.8812338633174612,2021-08-29
244,0.8667116582372826,0.8739978237087405,0.8997132334922171,0.8636430823736553,0.8989921740107999,0.889467056913969,0.8772517925392207,0.8874195333333944,0.8282772146052756,0.8739997980760175,2021-09-05
245,0.8557960493666602,0.8602088182481895,0.8867373193841722,0.8472156450212295,0.892016527350174,0.8717242279692178,0.858418930942026,0.8722321044909225,0.8113608923152666,0.8614386934455321,2021-09-12
246,0.8398836315025677,0.8407222043999002,0.8674284775079948,0.8263665970810644,0.8800687271538561,0.8458909487290497,0.8317966874401979,0.8499276127014084,0.78937886775642,0.8428595781339077,2021-09-19
247,0.8187521511537997,0.816056358529941,0.8425492802539292,0.8016579183332945,0.8628170363918315,0.813285750344761,0.7992391359769176,0.8218623765789568,0.7630750335958381,0.8188534040807534,2021-09-26
248,0.7922458051889204,0.7868436973646906,0.8130029273424835,0.7737355907919076,0.8399920239268297,0.7754291285362177,0.7628328432652431,0.7895869546915685,0.7333213248735571,0.7901397588068855,2021-10-03
249,0.7602087904764933,0.7537166376305275,0.7796926184941662,0.7432455964708911,0.8113242586215795,0.7338415790232858,0.7246643760182319,0.754651905607244,0.7009896766296133,0.7574382298331196,2021-10-10
250,0.7225999237837586,0.7173869135581823,0.7435086070717034,0.7107835318998589,0.7767730289695034,0.6900793533145925,0.6867070461074007,0.7185074579043861,0.6668955396912343,0.7215222659294512,2021-10-17
251,0.6801228790944683,0.6790817040454523,0.7052570145538037,0.6766175636239553,0.7377839575948948,0.6459310618511879,0.6501981790092284,0.6819518458947136,0.6314873023248225,0.68351533310202,2021-10-24
252,0.6337789807254226,0.6402341634085361,0.6657103427095954,0.6408850147974485,0.6963966169949463,0.6032781673847253,0.6160809947115898,0.6455227622635482,0.5950666719416353,0.6446807667770388,2021-10-31
253,0.5845703348986102,0.6022779870456687,0.6256410049917412,0.6037228648587937,0.6546521399287941,0.5640023765829411,0.5852979406092134,0.609757215272823,0.5579349706332813,0.6062822698072379,2021-11-07
254,0.5335135094693134,0.5666410039107268,0.5858314059649962,0.5652884629100872,0.6145720932520301,0.5299638872749108,0.5587688733875982,0.575199444879747,0.5204135442208664,0.5695792632412935,2021-11-14
255,0.48221726526549613,0.5345108164871012,0.5474730786964054,0.5265732804114853,0.5773768348317314,0.5021421265740633,0.5364885772330649,0.5426898235070612,0.4836436951413336,0.5356558314823132,2021-11-21
256,0.4330774608163511,0.5067557365684642,0.5123013386322646,0.4896774405985942,0.5432218166982722,0.48034586838182447,0.5172223005705145,0.5134623202489157,0.4498565495836886,0.5053630148463676,2021-11-28
257,0.3885443891116447,0.48422199429784485,0.48208910836781393,0.4567777393504113,0.5121888436401507,0.46430292603269896,0.49965025903181104,0.48877812473696025,0.42135860426332916,0.4795357366806325,2021-12-05
258,0.3510683431411428,0.46775581981827175,0.4586093104982932,0.4300509725459339,0.4843597204458647,0.45374111286119134,0.48245266824881805,0.469898426602844,0.40045635589565315,0.4590089203322837,2021-12-12
259,0.32275287663897156,0.4578382137850553,0.443211344228411,0.4112283483819729,0.4599249689803151,0.44820628603390056,0.4645587279505568,0.45775681591618994,0.38884156189895724,0.44445595168365526,2021-12-19
260,0.30405057333422486,0.45321116715279086,0.4352280375127992,0.39991944652342243,0.4395927583873175,0.44637793362146516,0.44608315484876737,0.45172704479412723,0.38527894987325334,0.43578106947032713,2021-12-26
261,0.2949231705299176,0.45209964955290627,0.43339267574140583,0.3951030697105903,0.4242251584364114,0.4466779653174965,0.42749312922039673,0.45071911320691976,0.3876630183284113,0.4326598389044589,2022-01-02
262,0.29533232472319393,0.4527285455019008,0.43643844560414424,0.39575791684177575,0.414684264233114,0.44752824841161937,0.40925588936690627,0.4536429447793714,0.3938881225123436,0.43476778755270135,2022-01-09
263,0.30515049282716106,0.45335442099814616,0.44309422222355455,0.40086424443072477,0.4117683974887445,0.44739982659476285,0.3918529657862734,0.4593989110400978,0.40185850097517034,0.4417708082187278,2022-01-16
264,0.3221270096283812,0.45298792240811736,0.45198625710359486,0.40943938324276785,0.4147579501420944,0.44593423674838445,0.3761060708168698,0.4666600252066794,0.40971363392005866,0.45310546776615235,2022-01-23
265,0.34184757078672434,0.45140816710082843,0.4616362196925271,0.4205384458082682,0.42138641666131504,0.4439658462712688,0.36318359056155136,0.4738676033505996,0.4158327324815233,0.4679746307338508,2022-01-30
266,0.3598005680702024,0.4484288323764781,0.47056107613993825,0.4332182437915778,0.4293177239317105,0.4423826669293365,0.35426950184996064,0.4794525415829292,0.41860578905252943,0.4855706515227316,2022-02-06
267,0.3714745227595281,0.4438636425597883,0.4772778535891994,0.44653561588580126,0.43621587259815275,0.4420727262471387,0.35054778033343614,0.4818458008188088,0.4164228720175196,0.5050858965995575,2022-02-13
268,0.3741478216562828,0.4381762008853164,0.48114651327871616,0.4599209381463618,0.44076422053215125,0.4441418360251328,0.3531861175025609,0.48037393421374897,0.4087242519729783,0.525879482540647,2022-02-20
269,0.37138449145526925,0.434112351769317,0.4844872277663088,0.4741163730834893,0.4452258987079961,0.45046062168624545,0.36329501822172844,0.4775086308278839,0.39863829386828875,0.5478961180400491,2022-02-27
270,0.3681276100861817,0.4349186567504705,0.4902696314219487,0.4901518853661678,0.45264942997763613,0.46306750655281403,0.38197244077474535,0.4764116134532911,0.3901025198998535,0.5712089890108133,2022-03-06
271,0.36932025547871505,0.44384167736745783,0.5014633586156072,0.5090574396633805,0.46608333719301964,0.4840009139471756,0.41031634344541784,0.48024460488204856,0.38705445226407653,0.5958912813659862,2022-03-13
272,0.37973121552885447,0.46393460104431566,0.5208803735342588,0.5318216882285816,0.48840831849945243,0.5151240224379591,0.44928021517099526,0.49202959018404246,0.3932882024360955,0.622006499084879,2022-03-20
273,0.40146055508425255,0.49528967736074225,0.5489183999034855,0.5588007090184703,0.519935345861316,0.5556166689054259,0.4976054351844172,0.5126488951956546,0.4104019818210659,0.649469896707833,2022-03-27
274,0.43452238915643415,0.5356848026648252,0.5840881224404716,0.5898561419282625,0.558966820174015,0.602561314048887,0.5523043348587919,0.5413124272419916,0.4382776238755227,0.6780808527973066,2022-04-03
275,0.4788753197083615,0.582836281793144,0.6248500063958071,0.6248364684523136,0.6037516885531162,0.6529846014316076,0.6103432306937406,0.5771855858424471,0.4767512843648299,0.7076356621269361,2022-04-10
276,0.5344748590324009,0.6344599632762696,0.6696637706764808,0.6635889030203703,0.6525381538868568,0.7039136836206458,0.6686888964139566,0.6194324893359878,0.5256566153221032,0.7379298902040512,2022-04-17
277,0.5997655500024293,0.6880485442108243,0.7166241430611195,0.7053410160531353,0.7032104628744311,0.7526246358886705,0.7245317066363548,0.6665907088669699,0.5836028460656372,0.7684024628704794,2022-04-24
278,0.6692506404522052,0.7405126413223408,0.762873788562356,0.7477040647424646,0.752703499041207,0.7970428370700207,0.77564528874041,0.7155634957051675,0.6460053549238394,0.7975620276132704,2022-05-01
279,0.7367988247581965,0.7886691556646923,0.8054020888903627,0.788029077817999,0.7977992972478252,0.8351982046889065,0.8198971745337582,0.7629909735655347,0.7077653061997585,0.8237674559346112,2022-05-08
280,0.796278797296871,0.8293349882917516,0.8411984257553121,0.8236670840093792,0.8352798923549264,0.8651206562695376,0.8551548958240351,0.8055132661630247,0.7637838641964435,0.8453776193366891,2022-05-15
281,0.8420316848464403,0.8596057763806957,0.867517892162183,0.8521585287752558,0.8622208828750054,0.8850725248074127,0.8795260720336637,0.8399998561606536,0.8093046129297291,0.8608993861680865,2022-05-22
282,0.8733507345876714,0.8794989186941662,0.884400814134146,0.8730293573936304,0.8787750536956457,0.8957523635762968,0.8936349636350872,0.8657244074799975,0.8431604407046251,0.8703909540254324,2022-05-29
283,0.8924851257306012,0.8907758201881739,0.8935500296727158,0.8869906645397407,0.8869319693112957,0.8993129113231451,0.8996080199170965,0.8833956453514558,0.8663266997908085,0.8748365124925197,2022-06-05
284,0.9017235990853151,0.8952212272470237,0.8966906275055105,0.8947694066901062,0.8887057773054143,0.8979263693209505,0.8995917951616159,0.8937415015774958,0.8798074167649594,0.8752326444437457,2022-06-12
285,0.9033545742140332,0.8946188865230972,0.8955464288946452,0.8970949264291832,0.8861091610344893,0.8937614711356409,0.8957302047436734,0.8974932624501243,0.8846109324807268,0.8725760897986423,2022-06-19
286,0.8996261656781723,0.8906271144313507,0.8916822339734143,0.8949959366807301,0.8809710962706669,0.8885518783799753,0.8898360765629538,0.8958030815055353,0.8822868736823615,0.8678832919673336,2022-06-26
287,0.8927074263437076,0.8846581852819709,0.8863509093729449,0.8900883908130652,0.874760200696678,0.8831778219367632,0.8830727822080632,0.8906486792621222,0.8754466455380336,0.8622093444366394,2022-07-03
288,0.8847582150974174,0.8780957614766828,0.8807690473931122,0.8840565316031884,0.8689031864332862,0.878420288366599,0.8765281688587248,0.884103780322403,0.8668251260137955,0.8566138352592898,2022-07-10
289,0.8779383908260796,0.8723235054172107,0.8761532403337908,0.8785846018280992,0.8648267656012547,0.8750602642300764,0.8712900836946618,0.8782421092888952,0.8591571930756994,0.8521563524880145,2022-07-17
290,0.8741001988998113,0.8685088396702288,0.8735654364820606,0.8751281534358011,0.8637111689626614,0.8737172035785798,0.8682748239819627,0.8748749370354025,0.8548347711274176,0.8497068743984124,2022-07-24
291,0.8728011497931463,0.8662060811733363,0.8729139709274858,0.8734367508374279,0.8648979259733927,0.873805560469745,0.867118959172982,0.8738556824651967,0.8536914200517778,0.8487209285070626,2022-07-31
292,0.8725618611548193,0.8642406532314679,0.8735859101588205,0.872489095438854,0.8668977353921392,0.8741953008588947,0.8668808043031526,0.8741530946810747,0.8544046839223096,0.8480149123607608,2022-08-07
293,0.8718978772061289,0.8614344127356899,0.874965770142378,0.871260116879554,0.8682172307944319,0.8737537265678866,0.8666158450587682,0.8747315941725701,0.8556464505265913,0.8464020962983182,2022-08-14
294,0.8693222138591417,0.8566082327595811,0.8764305754733954,0.868721672891576,0.8673640705205636,0.8713520199319338,0.8653746761640385,0.8745526636443499,0.8560884425277223,0.842696830811506,2022-08-21
295,0.8632108892075213,0.8485296776881373,0.876951426708495,0.8636791682231133,0.8629014403498647,0.8660716310245424,0.8619428728879219,0.8724186003214711,0.8543934352286139,0.8357719950709294,2022-08-28
296,0.8517356221075398,0.8358868148417233,0.8748940865055289,0.8546897831027318,0.8534753318580071,0.8573075735882061,0.854710797836627,0.8668943146408846,0.8492108611002667,0.8245877496695607,2022-09-04
297,0.8330514653145745,0.8173612264156651,0.8685749359258992,0.8402904483692222,0.8377384916618165,0.8444804409212242,0.8420365733877828,0.8565253517584369,0.8391890641466576,0.8081113753492769,2022-09-11
298,0.8053134715840031,0.7916344946052881,0.8563103560310078,0.819018094861376,0.814343666378119,0.8270108263218968,0.8222783219190187,0.8398572568299743,0.8229763883717638,0.785310152851955,2022-09-18
299,0.767393130303034,0.7579104468398667,0.8367919116357996,0.7899230723420164,0.7824862684083567,0.8044684368178301,0.7943054328363867,0.8158899970374494,0.799618044709171,0.7555513572854515,2022-09-25
300,0.7220541596600448,0.7182301439487245,0.8107494511191673,0.7548450127440824,0.7443098835198336,0.7772330786499728,0.7597648869820852,0.7860923057025033,0.7703153271639116,0.7203753374425802,2022-10-02
301,0.6733757570814198,0.6755935630587112,0.7796017134279831,0.7165662579415697,0.70295450880379,0.7459583520087862,0.7212424239539185,0.752767299418202,0.7369982336946637,0.6820568884864091,2022-10-09
302,0.6254381510841612,0.6330014329083854,0.7447679774709682,0.6778698887174183,0.6615609223522886,0.7112980716881738,0.6813245191616414,0.7182187487786308,0.7015973334282303,0.6428713812491161,2022-10-16
303,0.5822466118793556,0.5934005078255183,0.707655357401284,0.6414877383424439,0.6232133420001177,0.6739043134728092,0.6425544244944488,0.6847126550026102,0.6660117140558454,0.6050561738722106,2022-10-23
304,0.5455901036007724,0.5581416707639796,0.6693112897973957,0.6086363954300253,0.589323658007392,0.6343777355402392,0.6061973940248613,0.6533982852137341,0.6312096458480153,0.569724696250492,2022-10-30
305,0.5147274739273858,0.5267539712836993,0.6303726063310385,0.5788026579838148,0.5593946454818585,0.5932602981583719,0.5720597302219845,0.6241500522458918,0.5970967857039724,0.5367073112059791,2022-11-06
306,0.48877950494244665,0.4986670435551036,0.5914537324282011,0.5513789312886804,0.5328249012748382,0.5510907585165193,0.5398681222146468,0.5967728015750617,0.5635208049121084,0.5057643660404878,2022-11-13
307,0.4668669787292055,0.47331052174861915,0.5531690935148716,0.5257576206294904,0.509013022237652,0.5084078738039937,0.5093492591316762,0.571071378677222,0.5303293747608152,0.47665620805583375,2022-11-20
308,0.44667910126289695,0.4491290809599991,0.5154063805716257,0.500834986416562,0.4863796080691565,0.46564790228590214,0.47957566488716535,0.5461428181578701,0.49727944369260463,0.44838555942887026,2022-11-27
309,0.4264912237965884,0.4249476401713791,0.47764366762837973,0.4759123522036336,0.46374619390066096,0.42288793076781056,0.4498020706426546,0.5212142576385183,0.4642295126243941,0.4201149108019068,2022-12-04
310,0.4063033463302798,0.40076619938275904,0.4398809546851338,0.45098971799070514,0.44111277973216545,0.380127959249719,0.4200284763981438,0.4962856971191663,0.4311795815561835,0.3918442621749433,2022-12-11
311,0.38611546886397125,0.376584758594139,0.4021182417418878,0.42606708377777675,0.41847936556366994,0.33736798773162746,0.390254882153633,0.47135713659981443,0.39812965048797294,0.3635736135479798,2022-12-18
312,0.36592759139766273,0.352403317805519,0.36435552879864186,0.40114444956484835,0.3958459513951744,0.29460801621353594,0.36048128790912226,0.44642857608046255,0.3650797194197624,0.3353029649210163,2022-12-25
